user_id,problem_id,language,submission_id_v0,submission_id_v1,cpu_time_v0,cpu_time_v1,memory_v0,memory_v1,status_v0,status_v1,improvement_frac,input,target,code_v0_loc,code_v1_loc,code_v0_num_chars,code_v1_num_chars,code_v0_no_empty_lines,code_v1_no_empty_lines,code_same,relative_loc_diff_percent,diff,diff_only_import_comment,measured_runtime_v0,measured_runtime_v1,runtime_lift,key,Public_IO_unit_tests__Dedup,Hide_IO_unit_tests__Dedup,input__Public_IO_pass_rate_(%),input__Public_time(ms),target__Public_IO_pass_rate_(%),target__Public_time(ms),input__IO_pass_rate_(%),input__time(ms),target__IO_pass_rate_(%),target__time(ms),Slow_Code,Slow_Code_Uni,Fast_Code,Slow_Code_Graph,Slow_Code_Uni_Graph,Max_Sim_idx__0,Max_Sim_Code__0,Max_Sim_Graph__0,Max_Sim_Top5__0,Max_Sim_idx__1,Max_Sim_Code__1,Max_Sim_Graph__1,Max_Sim_Top5__1,Max_Sim_idx__2,Max_Sim_Code__2,Max_Sim_Graph__2,Max_Sim_Top5__2,Max_Sim_idx__3,Max_Sim_Code__3,Max_Sim_Graph__3,Max_Sim_Top5__3,4_Example_Prompt
u732870425,p03371,python,s504204235,s825991485,104,26,9176,9180,Accepted,Accepted,75.0,"A, B, C, X, Y = list(map(int, input().split()))



ans = 5000 * 2 * 10 ** 5

for i in range(10 ** 5 + 1):

    s = i * 2 * C + max(0, X - i) * A + max(0, Y - i) * B

    ans = min(ans, s)



print(ans)","A, B, C, X, Y = list(map(int, input().split()))



if X > Y:

    v = A

else:

    v = B



ans = min(A*X+B*Y, C*max(X, Y)*2, C*min(X,Y)*2+(max(X,Y)-min(X,Y))*v)



print(ans)",8,10,195,170,"A, B, C, X, Y = list(map(int, input().split()))
ans = 5000 * 2 * 10**5
for i in range(10**5 + 1):
    s = i * 2 * C + max(0, X - i) * A + max(0, Y - i) * B
    ans = min(ans, s)
print(ans)
","A, B, C, X, Y = list(map(int, input().split()))
if X > Y:
    v = A
else:
    v = B
ans = min(
    A * X + B * Y, C * max(X, Y) * 2, C * min(X, Y) * 2 + (max(X, Y) - min(X, Y)) * v
)
print(ans)
",False,20.0,"['-ans = 5000 * 2 * 10**5', '-for i in range(10**5 + 1):', '-    s = i * 2 * C + max(0, X - i) * A + max(0, Y - i) * B', '-    ans = min(ans, s)', '+if X > Y:', '+    v = A', '+else:', '+    v = B', '+ans = min(', '+    A * X + B * Y, C * max(X, Y) * 2, C * min(X, Y) * 2 + (max(X, Y) - min(X, Y)) * v', '+)']",False,1.540922301,0.290780696,5.29925927,"['s504204235', 's825991485']","{'inputs': ['1500 2000 500 90000 100000\n', '1500 2000 1900 3 2\n', '1500 2000 1600 3 2\n'], 'outputs': ['100000000\n', '8500\n', '7900\n']}","{'inputs': ['124 6 6 1 6\n', '97 1 16 1 14\n', '4369 106 2334 1 8\n', '97 2 21 1 8\n', '542 2000 1343 3 0\n', '4369 549 2668 1 8\n', '1626 632 1708 8 3\n', '2595 290 2334 1 2\n', '2595 272 2334 1 8\n', '251 6 75 1 3\n', '1717 290 1999 1 4\n', '124 6 75 1 6\n', '1339 1142 1600 0 1\n', '1500 1572 1600 0 2\n', '1985 2000 1343 3 2\n', '1500 2445 118 90000 100000\n', '1339 290 1874 0 5\n', '1626 632 1708 5 3\n', '542 2000 1343 3 3\n', '778 1881 2830 5 0\n', '1297 2556 2383 5 3\n', '75 2 43 1 1\n', '115 7 6 1 12\n', '1339 290 1600 0 4\n', '1839 1572 1600 3 2\n', '1 1 8 4 0\n', '542 2000 1343 5 3\n', '1339 1142 1600 0 4\n', '1908 8 1708 5 3\n', '1500 2000 1343 3 3\n', '251 8 117 6 3\n', '1500 2000 2264 3 3\n', '0 1 8 2 0\n', '251 6 75 6 3\n', '124 6 6 1 12\n', '1500 2000 1343 3 2\n', '1297 886 1708 5 6\n', '1500 1572 1600 3 2\n', '1297 1368 1708 5 3\n', '0 1 43 2 1\n', '1500 3132 574 90000 100000\n', '1297 886 1708 5 3\n', '251 8 86 6 3\n', '1464 290 1999 1 4\n', '1339 1142 1600 1 2\n', '251 8 144 5 2\n', '104 1 16 1 12\n', '1626 8 1708 5 3\n', '778 2000 2830 5 3\n', '1297 1881 2383 5 3\n', '2595 290 2334 1 8\n', '97 1 26 1 17\n', '1500 3495 1900 3 2\n', '97 1 25 1 14\n', '251 8 144 6 3\n', '1626 165 681 5 3\n', '542 1406 1489 5 3\n', '1908 8 144 5 3\n', '115 1 9 1 12\n', '97 3 16 1 12\n', '251 8 144 6 2\n', '542 2000 841 5 3\n', '251 6 75 1 6\n', '1339 1142 1600 0 2\n', '75 1 43 2 1\n', '1297 1881 1708 10 3\n', '542 2000 1343 8 3\n', '1339 422 1600 0 4\n', '1297 632 1708 5 5\n', '2595 290 1999 1 4\n', '1500 218 1600 0 2\n', '1500 3132 752 90000 100000\n', '1500 2000 1166 0 2\n', '115 1 6 1 12\n', '336 2000 1600 3 2\n', '1 1 8 2 0\n', '778 1881 2830 5 3\n', '97 2 21 1 17\n', '1500 2000 1166 3 2\n', '778 2000 2830 5 1\n', '97 2 26 1 17\n', '1339 651 1600 0 1\n', '542 2000 841 7 3\n', '1143 3132 1087 90000 100000\n', '542 120 2830 5 3\n', '104 2 16 1 12\n', '1500 2000 1615 3 2\n', '778 1881 2383 5 5\n', '1339 120 1600 0 1\n', '1928 3132 265 90000 100000\n', '4369 290 2668 0 1\n', '1500 651 1600 0 2\n', '1297 632 1708 5 3\n', '1626 165 1708 5 3\n', '1500 965 1600 0 2\n', '1500 2445 500 90000 100000\n', '1339 290 1999 1 4\n', '4369 290 2334 1 8\n', '4369 290 2668 0 8\n', '75 1 43 1 1\n'], 'outputs': ['42\n', '45\n', '5217\n', '56\n', '1626\n', '8761\n', '14904\n', '3175\n', '4771\n', '162\n', '2877\n', '160\n', '1142\n', '3144\n', '7357\n', '23600000\n', '1450\n', '10026\n', '7626\n', '3890\n', '14153\n', '77\n', '89\n', '1160\n', '8239\n', '4\n', '8710\n', '4568\n', '9564\n', '8058\n', '1404\n', '10500\n', '0\n', '900\n', '78\n', '6872\n', '11801\n', '7644\n', '10589\n', '1\n', '114800000\n', '9143\n', '1032\n', '2624\n', '3623\n', '1271\n', '43\n', '8154\n', '9890\n', '12128\n', '4915\n', '68\n', '9100\n', '63\n', '1530\n', '6810\n', '6928\n', '1440\n', '29\n', '65\n', '1522\n', '6130\n', '180\n', '2284\n', '151\n', '18613\n', '10336\n', '1688\n', '9645\n', '3755\n', '436\n', '150400000\n', '4000\n', '23\n', '5008\n', '2\n', '9533\n', '74\n', '6164\n', '5890\n', '84\n', '651\n', '7214\n', '217400000\n', '3070\n', '54\n', '7960\n', '13295\n', '120\n', '53000000\n', '290\n', '1302\n', '8381\n', '8625\n', '1930\n', '100000000\n', '2499\n', '6689\n', '2320\n', '76\n']}",1,21679.4,1,8.05,1.0,21716.5,1.0,7.86,"A, B, C, X, Y = list(map(int, input().split()))
ans = 5000 * 2 * 10 ** 5
for i in range(10 ** 5 + 1):
    s = i * 2 * C + max(0, X - i) * A + max(0, Y - i) * B
    ans = min(ans, s)
print(ans)","var1, var2, var3, var4, var5 = list(map(int, input().split()))
var6 = 5000 * 2 * 10 ** 5
for var7 in range(10 ** 5 + 1):
    var8 = var7 * 2 * var3 + max(0, var4 - var7) * var1 + max(0, var5 - var7) * var2
    var6 = min(var6, var8)
print(var6)","A, B, C, X, Y = list(map(int, input().split()))
if X > Y:
    v = A
else:
    v = B
ans = min(A * X + B * Y, C * max(X, Y) * 2, C * min(X, Y) * 2 + (max(X, Y) -min(X, Y)) * v)
print(ans)","'A', 0, 'computedFrom', ['list', 'map', 'int', 'input', 'split'], [10, 12, 14, 16, 20]
'B', 2, 'computedFrom', ['list', 'map', 'int', 'input', 'split'], [10, 12, 14, 16, 20]
'C', 4, 'computedFrom', ['list', 'map', 'int', 'input', 'split'], [10, 12, 14, 16, 20]
'X', 6, 'computedFrom', ['list', 'map', 'int', 'input', 'split'], [10, 12, 14, 16, 20]
'Y', 8, 'computedFrom', ['list', 'map', 'int', 'input', 'split'], [10, 12, 14, 16, 20]
'list', 10, 'comesFrom', [], []
'map', 12, 'comesFrom', [], []
'int', 14, 'comesFrom', [], []
'input', 16, 'comesFrom', [], []
'split', 20, 'comesFrom', [], []
'ans', 25, 'computedFrom', ['5000', '2', '10', '5'], [27, 29, 31, 33]
'5000', 27, 'comesFrom', [], []
'2', 29, 'comesFrom', [], []
'10', 31, 'comesFrom', [], []
'5', 33, 'comesFrom', [], []
'i', 35, 'computedFrom', ['5', 'range', '10', '1'], [37, 39, 41, 43]
'range', 37, 'comesFrom', ['range'], [37]
'10', 39, 'comesFrom', [], []
'5', 41, 'comesFrom', [], []
'1', 43, 'comesFrom', [], []
's', 46, 'computedFrom', ['i', 'Y', 'max', '0', 'B', '2', 'A', 'C', 'X'], [48, 50, 52, 54, 56, 58, 60, 63, 65, 67, 69, 71, 74]
'i', 48, 'comesFrom', ['i'], [35]
'2', 50, 'comesFrom', [], []
'C', 52, 'comesFrom', ['C'], [4]
'max', 54, 'comesFrom', ['max'], [54]
'0', 56, 'comesFrom', [], []
'X', 58, 'comesFrom', ['X'], [6]
'i', 60, 'comesFrom', ['i'], [35]
'A', 63, 'comesFrom', ['A'], [0]
'max', 65, 'comesFrom', ['max'], [54]
'0', 67, 'comesFrom', [], []
'Y', 69, 'comesFrom', ['Y'], [8]
'i', 71, 'comesFrom', ['i'], [35]
'B', 74, 'comesFrom', ['B'], [2]
'ans', 75, 'computedFrom', ['min', 's', 'ans'], [77, 79, 81]
'min', 77, 'comesFrom', ['min'], [77]
'ans', 79, 'comesFrom', ['ans'], [25, 75]
's', 81, 'comesFrom', ['s'], [46]
'ans', 85, 'comesFrom', ['ans'], [75]","'var1', 0, 'computedFrom', ['list', 'map', 'int', 'input', 'split'], [10, 12, 14, 16, 20]
'var2', 2, 'computedFrom', ['list', 'map', 'int', 'input', 'split'], [10, 12, 14, 16, 20]
'var3', 4, 'computedFrom', ['list', 'map', 'int', 'input', 'split'], [10, 12, 14, 16, 20]
'var4', 6, 'computedFrom', ['list', 'map', 'int', 'input', 'split'], [10, 12, 14, 16, 20]
'var5', 8, 'computedFrom', ['list', 'map', 'int', 'input', 'split'], [10, 12, 14, 16, 20]
'list', 10, 'comesFrom', [], []
'map', 12, 'comesFrom', [], []
'int', 14, 'comesFrom', [], []
'input', 16, 'comesFrom', [], []
'split', 20, 'comesFrom', [], []
'var6', 25, 'computedFrom', ['5000', '2', '10', '5'], [27, 29, 31, 33]
'5000', 27, 'comesFrom', [], []
'2', 29, 'comesFrom', [], []
'10', 31, 'comesFrom', [], []
'5', 33, 'comesFrom', [], []
'var7', 35, 'computedFrom', ['5', 'range', '10', '1'], [37, 39, 41, 43]
'range', 37, 'comesFrom', ['range'], [37]
'10', 39, 'comesFrom', [], []
'5', 41, 'comesFrom', [], []
'1', 43, 'comesFrom', [], []
'var8', 46, 'computedFrom', ['var4', 'max', 'var1', '0', 'var5', '2', 'var7', 'var2', 'var3'], [48, 50, 52, 54, 56, 58, 60, 63, 65, 67, 69, 71, 74]
'var7', 48, 'comesFrom', ['var7'], [35]
'2', 50, 'comesFrom', [], []
'var3', 52, 'comesFrom', ['var3'], [4]
'max', 54, 'comesFrom', ['max'], [54]
'0', 56, 'comesFrom', [], []
'var4', 58, 'comesFrom', ['var4'], [6]
'var7', 60, 'comesFrom', ['var7'], [35]
'var1', 63, 'comesFrom', ['var1'], [0]
'max', 65, 'comesFrom', ['max'], [54]
'0', 67, 'comesFrom', [], []
'var5', 69, 'comesFrom', ['var5'], [8]
'var7', 71, 'comesFrom', ['var7'], [35]
'var2', 74, 'comesFrom', ['var2'], [2]
'var6', 75, 'computedFrom', ['min', 'var6', 'var8'], [77, 79, 81]
'min', 77, 'comesFrom', ['min'], [77]
'var6', 79, 'comesFrom', ['var6'], [25, 75]
'var8', 81, 'comesFrom', ['var8'], [46]
'var6', 85, 'comesFrom', ['var6'], [75]",144013,"var1, var2, var3, var4 = map(int, input().split())
var5 = list(map(int, input().split()))
var6 = 10 ** 9 + 1
var7 = -10 ** 9 - 1
var8 = []
var9 = []
for var10 in range(0, var1):
    var6 = min(var6, var5[var10])
    var7 = max(var7, var5[var10])
    var8.append((var6, var7))
var6 = 10 ** 9 + 1
var7 = -10 ** 9 - 1
for var10 in range(var1 - 1, -1, -1):
    var6 = min(var6, var5[var10])
    var7 = max(var7, var5[var10])
    var9.append((var6, var7))
var9 = var9[-1::-1]
var11 = 0
var12 = var5[0]
var13 = var12 * var2 + var12 * var3 + var12 * var4
for var10 in range(var1):
    var11 = 0
    if var2 > 0:
        var11 = var11 + var2 * var8[var10][1]
    else:
        var11 = var11 + var2 * var8[var10][0]
    if var4 > 0:
        var11 = var11 + var4 * var9[var10][1]
    else:
        var11 = var11 + var4 * var9[var10][0]
    var11 = var11 + var3 * var5[var10]
    var13 = max(var11, var13)
print(var13)","'var1', 0, 'computedFrom', ['map', 'int', 'input', 'split'], [8, 10, 12, 16]
'var2', 2, 'computedFrom', ['map', 'int', 'input', 'split'], [8, 10, 12, 16]
'var3', 4, 'computedFrom', ['map', 'int', 'input', 'split'], [8, 10, 12, 16]
'var4', 6, 'computedFrom', ['map', 'int', 'input', 'split'], [8, 10, 12, 16]
'map', 8, 'comesFrom', [], []
'int', 10, 'comesFrom', [], []
'input', 12, 'comesFrom', [], []
'split', 16, 'comesFrom', [], []
'var5', 20, 'computedFrom', ['list', 'map', 'int', 'input', 'split'], [22, 24, 26, 28, 32]
'list', 22, 'comesFrom', [], []
'map', 24, 'comesFrom', ['map'], [8]
'int', 26, 'comesFrom', ['int'], [10]
'input', 28, 'comesFrom', ['input'], [12]
'split', 32, 'comesFrom', ['split'], [16]
'var6', 37, 'computedFrom', ['10', '9', '1'], [39, 41, 43]
'10', 39, 'comesFrom', [], []
'9', 41, 'comesFrom', [], []
'1', 43, 'comesFrom', [], []
'var7', 44, 'computedFrom', ['10', '9', '1'], [47, 49, 51]
'10', 47, 'comesFrom', [], []
'9', 49, 'comesFrom', [], []
'1', 51, 'comesFrom', [], []
'var8', 52, 'computedFrom', [], []
'var9', 56, 'computedFrom', [], []
'var10', 61, 'computedFrom', ['var1', '0', 'range'], [63, 65, 67]
'range', 63, 'comesFrom', ['range'], [63]
'0', 65, 'comesFrom', [], []
'var1', 67, 'comesFrom', ['var1'], [0]
'var6', 70, 'computedFrom', ['min', 'var6', 'var10', 'var5'], [72, 74, 76, 78]
'min', 72, 'comesFrom', ['min'], [72]
'var6', 74, 'comesFrom', ['var6'], [37, 70]
'var5', 76, 'comesFrom', ['var5'], [20]
'var10', 78, 'comesFrom', ['var10'], [61]
'var7', 81, 'computedFrom', ['var7', 'max', 'var5', 'var10'], [83, 85, 87, 89]
'max', 83, 'comesFrom', ['max'], [83]
'var7', 85, 'comesFrom', ['var7'], [44, 81]
'var5', 87, 'comesFrom', ['var5'], [20]
'var10', 89, 'comesFrom', ['var10'], [61]
'var8', 92, 'comesFrom', ['var8'], [52]
'append', 94, 'comesFrom', ['append'], [94]
'var6', 97, 'comesFrom', ['var6'], [70]
'var7', 99, 'comesFrom', ['var7'], [81]
'var6', 102, 'computedFrom', ['10', '9', '1'], [104, 106, 108]
'10', 104, 'comesFrom', [], []
'9', 106, 'comesFrom', [], []
'1', 108, 'comesFrom', [], []
'var7', 109, 'computedFrom', ['10', '9', '1'], [112, 114, 116]
'10', 112, 'comesFrom', [], []
'9', 114, 'comesFrom', [], []
'1', 116, 'comesFrom', [], []
'var10', 118, 'computedFrom', ['1', 'var1', 'range'], [120, 122, 124, 127, 130]
'range', 120, 'comesFrom', ['range'], [63]
'var1', 122, 'comesFrom', ['var1'], [0]
'1', 124, 'comesFrom', [], []
'1', 127, 'comesFrom', [], []
'1', 130, 'comesFrom', [], []
'var6', 133, 'computedFrom', ['min', 'var6', 'var10', 'var5'], [135, 137, 139, 141]
'min', 135, 'comesFrom', ['min'], [72]
'var6', 137, 'comesFrom', ['var6'], [102, 133]
'var5', 139, 'comesFrom', ['var5'], [20]
'var10', 141, 'comesFrom', ['var10'], [118]
'var7', 144, 'computedFrom', ['var7', 'max', 'var5', 'var10'], [146, 148, 150, 152]
'max', 146, 'comesFrom', ['max'], [83]
'var7', 148, 'comesFrom', ['var7'], [109, 144]
'var5', 150, 'comesFrom', ['var5'], [20]
'var10', 152, 'comesFrom', ['var10'], [118]
'var9', 155, 'comesFrom', ['var9'], [56]
'append', 157, 'comesFrom', ['append'], [94]
'var6', 160, 'comesFrom', ['var6'], [133]
'var7', 162, 'comesFrom', ['var7'], [144]
'var9', 165, 'computedFrom', ['var9', '1', '1'], [167, 170, 174]
'var9', 167, 'comesFrom', ['var9'], [56]
'1', 170, 'comesFrom', [], []
'1', 174, 'comesFrom', [], []
'var11', 176, 'computedFrom', ['0'], [178]
'0', 178, 'comesFrom', [], []
'var12', 179, 'computedFrom', ['var5', '0'], [181, 183]
'var5', 181, 'comesFrom', ['var5'], [20]
'0', 183, 'comesFrom', [], []
'var13', 185, 'computedFrom', ['var12', 'var2', 'var12', 'var3', 'var12', 'var4'], [187, 189, 191, 193, 195, 197]
'var12', 187, 'comesFrom', ['var12'], [179]
'var2', 189, 'comesFrom', ['var2'], [2]
'var12', 191, 'comesFrom', ['var12'], [179]
'var3', 193, 'comesFrom', ['var3'], [4]
'var12', 195, 'comesFrom', ['var12'], [179]
'var4', 197, 'comesFrom', ['var4'], [6]
'var10', 199, 'computedFrom', ['var1', 'range'], [201, 203]
'range', 201, 'comesFrom', ['range'], [63]
'var1', 203, 'comesFrom', ['var1'], [0]
'var11', 206, 'computedFrom', ['0'], [208]
'0', 208, 'comesFrom', [], []
'var2', 210, 'comesFrom', ['var2'], [2]
'var11', 214, 'computedFrom', ['var2', 'var11', 'var10', 'var8', '1'], [216, 218, 220, 222, 225]
'var11', 216, 'comesFrom', ['var11'], [206]
'var2', 218, 'comesFrom', ['var2'], [2]
'var8', 220, 'comesFrom', ['var8'], [52]
'var10', 222, 'comesFrom', ['var10'], [199]
'1', 225, 'comesFrom', [], []
'var11', 229, 'computedFrom', ['var2', '0', 'var11', 'var10', 'var8'], [231, 233, 235, 237, 240]
'var11', 231, 'comesFrom', ['var11'], [206]
'var2', 233, 'comesFrom', ['var2'], [2]
'var8', 235, 'comesFrom', ['var8'], [52]
'var10', 237, 'comesFrom', ['var10'], [199]
'0', 240, 'comesFrom', [], []
'var4', 243, 'comesFrom', ['var4'], [6]
'var11', 247, 'computedFrom', ['var9', 'var4', 'var11', 'var10', '1'], [249, 251, 253, 255, 258]
'var11', 249, 'comesFrom', ['var11'], [214, 229]
'var4', 251, 'comesFrom', ['var4'], [6]
'var9', 253, 'comesFrom', ['var9'], [165]
'var10', 255, 'comesFrom', ['var10'], [199]
'1', 258, 'comesFrom', [], []
'var11', 262, 'computedFrom', ['var9', 'var4', '0', 'var11', 'var10'], [264, 266, 268, 270, 273]
'var11', 264, 'comesFrom', ['var11'], [214, 229]
'var4', 266, 'comesFrom', ['var4'], [6]
'var9', 268, 'comesFrom', ['var9'], [165]
'var10', 270, 'comesFrom', ['var10'], [199]
'0', 273, 'comesFrom', [], []
'var11', 275, 'computedFrom', ['var3', 'var5', 'var10', 'var11'], [277, 279, 281, 283]
'var11', 277, 'comesFrom', ['var11'], [247, 262]
'var3', 279, 'comesFrom', ['var3'], [4]
'var5', 281, 'comesFrom', ['var5'], [20]
'var10', 283, 'comesFrom', ['var10'], [199]
'var13', 285, 'computedFrom', ['max', 'var13', 'var11'], [287, 289, 291]
'max', 287, 'comesFrom', ['max'], [83]
'var11', 289, 'comesFrom', ['var11'], [275]
'var13', 291, 'comesFrom', ['var13'], [185, 285]
'var13', 295, 'comesFrom', ['var13'], [285]","{'inputs': ['5 1 2 3\n1 2 3 4 5\n', '1 1000000000 1000000000 -1000000000\n-1000000000\n', '3 1 1 1\n-1 -1 -1\n', '4 -96405765 -495906217 625385006\n-509961652 392159235 -577128498 -744548876\n', '1 1 1 1\n-1\n'], 'outputs': ['30\n', '-1000000000000000000\n', '-3\n', '547306902373544674\n', '-3\n']}",157590,"var1, var2, var3, var4, var5 = map(int, input().split())
var6 = [4, 7]
var7 = 0
for var8 in range(1, 9):
    var9 = 10 ** var8
    var10, var7 = var7, len(var6)
    for var11 in [4 * var9, 7 * var9]:
        for var12 in range(var10, var7):
            var6.append(var11 + var6[var12])
var13 = 0
for var8 in range(0, len(var6) - var5 + 1):
    var14, var15 = 1 if var8 == 0 else var6[var8 - 1] + 1, var6[var8]
    var16, var17 = var6[var8 + var5 - 1], 1000000000 if var8 + var5 == len(var6) else var6[var8 + var5] - 1
    var18 = max(0, min(var2, var15) - max(var1, var14) + 1)
    var19 = max(0, min(var4, var17) - max(var3, var16) + 1)
    var20 = var18 * var19
    var18 = max(0, min(var4, var15) - max(var3, var14) + 1)
    var19 = max(0, min(var2, var17) - max(var1, var16) + 1)
    var21 = var18 * var19
    var13 += var20 + var21
    if var5 == 1 and var20 > 0 and var21 > 0:
        var13 -= 1
print(var13 / ((var2 - var1 + 1) * (var4 - var3 + 1)))","'var1', 0, 'computedFrom', ['map', 'int', 'input', 'split'], [10, 12, 14, 18]
'var2', 2, 'computedFrom', ['map', 'int', 'input', 'split'], [10, 12, 14, 18]
'var3', 4, 'computedFrom', ['map', 'int', 'input', 'split'], [10, 12, 14, 18]
'var4', 6, 'computedFrom', ['map', 'int', 'input', 'split'], [10, 12, 14, 18]
'var5', 8, 'computedFrom', ['map', 'int', 'input', 'split'], [10, 12, 14, 18]
'map', 10, 'comesFrom', [], []
'int', 12, 'comesFrom', [], []
'input', 14, 'comesFrom', [], []
'split', 18, 'comesFrom', [], []
'var6', 22, 'computedFrom', ['4', '7'], [25, 27]
'4', 25, 'comesFrom', [], []
'7', 27, 'comesFrom', [], []
'var7', 29, 'computedFrom', ['0'], [31]
'0', 31, 'comesFrom', [], []
'var8', 33, 'computedFrom', ['1', 'range', '9'], [35, 37, 39]
'range', 35, 'comesFrom', ['range'], [35]
'1', 37, 'comesFrom', [], []
'9', 39, 'comesFrom', [], []
'var9', 42, 'computedFrom', ['var8', '10'], [44, 46]
'10', 44, 'comesFrom', [], []
'var8', 46, 'comesFrom', ['var8'], [33]
'var10', 47, 'computedFrom', ['var7'], [51]
'var7', 49, 'computedFrom', ['len', 'var6'], [53, 55]
'var7', 51, 'comesFrom', ['var7'], [29, 49]
'len', 53, 'comesFrom', ['len'], [53]
'var6', 55, 'comesFrom', ['var6'], [22]
'var11', 58, 'computedFrom', ['7', '4', 'var9'], [61, 63, 65, 67]
'4', 61, 'comesFrom', [], []
'var9', 63, 'comesFrom', ['var9'], [42]
'7', 65, 'comesFrom', [], []
'var9', 67, 'comesFrom', ['var9'], [42]
'var12', 71, 'computedFrom', ['var7', 'range', 'var10'], [73, 75, 77]
'range', 73, 'comesFrom', ['range'], [35]
'var10', 75, 'comesFrom', ['var10'], [47]
'var7', 77, 'comesFrom', ['var7'], [49]
'var6', 80, 'comesFrom', ['var6'], [22]
'append', 82, 'comesFrom', ['append'], [82]
'var11', 84, 'comesFrom', ['var11'], [58]
'var6', 86, 'comesFrom', ['var6'], [22]
'var12', 88, 'comesFrom', ['var12'], [71]
'var13', 91, 'computedFrom', ['0'], [93]
'0', 93, 'comesFrom', [], []
'var8', 95, 'computedFrom', ['var5', 'var6', '0', 'range', 'len', '1'], [97, 99, 101, 103, 106, 108]
'range', 97, 'comesFrom', ['range'], [35]
'0', 99, 'comesFrom', [], []
'len', 101, 'comesFrom', ['len'], [53]
'var6', 103, 'comesFrom', ['var6'], [22]
'var5', 106, 'comesFrom', ['var5'], [8]
'1', 108, 'comesFrom', [], []
'var14', 111, 'computedFrom', ['var8', '1', '0', 'var6'], [115, 117, 119, 121, 123, 125, 128]
'var15', 113, 'computedFrom', ['var8', 'var6'], [130, 132]
'1', 115, 'comesFrom', [], []
'var8', 117, 'comesFrom', ['var8'], [95]
'0', 119, 'comesFrom', [], []
'var6', 121, 'comesFrom', ['var6'], [22]
'var8', 123, 'comesFrom', ['var8'], [95]
'1', 125, 'comesFrom', [], []
'1', 128, 'comesFrom', [], []
'var6', 130, 'comesFrom', ['var6'], [22]
'var8', 132, 'comesFrom', ['var8'], [95]
'var16', 134, 'computedFrom', ['var8', '1', 'var5', 'var6'], [138, 140, 142, 144]
'var17', 136, 'computedFrom', ['1000000000', 'var5', 'var6', 'len', 'var8', '1'], [147, 149, 151, 153, 155, 158, 160, 162, 165]
'var6', 138, 'comesFrom', ['var6'], [22]
'var8', 140, 'comesFrom', ['var8'], [95]
'var5', 142, 'comesFrom', ['var5'], [8]
'1', 144, 'comesFrom', [], []
'1000000000', 147, 'comesFrom', [], []
'var8', 149, 'comesFrom', ['var8'], [95]
'var5', 151, 'comesFrom', ['var5'], [8]
'len', 153, 'comesFrom', ['len'], [53]
'var6', 155, 'comesFrom', ['var6'], [22]
'var6', 158, 'comesFrom', ['var6'], [22]
'var8', 160, 'comesFrom', ['var8'], [95]
'var5', 162, 'comesFrom', ['var5'], [8]
'1', 165, 'comesFrom', [], []
'var18', 166, 'computedFrom', ['max', 'var15', 'var1', 'var2', '0', 'min', '1', 'var14'], [168, 170, 172, 174, 176, 179, 181, 183, 186]
'max', 168, 'comesFrom', ['max'], [168]
'0', 170, 'comesFrom', [], []
'min', 172, 'comesFrom', ['min'], [172]
'var2', 174, 'comesFrom', ['var2'], [2]
'var15', 176, 'comesFrom', ['var15'], [113]
'max', 179, 'comesFrom', ['max'], [168]
'var1', 181, 'comesFrom', ['var1'], [0]
'var14', 183, 'comesFrom', ['var14'], [111]
'1', 186, 'comesFrom', [], []
'var19', 188, 'computedFrom', ['max', 'var4', 'var16', '0', 'min', 'var3', 'var17', '1'], [190, 192, 194, 196, 198, 201, 203, 205, 208]
'max', 190, 'comesFrom', ['max'], [168]
'0', 192, 'comesFrom', [], []
'min', 194, 'comesFrom', ['min'], [172]
'var4', 196, 'comesFrom', ['var4'], [6]
'var17', 198, 'comesFrom', ['var17'], [136]
'max', 201, 'comesFrom', ['max'], [168]
'var3', 203, 'comesFrom', ['var3'], [4]
'var16', 205, 'comesFrom', ['var16'], [134]
'1', 208, 'comesFrom', [], []
'var20', 210, 'computedFrom', ['var18', 'var19'], [212, 214]
'var18', 212, 'comesFrom', ['var18'], [166]
'var19', 214, 'comesFrom', ['var19'], [188]
'var18', 215, 'computedFrom', ['max', 'var15', 'var4', '0', 'min', 'var3', '1', 'var14'], [217, 219, 221, 223, 225, 228, 230, 232, 235]
'max', 217, 'comesFrom', ['max'], [168]
'0', 219, 'comesFrom', [], []
'min', 221, 'comesFrom', ['min'], [172]
'var4', 223, 'comesFrom', ['var4'], [6]
'var15', 225, 'comesFrom', ['var15'], [113]
'max', 228, 'comesFrom', ['max'], [168]
'var3', 230, 'comesFrom', ['var3'], [4]
'var14', 232, 'comesFrom', ['var14'], [111]
'1', 235, 'comesFrom', [], []
'var19', 237, 'computedFrom', ['max', 'var16', 'var1', 'var2', '0', 'min', 'var17', '1'], [239, 241, 243, 245, 247, 250, 252, 254, 257]
'max', 239, 'comesFrom', ['max'], [168]
'0', 241, 'comesFrom', [], []
'min', 243, 'comesFrom', ['min'], [172]
'var2', 245, 'comesFrom', ['var2'], [2]
'var17', 247, 'comesFrom', ['var17'], [136]
'max', 250, 'comesFrom', ['max'], [168]
'var1', 252, 'comesFrom', ['var1'], [0]
'var16', 254, 'comesFrom', ['var16'], [134]
'1', 257, 'comesFrom', [], []
'var21', 259, 'computedFrom', ['var18', 'var19'], [261, 263]
'var18', 261, 'comesFrom', ['var18'], [215]
'var19', 263, 'comesFrom', ['var19'], [237]
'var13', 264, 'computedFrom', ['var20', 'var21'], [266, 268]
'var20', 266, 'comesFrom', ['var20'], [210]
'var21', 268, 'comesFrom', ['var21'], [259]
'var5', 270, 'comesFrom', ['var5'], [8]
'var20', 274, 'comesFrom', ['var20'], [210]
'var21', 278, 'comesFrom', ['var21'], [259]
'var13', 282, 'computedFrom', ['1'], [284]
'1', 284, 'comesFrom', [], []
'var13', 287, 'comesFrom', ['var13'], [264, 282]
'var2', 291, 'comesFrom', ['var2'], [2]
'var1', 293, 'comesFrom', ['var1'], [0]
'var4', 299, 'comesFrom', ['var4'], [6]
'var3', 301, 'comesFrom', ['var3'], [4]","{'inputs': ['69 98200 9999 88888 7\n', '123456789 987654321 4588 95470 512\n', '47 555555555 8596 584987999 894\n', '1 1000000000 7 1000000000 987\n', '1 100 1 100 2\n'], 'outputs': ['0.000104470975\n', '0.000734548731\n', '0.000000000000\n', '0.000000001335\n', '0.362600000000\n']}",157593,"var1, var2 = map(int, input().split())
var3 = list(map(int, input().split()))
var4 = list(map(int, input().split()))
var5 = 10 ** 18
var3 = list(reversed(sorted(var3)))
var4 = list(reversed(sorted(var4)))
var6 = sum(var3)
var7 = sum(var4)
var8 = [0] * (var1 + 1)
var9 = [0] * (var2 + 1)
for var10 in range(var1 - 1, -1, -1):
    var8[var10] = var8[var10 + 1] + min(var3[var10], var7)
for var10 in range(var2 - 1, -1, -1):
    var9[var10] = var9[var10 + 1] + min(var4[var10], var6)
for var10 in range(1, var1 + 1):
    var11 = var10 * var7 + var8[var10]
    var5 = min(var5, var11)
for var10 in range(1, var2 + 1):
    var11 = var10 * var6 + var9[var10]
    var5 = min(var5, var11)
print(var5)","'var1', 0, 'computedFrom', ['map'], [4]
'var2', 2, 'computedFrom', ['int', 'input', 'split'], [6, 8, 12]
'map', 4, 'comesFrom', [], []
'int', 6, 'comesFrom', [], []
'input', 8, 'comesFrom', [], []
'split', 12, 'comesFrom', [], []
'var3', 16, 'computedFrom', ['list', 'map', 'int', 'input', 'split'], [18, 20, 22, 24, 28]
'list', 18, 'comesFrom', [], []
'map', 20, 'comesFrom', ['map'], [4]
'int', 22, 'comesFrom', ['int'], [6]
'input', 24, 'comesFrom', ['input'], [8]
'split', 28, 'comesFrom', ['split'], [12]
'var4', 33, 'computedFrom', ['list', 'map', 'int', 'input', 'split'], [35, 37, 39, 41, 45]
'list', 35, 'comesFrom', ['list'], [18]
'map', 37, 'comesFrom', ['map'], [4]
'int', 39, 'comesFrom', ['int'], [6]
'input', 41, 'comesFrom', ['input'], [8]
'split', 45, 'comesFrom', ['split'], [12]
'var5', 50, 'computedFrom', ['10', '18'], [52, 54]
'10', 52, 'comesFrom', [], []
'18', 54, 'comesFrom', [], []
'var3', 55, 'computedFrom', ['list', 'reversed', 'sorted', 'var3'], [57, 59, 61, 63]
'list', 57, 'comesFrom', ['list'], [18]
'reversed', 59, 'comesFrom', [], []
'sorted', 61, 'comesFrom', [], []
'var3', 63, 'comesFrom', ['var3'], [16]
'var4', 67, 'computedFrom', ['list', 'reversed', 'sorted', 'var4'], [69, 71, 73, 75]
'list', 69, 'comesFrom', ['list'], [18]
'reversed', 71, 'comesFrom', ['reversed'], [59]
'sorted', 73, 'comesFrom', ['sorted'], [61]
'var4', 75, 'comesFrom', ['var4'], [33]
'var6', 79, 'computedFrom', ['sum', 'var3'], [81, 83]
'sum', 81, 'comesFrom', [], []
'var3', 83, 'comesFrom', ['var3'], [55]
'var7', 85, 'computedFrom', ['sum', 'var4'], [87, 89]
'sum', 87, 'comesFrom', ['sum'], [81]
'var4', 89, 'comesFrom', ['var4'], [67]
'var8', 91, 'computedFrom', ['0', 'var1', '1'], [94, 98, 100]
'0', 94, 'comesFrom', [], []
'var1', 98, 'comesFrom', ['var1'], [0]
'1', 100, 'comesFrom', [], []
'var9', 102, 'computedFrom', ['0', 'var2', '1'], [105, 109, 111]
'0', 105, 'comesFrom', [], []
'var2', 109, 'comesFrom', ['var2'], [2]
'1', 111, 'comesFrom', [], []
'var10', 114, 'computedFrom', ['1', 'var1', 'range'], [116, 118, 120, 123, 126]
'range', 116, 'comesFrom', ['range'], [116]
'var1', 118, 'comesFrom', ['var1'], [0]
'1', 120, 'comesFrom', [], []
'1', 123, 'comesFrom', [], []
'1', 126, 'comesFrom', [], []
'var8', 129, 'computedFrom', ['var7', 'min', 'var3', 'var10', 'var8', '1'], [134, 136, 138, 141, 143, 145, 148]
'var10', 131, 'computedFrom', ['var7', 'min', 'var3', 'var10', 'var8', '1'], [134, 136, 138, 141, 143, 145, 148]
'var8', 134, 'comesFrom', ['var8'], [91, 129]
'var10', 136, 'comesFrom', ['var10'], [114]
'1', 138, 'comesFrom', [], []
'min', 141, 'comesFrom', ['min'], [141]
'var3', 143, 'comesFrom', ['var3'], [55]
'var10', 145, 'comesFrom', ['var10'], [114]
'var7', 148, 'comesFrom', ['var7'], [85]
'var10', 151, 'computedFrom', ['1', 'var2', 'range'], [153, 155, 157, 160, 163]
'range', 153, 'comesFrom', ['range'], [116]
'var2', 155, 'comesFrom', ['var2'], [2]
'1', 157, 'comesFrom', [], []
'1', 160, 'comesFrom', [], []
'1', 163, 'comesFrom', [], []
'var9', 166, 'computedFrom', ['var9', 'var6', 'var4', 'min', 'var10', '1'], [171, 173, 175, 178, 180, 182, 185]
'var10', 168, 'computedFrom', ['var9', 'var6', 'var4', 'min', 'var10', '1'], [171, 173, 175, 178, 180, 182, 185]
'var9', 171, 'comesFrom', ['var9'], [102, 166]
'var10', 173, 'comesFrom', ['var10'], [151]
'1', 175, 'comesFrom', [], []
'min', 178, 'comesFrom', ['min'], [141]
'var4', 180, 'comesFrom', ['var4'], [67]
'var10', 182, 'comesFrom', ['var10'], [151]
'var6', 185, 'comesFrom', ['var6'], [79]
'var10', 188, 'computedFrom', ['1', 'var1', 'range'], [190, 192, 194, 196]
'range', 190, 'comesFrom', ['range'], [116]
'1', 192, 'comesFrom', [], []
'var1', 194, 'comesFrom', ['var1'], [0]
'1', 196, 'comesFrom', [], []
'var11', 199, 'computedFrom', ['var7', 'var10', 'var8'], [201, 203, 205, 207]
'var10', 201, 'comesFrom', ['var10'], [188]
'var7', 203, 'comesFrom', ['var7'], [85]
'var8', 205, 'comesFrom', ['var8'], [129]
'var10', 207, 'comesFrom', ['var10'], [188]
'var5', 209, 'computedFrom', ['var11', 'min', 'var5'], [211, 213, 215]
'min', 211, 'comesFrom', ['min'], [141]
'var5', 213, 'comesFrom', ['var5'], [50, 209]
'var11', 215, 'comesFrom', ['var11'], [199]
'var10', 218, 'computedFrom', ['1', 'var2', 'range'], [220, 222, 224, 226]
'range', 220, 'comesFrom', ['range'], [116]
'1', 222, 'comesFrom', [], []
'var2', 224, 'comesFrom', ['var2'], [2]
'1', 226, 'comesFrom', [], []
'var11', 229, 'computedFrom', ['var9', 'var6', 'var10'], [231, 233, 235, 237]
'var10', 231, 'comesFrom', ['var10'], [218]
'var6', 233, 'comesFrom', ['var6'], [79]
'var9', 235, 'comesFrom', ['var9'], [166]
'var10', 237, 'comesFrom', ['var10'], [218]
'var5', 239, 'computedFrom', ['var11', 'min', 'var5'], [241, 243, 245]
'min', 241, 'comesFrom', ['min'], [141]
'var5', 243, 'comesFrom', ['var5'], [209, 239]
'var11', 245, 'comesFrom', ['var11'], [229]
'var5', 249, 'comesFrom', ['var5'], [239]","{'inputs': ['6 5\n4689556 6609945 15705705 10301912 11245669 5844638\n440894622 898226832 22060902 222576920 53133033\n', '10 10\n269584761 865524829 265226347 963092340 261501474 16861445 221090297 746538035 842020225 649641719\n49728483 423679832 107851851 179960003 345895125 400584885 460489835 377856735 506736683 676996548\n', '6 5\n45936257 8169878 14134346 26323055 65863745 50728147\n997339869 2970526 163305525 839524148 193404120\n', '6 5\n40192277 37957130 22509015 95257198 6210193 16850057\n76289330 265203569 184343840 163207736 126924648\n', '2 2\n888381664 866366630\n170399907 404233949\n'], 'outputs': ['238386210\n', '7667769112\n', '781991027\n', '769741424\n', '1149267712\n']}",150409,"var1 = int(input())
var2 = []
for var3 in range(var1):
    var4, var5 = map(int, input().split())
    var2.append([var4, var5])
var6 = [0] * (var1 + 2)
var7 = [0] * (var1 + 2)
var7[0] = 10 ** 10
for var3 in range(1, var1 + 1):
    var6[var3] = max(var6[var3 - 1], var2[var3 - 1][0])
    var7[var3] = min(var7[var3 - 1], var2[var3 - 1][1])
var8 = [0] * (var1 + 2)
var9 = [0] * (var1 + 2)
var9[var1] = 10 ** 10
for var3 in range(var1 - 1, 0, -1):
    var8[var3] = max(var8[var3 + 1], var2[var3][0])
    var9[var3] = min(var9[var3 + 1], var2[var3][1])
var10 = 0
for var3 in range(1, var1 + 1):
    var11 = min(var7[var3 - 1], var9[var3]) - max(var6[var3 - 1], var8[var3])
    if var11 > var10:
        var10 = var11
print(var10)","'var1', 0, 'computedFrom', ['int', 'input'], [2, 4]
'int', 2, 'comesFrom', [], []
'input', 4, 'comesFrom', [], []
'var2', 8, 'computedFrom', [], []
'var3', 13, 'computedFrom', ['var1', 'range'], [15, 17]
'range', 15, 'comesFrom', ['range'], [15]
'var1', 17, 'comesFrom', ['var1'], [0]
'var4', 20, 'computedFrom', ['map'], [24]
'var5', 22, 'computedFrom', ['split', 'int', 'input'], [26, 28, 32]
'map', 24, 'comesFrom', ['map'], [24]
'int', 26, 'comesFrom', ['int'], [2]
'input', 28, 'comesFrom', ['input'], [4]
'split', 32, 'comesFrom', ['split'], [32]
'var2', 36, 'comesFrom', ['var2'], [8]
'append', 38, 'comesFrom', ['append'], [38]
'var4', 41, 'comesFrom', ['var4'], [20]
'var5', 43, 'comesFrom', ['var5'], [22]
'var6', 46, 'computedFrom', ['0', 'var1', '2'], [49, 53, 55]
'0', 49, 'comesFrom', [], []
'var1', 53, 'comesFrom', ['var1'], [0]
'2', 55, 'comesFrom', [], []
'var7', 57, 'computedFrom', ['0', 'var1', '2'], [60, 64, 66]
'0', 60, 'comesFrom', [], []
'var1', 64, 'comesFrom', ['var1'], [0]
'2', 66, 'comesFrom', [], []
'var7', 68, 'computedFrom', ['10', '10'], [73, 75]
'0', 70, 'computedFrom', ['10', '10'], [73, 75]
'10', 73, 'comesFrom', [], []
'10', 75, 'comesFrom', [], []
'var3', 77, 'computedFrom', ['1', 'var1', 'range'], [79, 81, 83, 85]
'range', 79, 'comesFrom', ['range'], [15]
'1', 81, 'comesFrom', [], []
'var1', 83, 'comesFrom', ['var1'], [0]
'1', 85, 'comesFrom', [], []
'var6', 88, 'computedFrom', ['max', 'var6', 'var2', '0', 'var3', '1'], [93, 95, 97, 99, 102, 104, 106, 109]
'var3', 90, 'computedFrom', ['max', 'var6', 'var2', '0', 'var3', '1'], [93, 95, 97, 99, 102, 104, 106, 109]
'max', 93, 'comesFrom', ['max'], [93]
'var6', 95, 'comesFrom', ['var6'], [46, 88]
'var3', 97, 'comesFrom', ['var3'], [77]
'1', 99, 'comesFrom', [], []
'var2', 102, 'comesFrom', ['var2'], [8]
'var3', 104, 'comesFrom', ['var3'], [77]
'1', 106, 'comesFrom', [], []
'0', 109, 'comesFrom', ['0'], [70]
'var7', 112, 'computedFrom', ['var7', 'var2', 'min', 'var3', '1'], [117, 119, 121, 123, 126, 128, 130, 133]
'var3', 114, 'computedFrom', ['var7', 'var2', 'min', 'var3', '1'], [117, 119, 121, 123, 126, 128, 130, 133]
'min', 117, 'comesFrom', ['min'], [117]
'var7', 119, 'comesFrom', ['var7'], [68, 112]
'var3', 121, 'comesFrom', ['var3'], [90]
'1', 123, 'comesFrom', [], []
'var2', 126, 'comesFrom', ['var2'], [8]
'var3', 128, 'comesFrom', ['var3'], [90]
'1', 130, 'comesFrom', [], []
'1', 133, 'comesFrom', [], []
'var8', 136, 'computedFrom', ['0', 'var1', '2'], [139, 143, 145]
'0', 139, 'comesFrom', ['0'], [70]
'var1', 143, 'comesFrom', ['var1'], [0]
'2', 145, 'comesFrom', [], []
'var9', 147, 'computedFrom', ['0', 'var1', '2'], [150, 154, 156]
'0', 150, 'comesFrom', ['0'], [70]
'var1', 154, 'comesFrom', ['var1'], [0]
'2', 156, 'comesFrom', [], []
'var9', 158, 'computedFrom', ['10', '10'], [163, 165]
'var1', 160, 'computedFrom', ['10', '10'], [163, 165]
'10', 163, 'comesFrom', [], []
'10', 165, 'comesFrom', [], []
'var3', 167, 'computedFrom', ['1', 'var1', '0', 'range'], [169, 171, 173, 175, 178]
'range', 169, 'comesFrom', ['range'], [15]
'var1', 171, 'comesFrom', ['var1'], [160]
'1', 173, 'comesFrom', [], []
'0', 175, 'comesFrom', ['0'], [70]
'1', 178, 'comesFrom', [], []
'var8', 181, 'computedFrom', ['max', 'var2', '0', 'var3', 'var8', '1'], [186, 188, 190, 192, 195, 197, 200]
'var3', 183, 'computedFrom', ['max', 'var2', '0', 'var3', 'var8', '1'], [186, 188, 190, 192, 195, 197, 200]
'max', 186, 'comesFrom', ['max'], [93]
'var8', 188, 'comesFrom', ['var8'], [136, 181]
'var3', 190, 'comesFrom', ['var3'], [167]
'1', 192, 'comesFrom', [], []
'var2', 195, 'comesFrom', ['var2'], [8]
'var3', 197, 'comesFrom', ['var3'], [167]
'0', 200, 'comesFrom', ['0'], [70]
'var9', 203, 'computedFrom', ['var9', 'var2', 'min', 'var3', '1'], [208, 210, 212, 214, 217, 219, 222]
'var3', 205, 'computedFrom', ['var9', 'var2', 'min', 'var3', '1'], [208, 210, 212, 214, 217, 219, 222]
'min', 208, 'comesFrom', ['min'], [117]
'var9', 210, 'comesFrom', ['var9'], [158, 203]
'var3', 212, 'comesFrom', ['var3'], [183]
'1', 214, 'comesFrom', [], []
'var2', 217, 'comesFrom', ['var2'], [8]
'var3', 219, 'comesFrom', ['var3'], [183]
'1', 222, 'comesFrom', [], []
'var10', 225, 'computedFrom', ['0'], [227]
'0', 227, 'comesFrom', ['0'], [70]
'var3', 229, 'computedFrom', ['1', 'var1', 'range'], [231, 233, 235, 237]
'range', 231, 'comesFrom', ['range'], [15]
'1', 233, 'comesFrom', [], []
'var1', 235, 'comesFrom', ['var1'], [160]
'1', 237, 'comesFrom', [], []
'var11', 240, 'computedFrom', ['var7', 'var9', 'max', 'var6', 'min', 'var3', 'var8', '1'], [242, 244, 246, 248, 251, 253, 257, 259, 261, 263, 266, 268]
'min', 242, 'comesFrom', ['min'], [117]
'var7', 244, 'comesFrom', ['var7'], [112]
'var3', 246, 'comesFrom', ['var3'], [229]
'1', 248, 'comesFrom', [], []
'var9', 251, 'comesFrom', ['var9'], [203]
'var3', 253, 'comesFrom', ['var3'], [229]
'max', 257, 'comesFrom', ['max'], [93]
'var6', 259, 'comesFrom', ['var6'], [88]
'var3', 261, 'comesFrom', ['var3'], [229]
'1', 263, 'comesFrom', [], []
'var8', 266, 'comesFrom', ['var8'], [181]
'var3', 268, 'comesFrom', ['var3'], [229]
'var11', 272, 'comesFrom', ['var11'], [240]
'var10', 274, 'comesFrom', ['var10'], [225, 276]
'var10', 276, 'computedFrom', ['var11'], [278]
'var11', 278, 'comesFrom', ['var11'], [240]
'var10', 281, 'comesFrom', ['var10'], [225, 276]","{'inputs': ['3\n2 5\n1 4\n1 6\n', '2\n0 0\n1 3\n', '4\n1 4\n1 4\n2 2\n1 5\n', '4\n0 11\n10 16\n11 15\n12 14\n', '2\n1 5\n2 4\n'], 'outputs': ['3\n', '2\n', '3\n', '2\n', '4\n']}","#### Reference Example 1:
### Python Program:
```python
var1, var2, var3, var4 = map(int, input().split())
var5 = list(map(int, input().split()))
var6 = 10 ** 9 + 1
var7 = -10 ** 9 - 1
var8 = []
var9 = []
for var10 in range(0, var1):
    var6 = min(var6, var5[var10])
    var7 = max(var7, var5[var10])
    var8.append((var6, var7))
var6 = 10 ** 9 + 1
var7 = -10 ** 9 - 1
for var10 in range(var1 - 1, -1, -1):
    var6 = min(var6, var5[var10])
    var7 = max(var7, var5[var10])
    var9.append((var6, var7))
var9 = var9[-1::-1]
var11 = 0
var12 = var5[0]
var13 = var12 * var2 + var12 * var3 + var12 * var4
for var10 in range(var1):
    var11 = 0
    if var2 > 0:
        var11 = var11 + var2 * var8[var10][1]
    else:
        var11 = var11 + var2 * var8[var10][0]
    if var4 > 0:
        var11 = var11 + var4 * var9[var10][1]
    else:
        var11 = var11 + var4 * var9[var10][0]
    var11 = var11 + var3 * var5[var10]
    var13 = max(var11, var13)
print(var13)
```

### Input/Output Unit Test Cases:
```Input/Output Unit Test Cases
## Test Case 1:
Input: '5 1 2 3
1 2 3 4 5'
Output: '30'

## Test Case 2:
Input: '1 1000000000 1000000000 -1000000000
-1000000000'
Output: '-1000000000000000000'

## Test Case 3:
Input: '3 1 1 1
-1 -1 -1'
Output: '-3'

## Test Case 4:
Input: '4 -96405765 -495906217 625385006
-509961652 392159235 -577128498 -744548876'
Output: '547306902373544674'

## Test Case 5:
Input: '1 1 1 1
-1'
Output: '-3'

```

#### Reference Example 2:
### Python Program:
```python
var1, var2, var3, var4, var5 = map(int, input().split())
var6 = [4, 7]
var7 = 0
for var8 in range(1, 9):
    var9 = 10 ** var8
    var10, var7 = var7, len(var6)
    for var11 in [4 * var9, 7 * var9]:
        for var12 in range(var10, var7):
            var6.append(var11 + var6[var12])
var13 = 0
for var8 in range(0, len(var6) - var5 + 1):
    var14, var15 = 1 if var8 == 0 else var6[var8 - 1] + 1, var6[var8]
    var16, var17 = var6[var8 + var5 - 1], 1000000000 if var8 + var5 == len(var6) else var6[var8 + var5] - 1
    var18 = max(0, min(var2, var15) - max(var1, var14) + 1)
    var19 = max(0, min(var4, var17) - max(var3, var16) + 1)
    var20 = var18 * var19
    var18 = max(0, min(var4, var15) - max(var3, var14) + 1)
    var19 = max(0, min(var2, var17) - max(var1, var16) + 1)
    var21 = var18 * var19
    var13 += var20 + var21
    if var5 == 1 and var20 > 0 and var21 > 0:
        var13 -= 1
print(var13 / ((var2 - var1 + 1) * (var4 - var3 + 1)))
```

### Input/Output Unit Test Cases:
```Input/Output Unit Test Cases
## Test Case 1:
Input: '69 98200 9999 88888 7'
Output: '0.000104470975'

## Test Case 2:
Input: '123456789 987654321 4588 95470 512'
Output: '0.000734548731'

## Test Case 3:
Input: '47 555555555 8596 584987999 894'
Output: '0.000000000000'

## Test Case 4:
Input: '1 1000000000 7 1000000000 987'
Output: '0.000000001335'

## Test Case 5:
Input: '1 100 1 100 2'
Output: '0.362600000000'

```

#### Reference Example 3:
### Python Program:
```python
var1, var2 = map(int, input().split())
var3 = list(map(int, input().split()))
var4 = list(map(int, input().split()))
var5 = 10 ** 18
var3 = list(reversed(sorted(var3)))
var4 = list(reversed(sorted(var4)))
var6 = sum(var3)
var7 = sum(var4)
var8 = [0] * (var1 + 1)
var9 = [0] * (var2 + 1)
for var10 in range(var1 - 1, -1, -1):
    var8[var10] = var8[var10 + 1] + min(var3[var10], var7)
for var10 in range(var2 - 1, -1, -1):
    var9[var10] = var9[var10 + 1] + min(var4[var10], var6)
for var10 in range(1, var1 + 1):
    var11 = var10 * var7 + var8[var10]
    var5 = min(var5, var11)
for var10 in range(1, var2 + 1):
    var11 = var10 * var6 + var9[var10]
    var5 = min(var5, var11)
print(var5)
```

### Input/Output Unit Test Cases:
```Input/Output Unit Test Cases
## Test Case 1:
Input: '6 5
4689556 6609945 15705705 10301912 11245669 5844638
440894622 898226832 22060902 222576920 53133033'
Output: '238386210'

## Test Case 2:
Input: '10 10
269584761 865524829 265226347 963092340 261501474 16861445 221090297 746538035 842020225 649641719
49728483 423679832 107851851 179960003 345895125 400584885 460489835 377856735 506736683 676996548'
Output: '7667769112'

## Test Case 3:
Input: '6 5
45936257 8169878 14134346 26323055 65863745 50728147
997339869 2970526 163305525 839524148 193404120'
Output: '781991027'

## Test Case 4:
Input: '6 5
40192277 37957130 22509015 95257198 6210193 16850057
76289330 265203569 184343840 163207736 126924648'
Output: '769741424'

## Test Case 5:
Input: '2 2
888381664 866366630
170399907 404233949'
Output: '1149267712'

```

#### Reference Example 4:
### Python Program:
```python
var1 = int(input())
var2 = []
for var3 in range(var1):
    var4, var5 = map(int, input().split())
    var2.append([var4, var5])
var6 = [0] * (var1 + 2)
var7 = [0] * (var1 + 2)
var7[0] = 10 ** 10
for var3 in range(1, var1 + 1):
    var6[var3] = max(var6[var3 - 1], var2[var3 - 1][0])
    var7[var3] = min(var7[var3 - 1], var2[var3 - 1][1])
var8 = [0] * (var1 + 2)
var9 = [0] * (var1 + 2)
var9[var1] = 10 ** 10
for var3 in range(var1 - 1, 0, -1):
    var8[var3] = max(var8[var3 + 1], var2[var3][0])
    var9[var3] = min(var9[var3 + 1], var2[var3][1])
var10 = 0
for var3 in range(1, var1 + 1):
    var11 = min(var7[var3 - 1], var9[var3]) - max(var6[var3 - 1], var8[var3])
    if var11 > var10:
        var10 = var11
print(var10)
```

### Input/Output Unit Test Cases:
```Input/Output Unit Test Cases
## Test Case 1:
Input: '3
2 5
1 4
1 6'
Output: '3'

## Test Case 2:
Input: '2
0 0
1 3'
Output: '2'

## Test Case 3:
Input: '4
1 4
1 4
2 2
1 5'
Output: '3'

## Test Case 4:
Input: '4
0 11
10 16
11 15
12 14'
Output: '2'

## Test Case 5:
Input: '2
1 5
2 4'
Output: '4'

```

"
u102461423,p02612,python,s840955881,s608348800,35,29,9152,9160,Accepted,Accepted,17.14,"import sys



read = sys.stdin.buffer.read

readline = sys.stdin.buffer.readline

readlines = sys.stdin.buffer.readlines



N = int(read())

x = N + (-N) % 1000

print((x - N))","import math

N = int(eval(input()))

x = math.ceil(N/1000) * 1000

print((x-N))",9,4,174,71,"import sys

read = sys.stdin.buffer.read
readline = sys.stdin.buffer.readline
readlines = sys.stdin.buffer.readlines
N = int(read())
x = N + (-N) % 1000
print((x - N))
","import math

N = int(eval(input()))
x = math.ceil(N / 1000) * 1000
print((x - N))
",False,55.55555556,"['-import sys', '+import math', '-read = sys.stdin.buffer.read', '-readline = sys.stdin.buffer.readline', '-readlines = sys.stdin.buffer.readlines', '-N = int(read())', '-x = N + (-N) % 1000', '+N = int(eval(input()))', '+x = math.ceil(N / 1000) * 1000']",False,0.260022393,0.138584087,1.876278864,"['s840955881', 's608348800']","{'inputs': ['3000\n', '1900\n'], 'outputs': ['0\n', '100\n']}","{'inputs': ['118\n', '431\n', '3264\n', '15\n', '-16\n', '3\n', '3086\n', '645\n', '0\n', '490\n', '-6\n', '432\n', '-5\n', '6\n', '-7\n', '4\n', '-61\n', '-9\n', '814\n', '-8\n', '1698\n', '-11\n', '5\n', '133\n', '603\n', '9\n', '194\n', '1014\n', '-14\n', '191\n', '277\n', '8\n', '282\n', '130\n', '-66\n', '572\n', '-4\n', '209\n', '313\n', '1861\n', '10\n', '293\n', '-1\n', '2\n', '516\n', '721\n', '89\n', '636\n', '98\n', '3154\n', '-10\n', '567\n', '-15\n', '278\n', '530\n', '440\n', '-12\n', '4844\n', '1021\n', '1858\n', '1\n', '323\n', '-2\n', '405\n', '294\n', '2807\n', '-17\n', '24\n', '-3\n', '13\n', '-28\n', '656\n', '-40\n', '476\n', '660\n', '-19\n', '1361\n', '2651\n', '18\n', '165\n', '23\n', '504\n', '213\n', '7\n', '75\n', '975\n', '11\n', '3520\n', '2049\n', '2720\n', '5614\n', '699\n', '860\n', '16\n', '541\n', '12\n', '-26\n', '-42\n', '769\n', '1054\n'], 'outputs': ['882\n', '569\n', '736\n', '985\n', '16\n', '997\n', '914\n', '355\n', '0\n', '510\n', '6\n', '568\n', '5\n', '994\n', '7\n', '996\n', '61\n', '9\n', '186\n', '8\n', '302\n', '11\n', '995\n', '867\n', '397\n', '991\n', '806\n', '986\n', '14\n', '809\n', '723\n', '992\n', '718\n', '870\n', '66\n', '428\n', '4\n', '791\n', '687\n', '139\n', '990\n', '707\n', '1\n', '998\n', '484\n', '279\n', '911\n', '364\n', '902\n', '846\n', '10\n', '433\n', '15\n', '722\n', '470\n', '560\n', '12\n', '156\n', '979\n', '142\n', '999\n', '677\n', '2\n', '595\n', '706\n', '193\n', '17\n', '976\n', '3\n', '987\n', '28\n', '344\n', '40\n', '524\n', '340\n', '19\n', '639\n', '349\n', '982\n', '835\n', '977\n', '496\n', '787\n', '993\n', '925\n', '25\n', '989\n', '480\n', '951\n', '280\n', '386\n', '301\n', '140\n', '984\n', '459\n', '988\n', '26\n', '42\n', '231\n', '946\n']}",1,3.81,1,26.59,1.0,3.46,1.0,22.9,"import sys
read = sys.stdin.read
readline = sys.stdin.readline
readlines = sys.stdin.readlines
N = int(read())
x = N + -N % 1000
print(x - N)","import sys
var1 = sys.stdin.read
var2 = sys.stdin.readline
var3 = sys.stdin.readlines
var4 = int(var1())
var5 = var4 + -var4 % 1000
print(var5 - var4)","import math
N = int(eval(input()))
x = math.ceil(N / 1000) * 1000
print(x - N)","'sys', 1, 'comesFrom', [], []
'read', 2, 'computedFrom', ['sys', 'stdin', 'buffer', 'read'], [4, 6, 8, 10]
'sys', 4, 'comesFrom', ['sys'], [1]
'stdin', 6, 'comesFrom', [], []
'buffer', 8, 'comesFrom', [], []
'read', 10, 'comesFrom', [], []
'readline', 11, 'computedFrom', ['input'], [13]
'input', 13, 'comesFrom', [], []
'readlines', 14, 'computedFrom', ['inputs'], [16]
'inputs', 16, 'comesFrom', [], []
'N', 17, 'computedFrom', ['int', 'read'], [19, 21]
'int', 19, 'comesFrom', [], []
'read', 21, 'comesFrom', ['read'], [2]
'x', 25, 'computedFrom', ['N', 'N', '1000'], [27, 30, 32]
'N', 27, 'comesFrom', ['N'], [17]
'N', 30, 'comesFrom', ['N'], [17]
'1000', 32, 'comesFrom', [], []
'x', 35, 'comesFrom', ['x'], [25]
'N', 37, 'comesFrom', ['N'], [17]","'sys', 1, 'comesFrom', [], []
'var1', 2, 'computedFrom', ['sys', 'stdin', 'buffer', 'read'], [4, 6, 8, 10]
'sys', 4, 'comesFrom', ['sys'], [1]
'stdin', 6, 'comesFrom', [], []
'buffer', 8, 'comesFrom', [], []
'read', 10, 'comesFrom', [], []
'var2', 11, 'computedFrom', ['input'], [13]
'input', 13, 'comesFrom', [], []
'var3', 14, 'computedFrom', ['inputs'], [16]
'inputs', 16, 'comesFrom', [], []
'var4', 17, 'computedFrom', ['int', 'var1'], [19, 21]
'int', 19, 'comesFrom', [], []
'var1', 21, 'comesFrom', ['var1'], [2]
'var5', 25, 'computedFrom', ['var4', 'var4', '1000'], [27, 30, 32]
'var4', 27, 'comesFrom', ['var4'], [17]
'var4', 30, 'comesFrom', ['var4'], [17]
'1000', 32, 'comesFrom', [], []
'var5', 35, 'comesFrom', ['var5'], [25]
'var4', 37, 'comesFrom', ['var4'], [17]",95928,"import sys
var1 = int(input())
var2 = []
var3 = []
for var4 in range(var1):
    var2.append(sys.stdin.read(1))
for var4 in range(var1, var1 * 2):
    var3.append(sys.stdin.read(1))
var2.sort(reverse=True)
var3.sort(reverse=True)
var5 = 0
for var4 in range(var1):
    if var2[var4] < var3[var4]:
        var5 += 1
    elif var2[var4] > var3[var4]:
        var5 -= 1
if var5 == var1 or var5 == -var1:
    print('YES')
else:
    print('NO')","'sys', 1, 'comesFrom', [], []
'var1', 2, 'computedFrom', ['int', 'input'], [4, 6]
'int', 4, 'comesFrom', [], []
'input', 6, 'comesFrom', [], []
'var2', 10, 'computedFrom', [], []
'var3', 14, 'computedFrom', [], []
'var4', 19, 'computedFrom', ['var1', 'range'], [21, 23]
'range', 21, 'comesFrom', ['range'], [21]
'var1', 23, 'comesFrom', ['var1'], [2]
'var2', 26, 'comesFrom', ['var2'], [10]
'append', 28, 'comesFrom', ['append'], [28]
'sys', 30, 'comesFrom', ['sys'], [1]
'stdin', 32, 'comesFrom', ['stdin'], [32]
'read', 34, 'comesFrom', ['read'], [34]
'var4', 40, 'computedFrom', ['var1', 'range', '2'], [42, 44, 46, 48]
'range', 42, 'comesFrom', ['range'], [21]
'var1', 44, 'comesFrom', ['var1'], [2]
'var1', 46, 'comesFrom', ['var1'], [2]
'2', 48, 'comesFrom', [], []
'var3', 51, 'comesFrom', ['var3'], [14]
'append', 53, 'comesFrom', ['append'], [28]
'sys', 55, 'comesFrom', ['sys'], [1]
'stdin', 57, 'comesFrom', ['stdin'], [32]
'read', 59, 'comesFrom', ['read'], [34]
'var2', 64, 'comesFrom', ['var2'], [10]
'sort', 66, 'comesFrom', [], []
'reverse', 68, 'comesFrom', [], []
'var3', 72, 'comesFrom', ['var3'], [14]
'sort', 74, 'comesFrom', ['sort'], [66]
'reverse', 76, 'comesFrom', ['reverse'], [68]
'var5', 80, 'computedFrom', ['0'], [82]
'0', 82, 'comesFrom', [], []
'var4', 84, 'computedFrom', ['var1', 'range'], [86, 88]
'range', 86, 'comesFrom', ['range'], [21]
'var1', 88, 'comesFrom', ['var1'], [2]
'var2', 92, 'comesFrom', ['var2'], [10]
'var4', 94, 'comesFrom', ['var4'], [84]
'var3', 97, 'comesFrom', ['var3'], [14]
'var4', 99, 'comesFrom', ['var4'], [84]
'var5', 102, 'computedFrom', ['1'], [104]
'1', 104, 'comesFrom', [], []
'var2', 106, 'comesFrom', ['var2'], [10]
'var4', 108, 'comesFrom', ['var4'], [84]
'var3', 111, 'comesFrom', ['var3'], [14]
'var4', 113, 'comesFrom', ['var4'], [84]
'var5', 116, 'computedFrom', ['1'], [118]
'1', 118, 'comesFrom', [], []
'var5', 120, 'comesFrom', ['var5'], [80, 102, 116]
'var1', 122, 'comesFrom', ['var1'], [2]
'var5', 124, 'comesFrom', ['var5'], [80, 102, 116]
'var1', 127, 'comesFrom', ['var1'], [2]","{'inputs': ['50\n0013011201111112210231333121030031021132323232322331422253215312454431312252454531121325154332452522\n', '50\n1333113332002310001130333200002120101112101000001001122200021012010112000102121102212021200102011000\n', '20\n5232324254212415411311123313002001301121\n', '10\n11111111112222222222\n', '50\n7768982292275759939882751465173844816331588199736866065335518782157581162167237401803021840688341656\n'], 'outputs': ['YES\n', 'NO\n', 'YES\n', 'YES\n', 'YES\n']}",143904,"import sys
var1 = 0
if var1:
    var2 = sys.stdin
    sys.stdin = inputfile
var3 = int(input())
var4 = int(input())
var5 = list(map(int, input().split(' ')))
var6 = list(map(int, input().split(' ')))
if 1 in var6:
    print(-1)
elif 1 in var5:
    print(-1)
else:
    var7 = var4 / (var6[0] - 1) + var4
    var8 = var3 - 1
    while var8 >= 1:
        var7 = var7 + var7 / (var5[var8] - 1)
        var7 = var7 + var7 / (var6[var8] - 1)
        var8 -= 1
    var7 += var7 / (var5[0] - 1)
    print(var7 - var4)
if var1:
    sys.stdin = var2","'sys', 1, 'comesFrom', [], []
'var1', 2, 'computedFrom', ['0'], [4]
'0', 4, 'comesFrom', [], []
'var1', 6, 'comesFrom', ['var1'], [2]
'var2', 8, 'computedFrom', ['sys', 'stdin'], [10, 12]
'sys', 10, 'comesFrom', ['sys'], [1]
'stdin', 12, 'comesFrom', [], []
'sys', 13, 'computedFrom', ['inputfile'], [17]
'stdin', 15, 'computedFrom', ['inputfile'], [17]
'inputfile', 17, 'comesFrom', [], []
'var3', 18, 'computedFrom', ['int', 'input'], [20, 22]
'int', 20, 'comesFrom', [], []
'input', 22, 'comesFrom', [], []
'var4', 26, 'computedFrom', ['int', 'input'], [28, 30]
'int', 28, 'comesFrom', ['int'], [20]
'input', 30, 'comesFrom', ['input'], [22]
'var5', 34, 'computedFrom', ['list', 'map', 'int', 'input', 'split', ""' '""], [36, 38, 40, 42, 46, 48]
'list', 36, 'comesFrom', [], []
'map', 38, 'comesFrom', [], []
'int', 40, 'comesFrom', ['int'], [20]
'input', 42, 'comesFrom', ['input'], [22]
'split', 46, 'comesFrom', [], []
""' '"", 48, 'comesFrom', [], []
'var6', 52, 'computedFrom', ['list', 'map', 'int', 'input', 'split', ""' '""], [54, 56, 58, 60, 64, 66]
'list', 54, 'comesFrom', ['list'], [36]
'map', 56, 'comesFrom', ['map'], [38]
'int', 58, 'comesFrom', ['int'], [20]
'input', 60, 'comesFrom', ['input'], [22]
'split', 64, 'comesFrom', ['split'], [46]
""' '"", 66, 'comesFrom', [], []
'var6', 73, 'comesFrom', ['var6'], [52]
'var5', 83, 'comesFrom', ['var5'], [34]
'var7', 92, 'computedFrom', ['var4', 'var6', '0', '1', 'var4'], [94, 97, 99, 102, 105]
'var4', 94, 'comesFrom', ['var4'], [26]
'var6', 97, 'comesFrom', ['var6'], [52]
'0', 99, 'comesFrom', [], []
'1', 102, 'comesFrom', [], []
'var4', 105, 'comesFrom', ['var4'], [26]
'var8', 106, 'computedFrom', ['var3', '1'], [108, 110]
'var3', 108, 'comesFrom', ['var3'], [18]
'1', 110, 'comesFrom', [], []
'var8', 112, 'comesFrom', ['var8'], [106, 144]
'var7', 116, 'computedFrom', ['var7', '1', 'var5', 'var8'], [118, 120, 123, 125, 128]
'var7', 118, 'comesFrom', ['var7'], [92, 130]
'var7', 120, 'comesFrom', ['var7'], [92, 130]
'var5', 123, 'comesFrom', ['var5'], [34]
'var8', 125, 'comesFrom', ['var8'], [106, 144]
'1', 128, 'comesFrom', [], []
'var7', 130, 'computedFrom', ['var7', '1', 'var6', 'var8'], [132, 134, 137, 139, 142]
'var7', 132, 'comesFrom', ['var7'], [116]
'var7', 134, 'comesFrom', ['var7'], [116]
'var6', 137, 'comesFrom', ['var6'], [52]
'var8', 139, 'comesFrom', ['var8'], [106, 144]
'1', 142, 'comesFrom', [], []
'var8', 144, 'computedFrom', ['1'], [146]
'1', 146, 'comesFrom', [], []
'var7', 147, 'computedFrom', ['var7', 'var5', '0', '1'], [149, 152, 154, 157]
'var7', 149, 'comesFrom', ['var7'], [130]
'var5', 152, 'comesFrom', ['var5'], [34]
'0', 154, 'comesFrom', [], []
'1', 157, 'comesFrom', [], []
'var7', 161, 'comesFrom', ['var7'], [147]
'var4', 163, 'comesFrom', ['var4'], [26]
'var1', 166, 'comesFrom', ['var1'], [2]
'sys', 168, 'computedFrom', ['var2'], [172]
'stdin', 170, 'computedFrom', ['var2'], [172]
'var2', 172, 'comesFrom', ['var2'], [8]","{'inputs': ['10\n10\n9 8 8 7 2 10 2 9 2 4\n3 10 6 2 6 6 5 9 4 5\n', '30\n5\n25 1 28 1 27 25 24 1 28 1 12 1 29 16 1 1 1 1 27 1 24 1 1 1 1 1 1 1 30 3\n1 22 1 1 24 2 13 1 16 21 1 27 14 16 1 1 7 1 1 18 1 23 10 1 15 16 16 15 10 1\n', '6\n2\n4 6 3 3 5 6\n2 6 3 6 5 3\n', '9\n2\n8 7 1 1 3 7 1 2 4\n4 1 1 8 7 7 1 1 5\n', '40\n13\n1 1 1 23 21 1 1 1 1 1 40 32 1 21 1 8 1 1 36 15 33 1 30 1 1 37 22 1 4 39 7 1 9 37 1 1 1 28 1 1\n1 34 17 1 38 20 8 14 1 18 29 3 21 21 18 14 1 11 1 1 23 1 25 1 14 1 7 31 9 20 25 1 1 1 1 8 26 12 1 1\n'], 'outputs': ['3075.7142857143\n', '-1\n', '85.4800000000\n', '-1\n', '-1\n']}",32649,"from math import *
import sys
var1 = int(input())
var2 = []
var3 = var4 = 0
var5 = 0
for var6 in range(var1):
    var7 = []
    for var8 in range(var1):
        var9 = sys.stdin.read(1)
        var4 = var4 + 1 if var9 == 'C' else var4
        var7.append(var9)
    var5 += factorial(var4) // (factorial(var4 - 2) * 2) if var4 >= 2 else 0
    var4 = 0
    sys.stdin.read(1)
    var2.append(var7)
for var6 in range(var1):
    for var8 in range(var1):
        var3 = var3 + 1 if var2[var8][var6] == 'C' else var3
    var5 += factorial(var3) // (factorial(var3 - 2) * 2) if var3 >= 2 else 0
    var3 = 0
print(var5)","'sys', 5, 'comesFrom', [], []
'var1', 6, 'computedFrom', ['int', 'input'], [8, 10]
'int', 8, 'comesFrom', [], []
'input', 10, 'comesFrom', [], []
'var2', 14, 'computedFrom', [], []
'var3', 18, 'computedFrom', ['var4', '0'], [20, 22]
'var4', 20, 'computedFrom', ['0'], [22]
'0', 22, 'comesFrom', [], []
'var5', 23, 'computedFrom', ['0'], [25]
'0', 25, 'comesFrom', [], []
'var6', 27, 'computedFrom', ['var1', 'range'], [29, 31]
'range', 29, 'comesFrom', ['range'], [29]
'var1', 31, 'comesFrom', ['var1'], [6]
'var7', 34, 'computedFrom', [], []
'var8', 39, 'computedFrom', ['var1', 'range'], [41, 43]
'range', 41, 'comesFrom', ['range'], [29]
'var1', 43, 'comesFrom', ['var1'], [6]
'var9', 46, 'computedFrom', ['stdin', '1', 'read', 'sys'], [48, 50, 52, 54]
'sys', 48, 'comesFrom', ['sys'], [5]
'stdin', 50, 'comesFrom', ['stdin'], [50]
'read', 52, 'comesFrom', ['read'], [52]
'1', 54, 'comesFrom', [], []
'var4', 56, 'computedFrom', ['var9', '1', ""'C'"", 'var4'], [58, 60, 62, 64, 66]
'var4', 58, 'comesFrom', ['var4'], [20, 56, 96]
'1', 60, 'comesFrom', [], []
'var9', 62, 'comesFrom', ['var9'], [46]
""'C'"", 64, 'comesFrom', [], []
'var4', 66, 'comesFrom', ['var4'], [20, 56, 96]
'var7', 67, 'comesFrom', ['var7'], [34]
'append', 69, 'comesFrom', ['append'], [69]
'var9', 71, 'comesFrom', ['var9'], [46]
'var5', 73, 'computedFrom', ['0', '2', 'var4', 'factorial'], [75, 77, 81, 83, 85, 88, 91, 93, 95]
'factorial', 75, 'comesFrom', ['factorial'], [75]
'var4', 77, 'comesFrom', ['var4'], [56]
'factorial', 81, 'comesFrom', ['factorial'], [75]
'var4', 83, 'comesFrom', ['var4'], [56]
'2', 85, 'comesFrom', [], []
'2', 88, 'comesFrom', [], []
'var4', 91, 'comesFrom', ['var4'], [56]
'2', 93, 'comesFrom', [], []
'0', 95, 'comesFrom', [], []
'var4', 96, 'computedFrom', ['0'], [98]
'0', 98, 'comesFrom', [], []
'sys', 99, 'comesFrom', ['sys'], [5]
'stdin', 101, 'comesFrom', ['stdin'], [50]
'read', 103, 'comesFrom', ['read'], [52]
'var2', 107, 'comesFrom', ['var2'], [14]
'append', 109, 'comesFrom', ['append'], [69]
'var7', 111, 'comesFrom', ['var7'], [34]
'var6', 114, 'computedFrom', ['var1', 'range'], [116, 118]
'range', 116, 'comesFrom', ['range'], [29]
'var1', 118, 'comesFrom', ['var1'], [6]
'var8', 122, 'computedFrom', ['var1', 'range'], [124, 126]
'range', 124, 'comesFrom', ['range'], [29]
'var1', 126, 'comesFrom', ['var1'], [6]
'var3', 129, 'computedFrom', ['var6', 'var2', ""'C'"", 'var3', 'var8', '1'], [131, 133, 135, 137, 140, 143, 145]
'var3', 131, 'comesFrom', ['var3'], [18, 129, 169]
'1', 133, 'comesFrom', [], []
'var2', 135, 'comesFrom', ['var2'], [14]
'var8', 137, 'comesFrom', ['var8'], [122]
'var6', 140, 'comesFrom', ['var6'], [114]
""'C'"", 143, 'comesFrom', [], []
'var3', 145, 'comesFrom', ['var3'], [18, 129, 169]
'var5', 146, 'computedFrom', ['var3', '0', '2', 'factorial'], [148, 150, 154, 156, 158, 161, 164, 166, 168]
'factorial', 148, 'comesFrom', ['factorial'], [75]
'var3', 150, 'comesFrom', ['var3'], [129]
'factorial', 154, 'comesFrom', ['factorial'], [75]
'var3', 156, 'comesFrom', ['var3'], [129]
'2', 158, 'comesFrom', [], []
'2', 161, 'comesFrom', [], []
'var3', 164, 'comesFrom', ['var3'], [129]
'2', 166, 'comesFrom', [], []
'0', 168, 'comesFrom', [], []
'var3', 169, 'computedFrom', ['0'], [171]
'0', 171, 'comesFrom', [], []
'var5', 174, 'comesFrom', ['var5'], [146]","{'inputs': ['13\nC.C...C.C.C..\nCC.CCCC.CC..C\n.C.CCCCC.CC..\nCCCC..C...C..\n...CC.C.C...C\n.CC.CCC...CC.\nCC.CCCCCC....\n.C...C..CC..C\nCCCC.CC...C..\n.C.CCC..C.CC.\n..C...CC..C.C\n..C.CCC..CC.C\n.C...CCC.CC.C\n', '9\n.C...CCCC\nC.CCCC...\n....C..CC\n.CC.CCC..\n.C.C..CC.\nC...C.CCC\nCCC.C...C\nCCCC....C\n..C..C..C\n', '16\n.C.C.C.C.C...C.C\n..C..C.CCCCCC...\n..C.C.C.C..C..C.\n.CC....C.CCC..C.\n.C.CCC..C....CCC\nCC..C.CC..C.C.CC\n...C..C..CC..CC.\n.CCC..C.CC.C.C..\n.CC.C..........C\nC...C....CC..C..\nC.CCC.C..C..C...\n.CCCCCCCCCCCC..C\n..C.C.CC.CC.CCC.\nCC..C.C....C..CC\nC.CCC..C..C.C.CC\n.C.CCC.CC..CCC.C\n', '3\n.CC\nC..\nC.C\n', '15\nCCCC.C..CCC....\nCCCCCC.CC.....C\n...C.CC.C.C.CC.\nCCCCCCC..C..C..\nC..CCC..C.CCCC.\n.CC..C.C.C.CC.C\n.C.C..C..C.C..C\n...C...C..CCCC.\n.....C.C..CC...\nCC.C.C..CC.C..C\n..CCCCC..CCC...\nCC.CC.C..CC.CCC\n..CCC...CC.C..C\nCC..C.C..CCC..C\n.C.C....CCC...C\n'], 'outputs': ['529\n', '144\n', '874\n', '4\n', '789\n']}",38374,"import sys
var1 = sys.stdin.read()
var1 = var1.strip().split('\n')
var2 = int(var1[0])
var3, var4 = map(int, var1[1].split())
var5 = abs(1 - var3) + abs(1 - var4)
var6 = abs(var2 - var3) + abs(var2 - var4)
if var5 == var6:
    print('White')
elif var5 < var6:
    print('White')
elif var5 > var6:
    print('Black')","'sys', 1, 'comesFrom', [], []
'var1', 2, 'computedFrom', ['sys', 'stdin', 'read'], [4, 6, 8]
'sys', 4, 'comesFrom', ['sys'], [1]
'stdin', 6, 'comesFrom', [], []
'read', 8, 'comesFrom', [], []
'var1', 11, 'computedFrom', ['var1', 'strip', 'split', ""'\\n'""], [13, 15, 19, 21]
'var1', 13, 'comesFrom', ['var1'], [2]
'strip', 15, 'comesFrom', [], []
'split', 19, 'comesFrom', [], []
""'\\n'"", 21, 'comesFrom', [], []
'var2', 23, 'computedFrom', ['int', 'var1', '0'], [25, 27, 29]
'int', 25, 'comesFrom', [], []
'var1', 27, 'comesFrom', ['var1'], [11]
'0', 29, 'comesFrom', [], []
'var3', 32, 'computedFrom', ['map'], [36]
'var4', 34, 'computedFrom', ['int', 'var1', '1', 'split'], [38, 40, 42, 45]
'map', 36, 'comesFrom', [], []
'int', 38, 'comesFrom', ['int'], [25]
'var1', 40, 'comesFrom', ['var1'], [11]
'1', 42, 'comesFrom', [], []
'split', 45, 'comesFrom', ['split'], [19]
'var5', 49, 'computedFrom', ['abs', '1', 'var3', 'abs', '1', 'var4'], [51, 53, 55, 58, 60, 62]
'abs', 51, 'comesFrom', [], []
'1', 53, 'comesFrom', [], []
'var3', 55, 'comesFrom', ['var3'], [32]
'abs', 58, 'comesFrom', ['abs'], [51]
'1', 60, 'comesFrom', [], []
'var4', 62, 'comesFrom', ['var4'], [34]
'var6', 64, 'computedFrom', ['abs', 'var2', 'var3', 'abs', 'var2', 'var4'], [66, 68, 70, 73, 75, 77]
'abs', 66, 'comesFrom', ['abs'], [51]
'var2', 68, 'comesFrom', ['var2'], [23]
'var3', 70, 'comesFrom', ['var3'], [32]
'abs', 73, 'comesFrom', ['abs'], [51]
'var2', 75, 'comesFrom', ['var2'], [23]
'var4', 77, 'comesFrom', ['var4'], [34]
'var5', 80, 'comesFrom', ['var5'], [49]
'var6', 82, 'comesFrom', ['var6'], [64]
'var5', 89, 'comesFrom', ['var5'], [49]
'var6', 91, 'comesFrom', ['var6'], [64]
'var5', 98, 'comesFrom', ['var5'], [49]
'var6', 100, 'comesFrom', ['var6'], [64]","{'inputs': ['499958409834381151\n245310126244979452 488988844330818557\n', '999999999999999999\n327830472747832080 672169527252167920\n', '878602530892252875\n583753601575252768 851813862933314387\n', '2\n1 1\n', '144115188075855872\n18186236734221198 14332453966660421\n'], 'outputs': ['Black\n', 'White\n', 'Black\n', 'White\n', 'White\n']}","#### Reference Example 1:
### Python Program:
```python
import sys
var1 = int(input())
var2 = []
var3 = []
for var4 in range(var1):
    var2.append(sys.stdin.read(1))
for var4 in range(var1, var1 * 2):
    var3.append(sys.stdin.read(1))
var2.sort(reverse=True)
var3.sort(reverse=True)
var5 = 0
for var4 in range(var1):
    if var2[var4] < var3[var4]:
        var5 += 1
    elif var2[var4] > var3[var4]:
        var5 -= 1
if var5 == var1 or var5 == -var1:
    print('YES')
else:
    print('NO')
```

### Input/Output Unit Test Cases:
```Input/Output Unit Test Cases
## Test Case 1:
Input: '50
0013011201111112210231333121030031021132323232322331422253215312454431312252454531121325154332452522'
Output: 'YES'

## Test Case 2:
Input: '50
1333113332002310001130333200002120101112101000001001122200021012010112000102121102212021200102011000'
Output: 'NO'

## Test Case 3:
Input: '20
5232324254212415411311123313002001301121'
Output: 'YES'

## Test Case 4:
Input: '10
11111111112222222222'
Output: 'YES'

## Test Case 5:
Input: '50
7768982292275759939882751465173844816331588199736866065335518782157581162167237401803021840688341656'
Output: 'YES'

```

#### Reference Example 2:
### Python Program:
```python
import sys
var1 = 0
if var1:
    var2 = sys.stdin
    sys.stdin = inputfile
var3 = int(input())
var4 = int(input())
var5 = list(map(int, input().split(' ')))
var6 = list(map(int, input().split(' ')))
if 1 in var6:
    print(-1)
elif 1 in var5:
    print(-1)
else:
    var7 = var4 / (var6[0] - 1) + var4
    var8 = var3 - 1
    while var8 >= 1:
        var7 = var7 + var7 / (var5[var8] - 1)
        var7 = var7 + var7 / (var6[var8] - 1)
        var8 -= 1
    var7 += var7 / (var5[0] - 1)
    print(var7 - var4)
if var1:
    sys.stdin = var2
```

### Input/Output Unit Test Cases:
```Input/Output Unit Test Cases
## Test Case 1:
Input: '10
10
9 8 8 7 2 10 2 9 2 4
3 10 6 2 6 6 5 9 4 5'
Output: '3075.7142857143'

## Test Case 2:
Input: '30
5
25 1 28 1 27 25 24 1 28 1 12 1 29 16 1 1 1 1 27 1 24 1 1 1 1 1 1 1 30 3
1 22 1 1 24 2 13 1 16 21 1 27 14 16 1 1 7 1 1 18 1 23 10 1 15 16 16 15 10 1'
Output: '-1'

## Test Case 3:
Input: '6
2
4 6 3 3 5 6
2 6 3 6 5 3'
Output: '85.4800000000'

## Test Case 4:
Input: '9
2
8 7 1 1 3 7 1 2 4
4 1 1 8 7 7 1 1 5'
Output: '-1'

## Test Case 5:
Input: '40
13
1 1 1 23 21 1 1 1 1 1 40 32 1 21 1 8 1 1 36 15 33 1 30 1 1 37 22 1 4 39 7 1 9 37 1 1 1 28 1 1
1 34 17 1 38 20 8 14 1 18 29 3 21 21 18 14 1 11 1 1 23 1 25 1 14 1 7 31 9 20 25 1 1 1 1 8 26 12 1 1'
Output: '-1'

```

#### Reference Example 3:
### Python Program:
```python
from math import *
import sys
var1 = int(input())
var2 = []
var3 = var4 = 0
var5 = 0
for var6 in range(var1):
    var7 = []
    for var8 in range(var1):
        var9 = sys.stdin.read(1)
        var4 = var4 + 1 if var9 == 'C' else var4
        var7.append(var9)
    var5 += factorial(var4) // (factorial(var4 - 2) * 2) if var4 >= 2 else 0
    var4 = 0
    sys.stdin.read(1)
    var2.append(var7)
for var6 in range(var1):
    for var8 in range(var1):
        var3 = var3 + 1 if var2[var8][var6] == 'C' else var3
    var5 += factorial(var3) // (factorial(var3 - 2) * 2) if var3 >= 2 else 0
    var3 = 0
print(var5)
```

### Input/Output Unit Test Cases:
```Input/Output Unit Test Cases
## Test Case 1:
Input: '13
C.C...C.C.C..
CC.CCCC.CC..C
.C.CCCCC.CC..
CCCC..C...C..
...CC.C.C...C
.CC.CCC...CC.
CC.CCCCCC....
.C...C..CC..C
CCCC.CC...C..
.C.CCC..C.CC.
..C...CC..C.C
..C.CCC..CC.C
.C...CCC.CC.C'
Output: '529'

## Test Case 2:
Input: '9
.C...CCCC
C.CCCC...
....C..CC
.CC.CCC..
.C.C..CC.
C...C.CCC
CCC.C...C
CCCC....C
..C..C..C'
Output: '144'

## Test Case 3:
Input: '16
.C.C.C.C.C...C.C
..C..C.CCCCCC...
..C.C.C.C..C..C.
.CC....C.CCC..C.
.C.CCC..C....CCC
CC..C.CC..C.C.CC
...C..C..CC..CC.
.CCC..C.CC.C.C..
.CC.C..........C
C...C....CC..C..
C.CCC.C..C..C...
.CCCCCCCCCCCC..C
..C.C.CC.CC.CCC.
CC..C.C....C..CC
C.CCC..C..C.C.CC
.C.CCC.CC..CCC.C'
Output: '874'

## Test Case 4:
Input: '3
.CC
C..
C.C'
Output: '4'

## Test Case 5:
Input: '15
CCCC.C..CCC....
CCCCCC.CC.....C
...C.CC.C.C.CC.
CCCCCCC..C..C..
C..CCC..C.CCCC.
.CC..C.C.C.CC.C
.C.C..C..C.C..C
...C...C..CCCC.
.....C.C..CC...
CC.C.C..CC.C..C
..CCCCC..CCC...
CC.CC.C..CC.CCC
..CCC...CC.C..C
CC..C.C..CCC..C
.C.C....CCC...C'
Output: '789'

```

#### Reference Example 4:
### Python Program:
```python
import sys
var1 = sys.stdin.read()
var1 = var1.strip().split('\n')
var2 = int(var1[0])
var3, var4 = map(int, var1[1].split())
var5 = abs(1 - var3) + abs(1 - var4)
var6 = abs(var2 - var3) + abs(var2 - var4)
if var5 == var6:
    print('White')
elif var5 < var6:
    print('White')
elif var5 > var6:
    print('Black')
```

### Input/Output Unit Test Cases:
```Input/Output Unit Test Cases
## Test Case 1:
Input: '499958409834381151
245310126244979452 488988844330818557'
Output: 'Black'

## Test Case 2:
Input: '999999999999999999
327830472747832080 672169527252167920'
Output: 'White'

## Test Case 3:
Input: '878602530892252875
583753601575252768 851813862933314387'
Output: 'Black'

## Test Case 4:
Input: '2
1 1'
Output: 'White'

## Test Case 5:
Input: '144115188075855872
18186236734221198 14332453966660421'
Output: 'White'

```

"
u105210954,p03013,python,s757552767,s396543034,1264,505,17796,44376,Accepted,Accepted,60.05,"import numpy as np

def resolve():

    MOD = 10 ** 9 + 7

    n, m = list(map(int, input().split()))

    a = [int(eval(input())) for _ in range(m)]



    dp = np.array([1] * (n + 1))

    dp[a] = 0



    for i in range(2, n + 1):

        if dp[i] != 0:

            dp[i] = np.sum(dp[i - 2:i]) % MOD



    print((dp[n]))

    

resolve()","def resolve():

    MOD = 10 ** 9 + 7

    n, m = list(map(int, input().split()))



    # i¶ÎÄ¿¤Ëµ½ß_¤¹¤ë¤Þ¤Ç¤Î¥ë©`¥È¤Î¾tÊý

    dp = [1] * (n + 1)



    for _ in range(m):

        dp[int(eval(input()))] = 0



    for i in range(2, n + 1):

        if dp[i] == 0:

            continue



        dp[i] = (dp[i - 1] + dp[i - 2]) % MOD



    print((dp[n]))

    

resolve()",16,19,329,347,"import numpy as np


def resolve():
    MOD = 10**9 + 7
    n, m = list(map(int, input().split()))
    a = [int(eval(input())) for _ in range(m)]
    dp = np.array([1] * (n + 1))
    dp[a] = 0
    for i in range(2, n + 1):
        if dp[i] != 0:
            dp[i] = np.sum(dp[i - 2 : i]) % MOD
    print((dp[n]))


resolve()
","def resolve():
    MOD = 10**9 + 7
    n, m = list(map(int, input().split()))
    # i¶ÎÄ¿¤Ëµ½ß_¤¹¤ë¤Þ¤Ç¤Î¥ë©`¥È¤Î¾tÊý
    dp = [1] * (n + 1)
    for _ in range(m):
        dp[int(eval(input()))] = 0
    for i in range(2, n + 1):
        if dp[i] == 0:
            continue
        dp[i] = (dp[i - 1] + dp[i - 2]) % MOD
    print((dp[n]))


resolve()
",False,15.78947368,"['-import numpy as np', '-', '-', '-    a = [int(eval(input())) for _ in range(m)]', '-    dp = np.array([1] * (n + 1))', '-    dp[a] = 0', '+    # i¶ÎÄ¿¤Ëµ½ß_¤¹¤ë¤Þ¤Ç¤Î¥ë©`¥È¤Î¾tÊý', '+    dp = [1] * (n + 1)', '+    for _ in range(m):', '+        dp[int(eval(input()))] = 0', '-        if dp[i] != 0:', '-            dp[i] = np.sum(dp[i - 2 : i]) % MOD', '+        if dp[i] == 0:', '+            continue', '+        dp[i] = (dp[i - 1] + dp[i - 2]) % MOD']",False,1.674446951,0.25733926,6.506768356,"['s757552767', 's396543034']","{'inputs': ['100 5\n1\n23\n45\n67\n89\n', '10 2\n4\n5\n', '6 1\n3\n'], 'outputs': ['608200469\n', '0\n', '4\n']}","{'inputs': ['10 2\n4\n1\n', '100 1\n1\n23\n44\n58\n89\n', '101 1\n1\n23\n44\n101\n89\n', '111 3\n1\n23\n4\n47\n17\n', '10 2\n3\n2\n', '8 1\n3\n', '100 2\n1\n20\n151\n101\n89\n', '100 3\n2\n30\n46\n47\n17\n', '17 0\n7\n0\n', '12 1\n6\n0\n', '100 5\n1\n23\n45\n47\n89\n', '10 0\n4\n1\n', '100 5\n1\n23\n21\n27\n89\n', '010 1\n1\n88\n140\n8\n24\n', '100 5\n1\n23\n4\n27\n89\n', '100 4\n1\n23\n65\n27\n31\n', '011 0\n1\n19\n1\n65\n104\n', '27 -4\n3\n-1\n', '13 0\n7\n0\n', '12 0\n6\n0\n', '100 5\n1\n23\n7\n27\n89\n', '100 3\n1\n23\n4\n47\n17\n', '100 5\n1\n23\n21\n47\n89\n', '100 3\n1\n10\n90\n47\n89\n', '110 1\n1\n85\n140\n8\n24\n', '10 2\n6\n4\n', '101 5\n1\n23\n48\n67\n89\n', '101 3\n1\n10\n90\n47\n89\n', '101 4\n2\n16\n50\n27\n31\n', '100 5\n1\n23\n21\n27\n91\n', '10 2\n1\n3\n', '101 2\n1\n5\n141\n100\n89\n', '101 2\n1\n23\n141\n101\n89\n', '12 1\n8\n0\n', '100 3\n1\n23\n71\n47\n154\n', '101 4\n1\n23\n65\n27\n31\n', '100 5\n1\n23\n21\n18\n91\n', '100 3\n1\n23\n90\n47\n89\n', '100 4\n2\n23\n95\n27\n31\n', '111 5\n1\n40\n45\n47\n89\n', '100 3\n1\n23\n46\n47\n89\n', '101 5\n1\n23\n45\n67\n89\n', '6 1\n1\n', '101 5\n2\n23\n48\n67\n89\n', '101 4\n2\n19\n65\n27\n31\n', '10 2\n6\n2\n', '21 1\n1\n', '10 1\n4\n2\n', '100 5\n1\n23\n21\n27\n93\n', '100 0\n1\n23\n45\n47\n89\n', '100 4\n3\n23\n95\n27\n31\n', '100 2\n2\n23\n28\n27\n93\n', '101 0\n0\n35\n44\n58\n89\n', '101 2\n1\n25\n141\n101\n89\n', '100 5\n1\n23\n28\n62\n93\n', '101 2\n1\n37\n141\n101\n89\n', '100 3\n1\n23\n45\n47\n89\n', '100 4\n2\n23\n65\n27\n93\n', '20 0\n7\n0\n', '100 5\n1\n6\n45\n67\n89\n', '100 5\n1\n6\n45\n67\n1\n', '111 -1\n0\n80\n49\n8\n485\n', '100 3\n1\n30\n46\n47\n17\n', '13 1\n7\n-1\n', '011 1\n1\n133\n140\n8\n24\n', '13 1\n4\n2\n', '100 3\n1\n33\n46\n47\n89\n', '16 -4\n4\n-1\n', '15 -1\n4\n0\n', '110 4\n1\n23\n65\n27\n31\n', '100 2\n1\n37\n141\n101\n89\n', '4 1\n3\n', '110 0\n-2\n116\n44\n26\n153\n', '101 5\n1\n23\n45\n47\n89\n', '10 2\n3\n3\n', '100 1\n2\n23\n44\n58\n89\n', '110 3\n1\n23\n71\n47\n154\n', '101 2\n2\n23\n28\n27\n93\n', '100 2\n1\n24\n151\n001\n89\n', '7 -1\n3\n-2\n', '110 3\n1\n23\n4\n47\n17\n', '101 5\n1\n40\n45\n47\n89\n', '100 3\n1\n23\n5\n47\n17\n', '19 2\n7\n5\n', '101 3\n1\n23\n4\n47\n17\n', '101 4\n2\n23\n65\n27\n31\n', '5 1\n1\n', '15 1\n8\n0\n', '100 3\n1\n33\n5\n47\n17\n', '110 4\n1\n32\n65\n27\n31\n', '101 4\n2\n19\n65\n30\n31\n', '111 1\n1\n23\n44\n101\n89\n', '100 2\n1\n23\n28\n27\n93\n', '24 0\n8\n0\n', '18 -2\n4\n-1\n', '100 5\n1\n23\n28\n37\n93\n', '111 2\n1\n23\n44\n101\n89\n', '4 1\n2\n', '101 4\n2\n16\n45\n27\n31\n', '101 4\n2\n16\n65\n27\n31\n'], 'outputs': ['8\n', '94208912\n', '687995182\n', '619793911\n', '0\n', '10\n', '878718644\n', '250223782\n', '2584\n', '64\n', '621622238\n', '89\n', '40991458\n', '34\n', '560134404\n', '34319280\n', '144\n', '317811\n', '377\n', '233\n', '7898576\n', '96839479\n', '358254682\n', '492215488\n', '42837731\n', '9\n', '352686026\n', '778312335\n', '796411630\n', '643250530\n', '13\n', '186727242\n', '883987870\n', '63\n', '829506026\n', '855029413\n', '644936936\n', '882573500\n', '615530829\n', '808103790\n', '153598646\n', '366077159\n', '5\n', '157493236\n', '84865811\n', '6\n', '6765\n', '24\n', '318772094\n', '782204094\n', '890327982\n', '709798407\n', '470199269\n', '300126398\n', '93718175\n', '456586262\n', '733629168\n', '605716241\n', '10946\n', '229617645\n', '731163710\n', '868959523\n', '980948137\n', '104\n', '55\n', '102\n', '796449253\n', '1597\n', '987\n', '193472899\n', '319068443\n', '2\n', '455898627\n', '668692158\n', '26\n', '593786270\n', '670637289\n', '887463728\n', '738895863\n', '21\n', '294219152\n', '311183275\n', '32238891\n', '720\n', '890939586\n', '561782750\n', '3\n', '273\n', '542655836\n', '629434670\n', '703973878\n', '413060896\n', '322757328\n', '75025\n', '4181\n', '107148026\n', '426572798\n', '1\n', '208893593\n', '743477159\n']}",1,156.99,1,44.43,1.0,234.32,1.0,42.13,"import numpy as np
def resolve():
    MOD = 10 ** 9 + 7
    n, m = list(map(int, input().split()))
    a = [int(eval(input())) for _ in range(m)]
    dp = np.array([1] * (n + 1))
    dp[a] = 0
    for i in range(2, n + 1):
        if dp[i] != 0:
            dp[i] = np.sum(dp[i - 2:i]) % MOD
    print(dp[n])
resolve()","import numpy as np
def function1():
    var1 = 10 ** 9 + 7
    var2, var3 = list(map(int, input().split()))
    var4 = [int(eval(input())) for var5 in range(var3)]
    var6 = np.array([1] * (var2 + 1))
    var6[var4] = 0
    for var7 in range(2, var2 + 1):
        if var6[var7] != 0:
            var6[var7] = np.sum(var6[var7 - 2:var7]) % var1
    print(var6[var2])
function1()","def resolve():
    MOD = 10 ** 9 + 7
    n, m = list(map(int, input().split()))
    dp = [1] * (n + 1)
    for _ in range(m):
        dp[int(eval(input()))] = 0
    for i in range(2, n + 1):
        if dp[i] == 0:
            continue
        dp[i] = (dp[i - 1] + dp[i - 2]) % MOD
    print(dp[n])
resolve()","'np', 3, 'comesFrom', [], []
'resolve', 5, 'comesFrom', [], []
'MOD', 9, 'computedFrom', ['10', '9', '7'], [11, 13, 15]
'10', 11, 'comesFrom', [], []
'9', 13, 'comesFrom', [], []
'7', 15, 'comesFrom', [], []
'n', 16, 'computedFrom', ['list'], [20]
'm', 18, 'computedFrom', ['map', 'int', 'input', 'split'], [22, 24, 26, 30]
'list', 20, 'comesFrom', [], []
'map', 22, 'comesFrom', [], []
'int', 24, 'comesFrom', [], []
'input', 26, 'comesFrom', [], []
'split', 30, 'comesFrom', [], []
'a', 35, 'computedFrom', ['int', 'eval', 'input', '_', 'range', 'm'], [38, 40, 42, 48, 50, 52]
'int', 38, 'comesFrom', ['int'], [24]
'eval', 40, 'comesFrom', [], []
'input', 42, 'comesFrom', ['input'], [26]
'_', 48, 'computedFrom', ['range', 'm'], [50, 52]
'range', 50, 'comesFrom', [], []
'm', 52, 'comesFrom', ['m'], [18]
'dp', 55, 'computedFrom', ['np', 'array', '1', 'n', '1'], [57, 59, 62, 66, 68]
'np', 57, 'comesFrom', ['np'], [3]
'array', 59, 'comesFrom', [], []
'1', 62, 'comesFrom', [], []
'n', 66, 'comesFrom', ['n'], [16]
'1', 68, 'comesFrom', [], []
'dp', 71, 'computedFrom', ['0'], [76]
'a', 73, 'computedFrom', ['0'], [76]
'0', 76, 'comesFrom', [], []
'i', 78, 'computedFrom', ['range', 'n', '2', '1'], [80, 82, 84, 86]
'range', 80, 'comesFrom', ['range'], [50]
'2', 82, 'comesFrom', [], []
'n', 84, 'comesFrom', ['n'], [16]
'1', 86, 'comesFrom', [], []
'dp', 90, 'comesFrom', ['dp'], [71, 97]
'i', 92, 'comesFrom', ['i'], [78]
'dp', 97, 'computedFrom', ['i', 'np', 'dp', 'MOD', 'sum', '2'], [102, 104, 106, 108, 110, 112, 116]
'i', 99, 'computedFrom', ['i', 'np', 'dp', 'MOD', 'sum', '2'], [102, 104, 106, 108, 110, 112, 116]
'np', 102, 'comesFrom', ['np'], [3]
'sum', 104, 'comesFrom', ['sum'], [104]
'dp', 106, 'comesFrom', ['dp'], [71, 97]
'i', 108, 'comesFrom', ['i'], [78]
'2', 110, 'comesFrom', [], []
'i', 112, 'comesFrom', ['i'], [78]
'MOD', 116, 'comesFrom', ['MOD'], [9]
'dp', 119, 'comesFrom', ['dp'], [71, 97]
'n', 121, 'comesFrom', ['n'], [16]
'resolve', 124, 'comesFrom', ['resolve'], [5]","'np', 3, 'comesFrom', [], []
'function1', 5, 'comesFrom', [], []
'var1', 9, 'computedFrom', ['10', '9', '7'], [11, 13, 15]
'10', 11, 'comesFrom', [], []
'9', 13, 'comesFrom', [], []
'7', 15, 'comesFrom', [], []
'var2', 16, 'computedFrom', ['list'], [20]
'var3', 18, 'computedFrom', ['map', 'int', 'input', 'split'], [22, 24, 26, 30]
'list', 20, 'comesFrom', [], []
'map', 22, 'comesFrom', [], []
'int', 24, 'comesFrom', [], []
'input', 26, 'comesFrom', [], []
'split', 30, 'comesFrom', [], []
'var4', 35, 'computedFrom', ['int', 'eval', 'input', 'var5', 'range', 'var3'], [38, 40, 42, 48, 50, 52]
'int', 38, 'comesFrom', ['int'], [24]
'eval', 40, 'comesFrom', [], []
'input', 42, 'comesFrom', ['input'], [26]
'var5', 48, 'computedFrom', ['range', 'var3'], [50, 52]
'range', 50, 'comesFrom', [], []
'var3', 52, 'comesFrom', ['var3'], [18]
'var6', 55, 'computedFrom', ['np', 'array', '1', 'var2', '1'], [57, 59, 62, 66, 68]
'np', 57, 'comesFrom', ['np'], [3]
'array', 59, 'comesFrom', [], []
'1', 62, 'comesFrom', [], []
'var2', 66, 'comesFrom', ['var2'], [16]
'1', 68, 'comesFrom', [], []
'var6', 71, 'computedFrom', ['0'], [76]
'var4', 73, 'computedFrom', ['0'], [76]
'0', 76, 'comesFrom', [], []
'var7', 78, 'computedFrom', ['var2', 'range', '2', '1'], [80, 82, 84, 86]
'range', 80, 'comesFrom', ['range'], [50]
'2', 82, 'comesFrom', [], []
'var2', 84, 'comesFrom', ['var2'], [16]
'1', 86, 'comesFrom', [], []
'var6', 90, 'comesFrom', ['var6'], [71, 97]
'var7', 92, 'comesFrom', ['var7'], [78]
'var6', 97, 'computedFrom', ['np', 'var1', 'sum', 'var6', '2', 'var7'], [102, 104, 106, 108, 110, 112, 116]
'var7', 99, 'computedFrom', ['np', 'var1', 'sum', 'var6', '2', 'var7'], [102, 104, 106, 108, 110, 112, 116]
'np', 102, 'comesFrom', ['np'], [3]
'sum', 104, 'comesFrom', ['sum'], [104]
'var6', 106, 'comesFrom', ['var6'], [71, 97]
'var7', 108, 'comesFrom', ['var7'], [78]
'2', 110, 'comesFrom', [], []
'var7', 112, 'comesFrom', ['var7'], [78]
'var1', 116, 'comesFrom', ['var1'], [9]
'var6', 119, 'comesFrom', ['var6'], [71, 97]
'var2', 121, 'comesFrom', ['var2'], [16]
'function1', 124, 'comesFrom', ['function1'], [5]",23025,"var1 = int(input())


def function1(var2, var3, var4):
    var5 = 0
    for var6 in range(var2):
        var5 += abs(var3[var6] - var4[var6])
    while var5 != 0:
        var7 = []
        var5 = 0
        for var6 in range(var2):
            if var3[var6] > var4[var6]:
                var3[var6] -= 1
                var7.append(var6 + 1)
                break
        for var6 in range(var2):
            if var3[var6] < var4[var6]:
                var3[var6] += 1
                var7.append(var6 + 1)
                break
        for var6 in range(var2):
            var5 += abs(var3[var6] - var4[var6])
        print(str(var7[0]) + ' ' + str(var7[1]))


for var8 in range(var1):
    var2 = int(input())
    var3 = list(map(int, input().split()))
    var4 = list(map(int, input().split()))
    var9 = sum(var3)
    var10 = sum(var4)
    var11 = 0
    for var6 in range(var2):
        var11 += abs(var3[var6] - var4[var6])
    if var9 == var10:
        print(int(var11 / 2))
        function1(var2, var3, var4)
    else:
        print(-1)","'var1', 0, 'computedFrom', ['int', 'input'], [2, 4]
'int', 2, 'comesFrom', [], []
'input', 4, 'comesFrom', [], []
'function1', 9, 'comesFrom', [], []
'var2', 11, 'comesFrom', [], []
'var3', 13, 'comesFrom', [], []
'var4', 15, 'comesFrom', [], []
'var5', 18, 'computedFrom', ['0'], [20]
'0', 20, 'comesFrom', [], []
'var6', 22, 'computedFrom', ['var2', 'range'], [24, 26]
'range', 24, 'comesFrom', ['range'], [24]
'var2', 26, 'comesFrom', ['var2'], [11]
'var5', 29, 'computedFrom', ['abs', 'var6', 'var4', 'var3'], [31, 33, 35, 38, 40]
'abs', 31, 'comesFrom', ['abs'], [31]
'var3', 33, 'comesFrom', ['var3'], [13]
'var6', 35, 'comesFrom', ['var6'], [22]
'var4', 38, 'comesFrom', ['var4'], [15]
'var6', 40, 'comesFrom', ['var6'], [22]
'var5', 44, 'comesFrom', ['var5'], [29, 131]
'var7', 48, 'computedFrom', [], []
'var5', 52, 'computedFrom', ['0'], [54]
'0', 54, 'comesFrom', [], []
'var6', 56, 'computedFrom', ['var2', 'range'], [58, 60]
'range', 58, 'comesFrom', ['range'], [24]
'var2', 60, 'comesFrom', ['var2'], [11]
'var3', 64, 'comesFrom', ['var3'], [13, 74, 108]
'var6', 66, 'comesFrom', ['var6'], [56]
'var4', 69, 'comesFrom', ['var4'], [15]
'var6', 71, 'comesFrom', ['var6'], [56]
'var3', 74, 'computedFrom', ['1'], [79]
'var6', 76, 'computedFrom', ['1'], [79]
'1', 79, 'comesFrom', [], []
'var7', 80, 'comesFrom', ['var7'], [48]
'append', 82, 'comesFrom', ['append'], [82]
'var6', 84, 'comesFrom', ['var6'], [76]
'var6', 90, 'computedFrom', ['var2', 'range'], [92, 94]
'range', 92, 'comesFrom', ['range'], [24]
'var2', 94, 'comesFrom', ['var2'], [11]
'var3', 98, 'comesFrom', ['var3'], [13, 74, 108]
'var6', 100, 'comesFrom', ['var6'], [90]
'var4', 103, 'comesFrom', ['var4'], [15]
'var6', 105, 'comesFrom', ['var6'], [90]
'var3', 108, 'computedFrom', ['1'], [113]
'var6', 110, 'computedFrom', ['1'], [113]
'1', 113, 'comesFrom', [], []
'var7', 114, 'comesFrom', ['var7'], [48]
'append', 116, 'comesFrom', ['append'], [82]
'var6', 118, 'comesFrom', ['var6'], [110]
'var6', 124, 'computedFrom', ['var2', 'range'], [126, 128]
'range', 126, 'comesFrom', ['range'], [24]
'var2', 128, 'comesFrom', ['var2'], [11]
'var5', 131, 'computedFrom', ['abs', 'var6', 'var4', 'var3'], [133, 135, 137, 140, 142]
'abs', 133, 'comesFrom', ['abs'], [31]
'var3', 135, 'comesFrom', ['var3'], [13, 74, 108]
'var6', 137, 'comesFrom', ['var6'], [124]
'var4', 140, 'comesFrom', ['var4'], [15]
'var6', 142, 'comesFrom', ['var6'], [124]
'print', 145, 'comesFrom', ['print'], [145]
'str', 147, 'comesFrom', ['str'], [147]
'var7', 149, 'comesFrom', ['var7'], [48]
'str', 157, 'comesFrom', ['str'], [147]
'var7', 159, 'comesFrom', ['var7'], [48]
'var8', 166, 'computedFrom', ['var1', 'range'], [168, 170]
'range', 168, 'comesFrom', ['range'], [24]
'var1', 170, 'comesFrom', ['var1'], [0]
'var2', 173, 'computedFrom', ['int', 'input'], [175, 177]
'int', 175, 'comesFrom', ['int'], [2]
'input', 177, 'comesFrom', ['input'], [4]
'var3', 181, 'computedFrom', ['input', 'list', 'split', 'int', 'map'], [183, 185, 187, 189, 193]
'list', 183, 'comesFrom', ['list'], [183]
'map', 185, 'comesFrom', ['map'], [185]
'int', 187, 'comesFrom', ['int'], [2]
'input', 189, 'comesFrom', ['input'], [4]
'split', 193, 'comesFrom', ['split'], [193]
'var4', 198, 'computedFrom', ['input', 'list', 'split', 'int', 'map'], [200, 202, 204, 206, 210]
'list', 200, 'comesFrom', ['list'], [183]
'map', 202, 'comesFrom', ['map'], [185]
'int', 204, 'comesFrom', ['int'], [2]
'input', 206, 'comesFrom', ['input'], [4]
'split', 210, 'comesFrom', ['split'], [193]
'var9', 215, 'computedFrom', ['var3', 'sum'], [217, 219]
'sum', 217, 'comesFrom', ['sum'], [217]
'var3', 219, 'comesFrom', ['var3'], [181]
'var10', 221, 'computedFrom', ['var4', 'sum'], [223, 225]
'sum', 223, 'comesFrom', ['sum'], [217]
'var4', 225, 'comesFrom', ['var4'], [198]
'var11', 227, 'computedFrom', ['0'], [229]
'0', 229, 'comesFrom', [], []
'var6', 231, 'computedFrom', ['var2', 'range'], [233, 235]
'range', 233, 'comesFrom', ['range'], [24]
'var2', 235, 'comesFrom', ['var2'], [173]
'var11', 238, 'computedFrom', ['abs', 'var6', 'var4', 'var3'], [240, 242, 244, 247, 249]
'abs', 240, 'comesFrom', ['abs'], [31]
'var3', 242, 'comesFrom', ['var3'], [181]
'var6', 244, 'comesFrom', ['var6'], [231]
'var4', 247, 'comesFrom', ['var4'], [198]
'var6', 249, 'comesFrom', ['var6'], [231]
'var9', 253, 'comesFrom', ['var9'], [215]
'var10', 255, 'comesFrom', ['var10'], [221]
'print', 257, 'comesFrom', ['print'], [145]
'int', 259, 'comesFrom', ['int'], [2]
'var11', 261, 'comesFrom', ['var11'], [238]
'function1', 266, 'comesFrom', ['function1'], [9]
'var2', 268, 'comesFrom', ['var2'], [173]
'var3', 270, 'comesFrom', ['var3'], [181]
'var4', 272, 'comesFrom', ['var4'], [198]
'print', 276, 'comesFrom', ['print'], [145]","{'inputs': ['1\n100\n1 1 2 0 1 2 2 1 1 1 0 0 0 0 1 0 1 0 2 2 1 0 0 2 0 1 0 0 2 3 0 1 0 2 0 1 0 0 2 1 2 1 0 0 0 0 0 0 0 0 3 0 0 3 0 2 1 0 0 0 0 1 0 2 0 0 0 0 2 0 2 0 3 0 0 2 0 0 0 3 3 2 0 3 1 0 1 3 3 3 2 2 0 1 2 3 2 1 0 0\n2 2 0 3 0 0 0 3 3 0 0 0 2 0 2 2 0 0 3 0 0 0 1 0 0 1 3 0 0 2 0 2 0 2 0 1 3 1 1 0 0 1 0 0 0 1 0 0 1 2 2 0 3 1 1 0 0 0 3 0 3 1 1 0 2 0 0 0 0 3 0 1 0 1 1 0 0 3 0 0 0 0 0 0 0 2 2 0 0 3 0 0 3 3 0 3 3 2 0 2\n', '2\n2\n1 1\n3 3\n4\n1 2 3 10\n9 6 7 50\n', '1\n100\n0 0 0 0 0 0 0 0 0 0 0 0 0 0 0 0 0 0 0 0 0 0 0 0 0 0 0 0 0 0 0 0 0 0 0 0 0 0 0 0 0 0 0 0 0 0 0 0 0 0 0 0 0 0 0 0 0 0 1 0 0 0 0 0 0 0 0 0 0 0 0 0 0 0 0 0 0 0 0 0 0 0 0 0 0 0 0 0 0 0 0 0 0 0 0 0 0 0 0 0\n0 0 0 0 0 1 0 0 0 0 0 0 0 0 0 0 0 0 0 0 0 0 0 0 0 0 0 0 0 0 0 0 0 0 0 0 0 0 0 0 0 0 0 0 0 0 0 0 0 0 0 0 0 0 0 0 0 0 0 0 0 0 0 0 0 0 0 0 0 0 0 0 0 0 0 0 0 0 0 0 0 0 0 0 0 0 0 0 0 0 0 0 0 0 0 0 0 0 0 0\n', '1\n2\n5 6\n1 2\n', '4\n4\n1 2 3 4\n3 1 2 4\n2\n1 3\n2 1\n1\n0\n0\n5\n4 3 2 1 0\n0 1 2 3 4\n'], 'outputs': ['62\n3 1\n3 2\n5 4\n6 4\n6 4\n7 8\n7 8\n10 9\n17 9\n20 13\n20 13\n21 15\n24 16\n24 16\n29 19\n29 23\n30 27\n39 27\n40 27\n41 32\n41 37\n51 37\n54 37\n54 38\n56 46\n56 49\n57 50\n64 50\n64 53\n69 53\n69 53\n71 55\n71 59\n73 59\n73 59\n73 61\n76 61\n76 61\n80 63\n80 65\n80 65\n81 70\n81 70\n81 70\n82 72\n82 74\n84 75\n84 78\n84 78\n85 78\n88 86\n88 86\n88 87\n89 93\n89 93\n89 93\n91 94\n91 94\n92 97\n92 98\n95 100\n95 100\n', '-1\n-1\n', '1\n59 6\n', '-1\n', '2\n2 1\n3 1\n-1\n0\n6\n1 4\n1 4\n1 5\n1 5\n2 5\n2 5\n']}",123178,"var1 = input().strip().split()
var2, var3, var4 = int(var1[0]), int(var1[1]), int(var1[2])
var5 = [(-1) for var6 in range(var3 + 1)]
var7 = [(-1) for var6 in range(var3 + 1)]
var8 = [(-1) for var6 in range(var3 + 1)]
var9 = [(False) for var6 in range(var2 + 1)]
for var6 in range(var3):
    var1 = input().strip().split()
    var5[var6], var7[var6], var8[var6] = int(var1[0]), int(var1[1]), int(var1[2])
if var4 <= 0:
    print('-1')
else:
    var1 = input().strip().split()
    var10 = 1000000000 + 10
    for var6 in var1:
        var9[int(var6)] = True
    for var6 in range(var3):
        var11, var12, var13 = var5[var6], var7[var6], var8[var6]
        if var9[var11] and not var9[var12]:
            var10 = min(var10, var13)
        if var9[var12] and not var9[var11]:
            var10 = min(var10, var13)
    if var10 == 1000000000 + 10:
        print('-1')
    else:
        print(var10)","'var1', 0, 'computedFrom', ['input', 'strip', 'split'], [2, 6, 10]
'input', 2, 'comesFrom', [], []
'strip', 6, 'comesFrom', [], []
'split', 10, 'comesFrom', [], []
'var2', 13, 'computedFrom', ['int', 'var1', '0'], [19, 21, 23]
'var3', 15, 'computedFrom', ['int', 'var1', '1'], [27, 29, 31]
'var4', 17, 'computedFrom', ['int', 'var1', '2'], [35, 37, 39]
'int', 19, 'comesFrom', [], []
'var1', 21, 'comesFrom', ['var1'], [0]
'0', 23, 'comesFrom', [], []
'int', 27, 'comesFrom', ['int'], [19]
'var1', 29, 'comesFrom', ['var1'], [0]
'1', 31, 'comesFrom', [], []
'int', 35, 'comesFrom', ['int'], [19]
'var1', 37, 'comesFrom', ['var1'], [0]
'2', 39, 'comesFrom', [], []
'var5', 42, 'computedFrom', ['1', 'var6', 'range', 'var3', '1'], [47, 50, 52, 54, 56]
'1', 47, 'comesFrom', [], []
'var6', 50, 'computedFrom', ['range', 'var3', '1'], [52, 54, 56]
'range', 52, 'comesFrom', [], []
'var3', 54, 'comesFrom', ['var3'], [15]
'1', 56, 'comesFrom', [], []
'var7', 59, 'computedFrom', ['1', 'var6', 'range', 'var3', '1'], [64, 67, 69, 71, 73]
'1', 64, 'comesFrom', [], []
'var6', 67, 'computedFrom', ['range', 'var3', '1'], [69, 71, 73]
'range', 69, 'comesFrom', ['range'], [52]
'var3', 71, 'comesFrom', ['var3'], [15]
'1', 73, 'comesFrom', [], []
'var8', 76, 'computedFrom', ['1', 'var6', 'range', 'var3', '1'], [81, 84, 86, 88, 90]
'1', 81, 'comesFrom', [], []
'var6', 84, 'computedFrom', ['range', 'var3', '1'], [86, 88, 90]
'range', 86, 'comesFrom', ['range'], [52]
'var3', 88, 'comesFrom', ['var3'], [15]
'1', 90, 'comesFrom', [], []
'var9', 93, 'computedFrom', ['False', 'var6', 'range', 'var2', '1'], [97, 100, 102, 104, 106]
'False', 97, 'comesFrom', [], []
'var6', 100, 'computedFrom', ['range', 'var2', '1'], [102, 104, 106]
'range', 102, 'comesFrom', ['range'], [52]
'var2', 104, 'comesFrom', ['var2'], [13]
'1', 106, 'comesFrom', [], []
'var6', 110, 'computedFrom', ['range', 'var3'], [112, 114]
'range', 112, 'comesFrom', ['range'], [52]
'var3', 114, 'comesFrom', ['var3'], [15]
'var1', 117, 'computedFrom', ['strip', 'split', 'input'], [119, 123, 127]
'input', 119, 'comesFrom', ['input'], [2]
'strip', 123, 'comesFrom', ['strip'], [6]
'split', 127, 'comesFrom', ['split'], [10]
'var5', 130, 'computedFrom', ['var1', 'int', '0'], [145, 147, 149]
'var6', 132, 'computedFrom', ['var1', 'int', '0'], [145, 147, 149]
'var7', 135, 'computedFrom', ['var1', 'int', '1'], [153, 155, 157]
'var6', 137, 'computedFrom', ['var1', 'int', '1'], [153, 155, 157]
'var8', 140, 'computedFrom', ['var1', 'int', '2'], [161, 163, 165]
'var6', 142, 'computedFrom', ['var1', 'int', '2'], [161, 163, 165]
'int', 145, 'comesFrom', ['int'], [19]
'var1', 147, 'comesFrom', ['var1'], [117]
'0', 149, 'comesFrom', [], []
'int', 153, 'comesFrom', ['int'], [19]
'var1', 155, 'comesFrom', ['var1'], [117]
'1', 157, 'comesFrom', [], []
'int', 161, 'comesFrom', ['int'], [19]
'var1', 163, 'comesFrom', ['var1'], [117]
'2', 165, 'comesFrom', [], []
'var4', 169, 'comesFrom', ['var4'], [17]
'var1', 179, 'computedFrom', ['input', 'strip', 'split'], [181, 185, 189]
'input', 181, 'comesFrom', ['input'], [2]
'strip', 185, 'comesFrom', ['strip'], [6]
'split', 189, 'comesFrom', ['split'], [10]
'var10', 192, 'computedFrom', ['1000000000', '10'], [194, 196]
'1000000000', 194, 'comesFrom', [], []
'10', 196, 'comesFrom', [], []
'var6', 198, 'computedFrom', ['var1'], [200]
'var1', 200, 'comesFrom', ['var1'], [179]
'var9', 202, 'computedFrom', ['True'], [210]
'int', 204, 'computedFrom', ['True'], [210]
'var6', 206, 'computedFrom', ['True'], [210]
'True', 210, 'comesFrom', [], []
'var6', 212, 'computedFrom', ['range', 'var3'], [214, 216]
'range', 214, 'comesFrom', ['range'], [52]
'var3', 216, 'comesFrom', ['var3'], [15]
'var11', 219, 'computedFrom', ['var5', 'var6'], [225, 227]
'var12', 221, 'computedFrom', ['var7', 'var6'], [230, 232]
'var13', 223, 'computedFrom', ['var8', 'var6'], [235, 237]
'var5', 225, 'comesFrom', ['var5'], [130]
'var6', 227, 'comesFrom', ['var6'], [212]
'var7', 230, 'comesFrom', ['var7'], [135]
'var6', 232, 'comesFrom', ['var6'], [212]
'var8', 235, 'comesFrom', ['var8'], [140]
'var6', 237, 'comesFrom', ['var6'], [212]
'var9', 240, 'comesFrom', ['var9'], [202]
'var11', 242, 'comesFrom', ['var11'], [219]
'var9', 246, 'comesFrom', ['var9'], [202]
'var12', 248, 'comesFrom', ['var12'], [221]
'var10', 251, 'computedFrom', ['var13', 'min', 'var10'], [253, 255, 257]
'min', 253, 'comesFrom', ['min'], [253]
'var10', 255, 'comesFrom', ['var10'], [192, 251, 271]
'var13', 257, 'comesFrom', ['var13'], [223]
'var9', 260, 'comesFrom', ['var9'], [202]
'var12', 262, 'comesFrom', ['var12'], [221]
'var9', 266, 'comesFrom', ['var9'], [202]
'var11', 268, 'comesFrom', ['var11'], [219]
'var10', 271, 'computedFrom', ['var13', 'min', 'var10'], [273, 275, 277]
'min', 273, 'comesFrom', ['min'], [253]
'var10', 275, 'comesFrom', ['var10'], [192, 251, 271]
'var13', 277, 'comesFrom', ['var13'], [223]
'var10', 280, 'comesFrom', ['var10'], [192, 251, 271]
'var10', 294, 'comesFrom', ['var10'], [192, 251, 271]","{'inputs': ['99999 1 2\n1 2 3\n2 4\n', '7 39 2\n2 7 10\n5 6 18\n2 7 13\n4 5 11\n3 6 14\n1 2 16\n3 4 2\n1 3 13\n1 5 1\n1 2 20\n1 5 11\n1 4 14\n3 6 21\n1 2 18\n1 4 13\n2 3 4\n3 6 12\n2 5 18\n4 7 17\n1 2 3\n2 3 6\n1 2 21\n1 7 18\n4 6 13\n1 2 13\n1 7 17\n2 3 16\n5 6 5\n2 4 17\n1 2 9\n1 2 21\n4 5 9\n1 2 18\n2 6 6\n2 3 9\n1 4 7\n2 5 7\n3 7 21\n4 5 2\n6 2\n', '99999 1 0\n1 2 3\n', '5 4 2\n1 2 5\n1 2 3\n2 3 4\n1 4 10\n1 5\n', '7 8 3\n1 2 1\n2 4 1\n3 4 1\n1 3 1\n5 7 2\n6 7 10\n5 6 5\n2 5 31246\n5 6 7\n'], 'outputs': ['3\n', '3\n', '-1\n', '3\n', '31246\n']}",45568,"def function1(var1, var2, var3):
    if var1[var2][var3] == 0:
        var1[var2][var3] = 1
    else:
        var1[var2][var3] = 0


var1 = [[1, 1, 1], [1, 1, 1], [1, 1, 1]]
var4 = []
var5, var6, var7 = map(int, input().split())
var4.append([var5, var6, var7])
var5, var6, var7 = map(int, input().split())
var4.append([var5, var6, var7])
var5, var6, var7 = map(int, input().split())
var4.append([var5, var6, var7])
for var2 in range(3):
    for var3 in range(3):
        if var4[var2][var3] % 2 == 0:
            continue
        function1(var1, var2, var3)
        if var2 - 1 >= 0:
            function1(var1, var2 - 1, var3)
        if var2 + 1 < 3:
            function1(var1, var2 + 1, var3)
        if var3 - 1 >= 0:
            function1(var1, var2, var3 - 1)
        if var3 + 1 < 3:
            function1(var1, var2, var3 + 1)
for var2 in var1:
    print(*var2, sep='')","'function1', 1, 'comesFrom', [], []
'var1', 3, 'comesFrom', [], []
'var2', 5, 'comesFrom', [], []
'var3', 7, 'comesFrom', [], []
'var1', 11, 'comesFrom', ['var1'], [3]
'var2', 13, 'comesFrom', ['var2'], [5]
'var3', 16, 'comesFrom', ['var3'], [7]
'var1', 21, 'computedFrom', ['1'], [29]
'var2', 23, 'computedFrom', ['1'], [29]
'var3', 26, 'computedFrom', ['1'], [29]
'1', 29, 'comesFrom', [], []
'var1', 32, 'computedFrom', ['0'], [40]
'var2', 34, 'computedFrom', ['0'], [40]
'var3', 37, 'computedFrom', ['0'], [40]
'0', 40, 'comesFrom', [], []
'var1', 41, 'computedFrom', ['1', '1', '1', '1', '1', '1', '1', '1', '1'], [45, 47, 49, 53, 55, 57, 61, 63, 65]
'1', 45, 'comesFrom', [], []
'1', 47, 'comesFrom', [], []
'1', 49, 'comesFrom', [], []
'1', 53, 'comesFrom', [], []
'1', 55, 'comesFrom', [], []
'1', 57, 'comesFrom', [], []
'1', 61, 'comesFrom', [], []
'1', 63, 'comesFrom', [], []
'1', 65, 'comesFrom', [], []
'var4', 68, 'computedFrom', [], []
'var5', 72, 'computedFrom', ['map', 'int', 'input', 'split'], [78, 80, 82, 86]
'var6', 74, 'computedFrom', ['map', 'int', 'input', 'split'], [78, 80, 82, 86]
'var7', 76, 'computedFrom', ['map', 'int', 'input', 'split'], [78, 80, 82, 86]
'map', 78, 'comesFrom', [], []
'int', 80, 'comesFrom', [], []
'input', 82, 'comesFrom', [], []
'split', 86, 'comesFrom', [], []
'var4', 90, 'comesFrom', ['var4'], [68]
'append', 92, 'comesFrom', [], []
'var5', 95, 'comesFrom', ['var5'], [72]
'var6', 97, 'comesFrom', ['var6'], [74]
'var7', 99, 'comesFrom', ['var7'], [76]
'var5', 102, 'computedFrom', ['map', 'int', 'input', 'split'], [108, 110, 112, 116]
'var6', 104, 'computedFrom', ['map', 'int', 'input', 'split'], [108, 110, 112, 116]
'var7', 106, 'computedFrom', ['map', 'int', 'input', 'split'], [108, 110, 112, 116]
'map', 108, 'comesFrom', ['map'], [78]
'int', 110, 'comesFrom', ['int'], [80]
'input', 112, 'comesFrom', ['input'], [82]
'split', 116, 'comesFrom', ['split'], [86]
'var4', 120, 'comesFrom', ['var4'], [68]
'append', 122, 'comesFrom', ['append'], [92]
'var5', 125, 'comesFrom', ['var5'], [102]
'var6', 127, 'comesFrom', ['var6'], [104]
'var7', 129, 'comesFrom', ['var7'], [106]
'var5', 132, 'computedFrom', ['map', 'int', 'input', 'split'], [138, 140, 142, 146]
'var6', 134, 'computedFrom', ['map', 'int', 'input', 'split'], [138, 140, 142, 146]
'var7', 136, 'computedFrom', ['map', 'int', 'input', 'split'], [138, 140, 142, 146]
'map', 138, 'comesFrom', ['map'], [78]
'int', 140, 'comesFrom', ['int'], [80]
'input', 142, 'comesFrom', ['input'], [82]
'split', 146, 'comesFrom', ['split'], [86]
'var4', 150, 'comesFrom', ['var4'], [68]
'append', 152, 'comesFrom', ['append'], [92]
'var5', 155, 'comesFrom', ['var5'], [132]
'var6', 157, 'comesFrom', ['var6'], [134]
'var7', 159, 'comesFrom', ['var7'], [136]
'var2', 163, 'computedFrom', ['3', 'range'], [165, 167]
'range', 165, 'comesFrom', ['range'], [165]
'3', 167, 'comesFrom', [], []
'var3', 171, 'computedFrom', ['3', 'range'], [173, 175]
'range', 173, 'comesFrom', ['range'], [165]
'3', 175, 'comesFrom', [], []
'var4', 179, 'comesFrom', ['var4'], [68]
'var2', 181, 'comesFrom', ['var2'], [163]
'var3', 184, 'comesFrom', ['var3'], [171]
'function1', 192, 'comesFrom', ['function1'], [1]
'var1', 194, 'comesFrom', ['var1'], [41]
'var2', 196, 'comesFrom', ['var2'], [163]
'var3', 198, 'comesFrom', ['var3'], [171]
'var2', 201, 'comesFrom', ['var2'], [163]
'function1', 207, 'comesFrom', ['function1'], [1]
'var1', 209, 'comesFrom', ['var1'], [41]
'var2', 211, 'comesFrom', ['var2'], [163]
'var3', 215, 'comesFrom', ['var3'], [171]
'var2', 218, 'comesFrom', ['var2'], [163]
'function1', 224, 'comesFrom', ['function1'], [1]
'var1', 226, 'comesFrom', ['var1'], [41]
'var2', 228, 'comesFrom', ['var2'], [163]
'var3', 232, 'comesFrom', ['var3'], [171]
'var3', 235, 'comesFrom', ['var3'], [171]
'function1', 241, 'comesFrom', ['function1'], [1]
'var1', 243, 'comesFrom', ['var1'], [41]
'var2', 245, 'comesFrom', ['var2'], [163]
'var3', 247, 'comesFrom', ['var3'], [171]
'var3', 252, 'comesFrom', ['var3'], [171]
'function1', 258, 'comesFrom', ['function1'], [1]
'var1', 260, 'comesFrom', ['var1'], [41]
'var2', 262, 'comesFrom', ['var2'], [163]
'var3', 264, 'comesFrom', ['var3'], [171]
'var2', 269, 'computedFrom', ['var1'], [271]
'var1', 271, 'comesFrom', ['var1'], [41]
'print', 273, 'comesFrom', ['print'], [273]
'var2', 276, 'comesFrom', ['var2'], [269]
'sep', 278, 'comesFrom', ['sep'], [278]","{'inputs': ['26 69 69\n85 18 23\n14 22 74\n', '1 0 1\n8 8 8\n2 0 3\n', '96 95 5\n8 84 74\n67 31 61\n', '97 1 74\n15 99 1\n88 68 86\n', '22 97 12\n71 8 24\n100 21 64\n'], 'outputs': ['110\n001\n010\n', '010\n011\n100\n', '011\n011\n101\n', '001\n011\n000\n', '100\n001\n100\n']}",157023,"import sys
import operator
import array


def function1():
    var1 = list(map(int, input().split()))
    var2 = int(input())
    var3 = list(map(int, input().split()))
    var4 = [[]] * (var2 * 6)
    for var5 in range(0, var2):
        for var6 in range(0, 6):
            var4[var5 * 6 + var6] = var3[var5] - var1[var6], var5
    var4.sort(key=operator.itemgetter(0))
    var7 = array.array('L', [0]) * var2
    var8 = var2
    var9 = len(var4)
    var10 = 999999999999
    var11 = 0
    for var5 in range(0, var9):
        while var11 < var9 and var8 > 0:
            var7[var4[var11][1]] += 1
            if var7[var4[var11][1]] == 1:
                var8 -= 1
            var11 += 1
        if var8 > 0:
            break
        var10 = min(var10, var4[var11 - 1][0] - var4[var5][0])
        var7[var4[var5][1]] -= 1
        if var7[var4[var5][1]] == 0:
            var8 += 1
    print(var10)


def function2(var12):
    function1()


function2(sys.argv)","'sys', 1, 'comesFrom', [], []
'operator', 3, 'comesFrom', [], []
'array', 5, 'comesFrom', [], []
'function1', 7, 'comesFrom', [], []
'var1', 11, 'computedFrom', ['list', 'map', 'int', 'input', 'split'], [13, 15, 17, 19, 23]
'list', 13, 'comesFrom', [], []
'map', 15, 'comesFrom', [], []
'int', 17, 'comesFrom', [], []
'input', 19, 'comesFrom', [], []
'split', 23, 'comesFrom', [], []
'var2', 28, 'computedFrom', ['int', 'input'], [30, 32]
'int', 30, 'comesFrom', ['int'], [17]
'input', 32, 'comesFrom', ['input'], [19]
'var3', 36, 'computedFrom', ['list', 'map', 'int', 'input', 'split'], [38, 40, 42, 44, 48]
'list', 38, 'comesFrom', ['list'], [13]
'map', 40, 'comesFrom', ['map'], [15]
'int', 42, 'comesFrom', ['int'], [17]
'input', 44, 'comesFrom', ['input'], [19]
'split', 48, 'comesFrom', ['split'], [23]
'var4', 53, 'computedFrom', ['var2', '6'], [61, 63]
'var2', 61, 'comesFrom', ['var2'], [28]
'6', 63, 'comesFrom', [], []
'var5', 66, 'computedFrom', ['var2', '0', 'range'], [68, 70, 72]
'range', 68, 'comesFrom', ['range'], [68]
'0', 70, 'comesFrom', [], []
'var2', 72, 'comesFrom', ['var2'], [28]
'var6', 76, 'computedFrom', ['0', 'range', '6'], [78, 80, 82]
'range', 78, 'comesFrom', ['range'], [68]
'0', 80, 'comesFrom', [], []
'6', 82, 'comesFrom', ['6'], [89]
'var4', 85, 'computedFrom', ['var1', 'var5', 'var6', 'var3'], [94, 96, 99, 101, 104]
'var5', 87, 'computedFrom', ['var1', 'var5', 'var6', 'var3'], [94, 96, 99, 101, 104]
'6', 89, 'computedFrom', ['var1', 'var5', 'var6', 'var3'], [94, 96, 99, 101, 104]
'var6', 91, 'computedFrom', ['var1', 'var5', 'var6', 'var3'], [94, 96, 99, 101, 104]
'var3', 94, 'comesFrom', ['var3'], [36]
'var5', 96, 'comesFrom', ['var5'], [66, 87]
'var1', 99, 'comesFrom', ['var1'], [11]
'var6', 101, 'comesFrom', ['var6'], [76]
'var5', 104, 'comesFrom', ['var5'], [66, 87]
'var4', 105, 'comesFrom', ['var4'], [85]
'operator', 111, 'comesFrom', ['operator'], [3]
'var7', 118, 'computedFrom', ['array', 'array', ""'L'"", '0', 'var2'], [120, 122, 124, 127, 131]
'array', 120, 'comesFrom', ['array'], [5]
'array', 122, 'comesFrom', ['array'], [5]
""'L'"", 124, 'comesFrom', [], []
'0', 127, 'comesFrom', [], []
'var2', 131, 'comesFrom', ['var2'], [28]
'var8', 132, 'computedFrom', ['var2'], [134]
'var2', 134, 'comesFrom', ['var2'], [28]
'var9', 135, 'computedFrom', ['len', 'var4'], [137, 139]
'len', 137, 'comesFrom', [], []
'var4', 139, 'comesFrom', ['var4'], [85]
'var10', 141, 'computedFrom', ['999999999999'], [143]
'999999999999', 143, 'comesFrom', [], []
'var11', 144, 'computedFrom', ['0'], [146]
'0', 146, 'comesFrom', [], []
'var5', 148, 'computedFrom', ['var9', '0', 'range'], [150, 152, 154]
'range', 150, 'comesFrom', ['range'], [68]
'0', 152, 'comesFrom', [], []
'var9', 154, 'comesFrom', ['var9'], [135]
'var11', 158, 'comesFrom', ['var11'], [144, 195]
'var9', 160, 'comesFrom', ['var9'], [135]
'var8', 162, 'comesFrom', ['var8'], [132, 192, 254]
'var7', 166, 'computedFrom', ['1'], [177]
'var4', 168, 'computedFrom', ['1'], [177]
'var11', 170, 'computedFrom', ['1'], [177]
'1', 173, 'computedFrom', ['1'], [177]
'1', 177, 'comesFrom', ['1'], [173, 235]
'var7', 179, 'comesFrom', ['var7'], [166]
'var4', 181, 'comesFrom', ['var4'], [168]
'var11', 183, 'comesFrom', ['var11'], [170]
'1', 186, 'comesFrom', ['1'], [173]
'1', 190, 'comesFrom', ['1'], [173]
'var8', 192, 'computedFrom', ['1'], [194]
'1', 194, 'comesFrom', ['1'], [173]
'var11', 195, 'computedFrom', ['1'], [197]
'1', 197, 'comesFrom', ['1'], [173]
'var8', 199, 'comesFrom', ['var8'], [132, 192, 254]
'var10', 204, 'computedFrom', ['var5', 'var4', '0', 'min', 'var11', 'var10', '1'], [206, 208, 210, 212, 214, 217, 220, 222, 225]
'min', 206, 'comesFrom', ['min'], [206]
'var10', 208, 'comesFrom', ['var10'], [141, 204]
'var4', 210, 'comesFrom', ['var4'], [168]
'var11', 212, 'comesFrom', ['var11'], [195]
'1', 214, 'comesFrom', ['1'], [173]
'0', 217, 'comesFrom', [], []
'var4', 220, 'comesFrom', ['var4'], [168]
'var5', 222, 'comesFrom', ['var5'], [148]
'0', 225, 'comesFrom', [], []
'var7', 228, 'computedFrom', ['1'], [239]
'var4', 230, 'computedFrom', ['1'], [239]
'var5', 232, 'computedFrom', ['1'], [239]
'1', 235, 'computedFrom', ['1'], [239]
'1', 239, 'comesFrom', ['1'], [173]
'var7', 241, 'comesFrom', ['var7'], [228]
'var4', 243, 'comesFrom', ['var4'], [230]
'var5', 245, 'comesFrom', ['var5'], [232]
'1', 248, 'comesFrom', ['1'], [235]
'var8', 254, 'computedFrom', ['1'], [256]
'1', 256, 'comesFrom', ['1'], [235]
'var10', 259, 'comesFrom', ['var10'], [204]
'function2', 262, 'comesFrom', [], []
'function1', 267, 'comesFrom', ['function1'], [7]
'function2', 270, 'comesFrom', ['function2'], [262]
'sys', 272, 'comesFrom', ['sys'], [1]","{'inputs': ['5 4 7 6 4 1\n10\n19 16 18 12 16 15 16 20 16 14\n', '1 1 2 2 3 3\n7\n13 4 11 12 11 13 12\n', '158260522 877914575 602436426 24979445 861648772 623690081\n1\n896194147\n', '1 1 1 96 99 100\n3\n101 146 175\n', '1 4 100 10 30 5\n6\n101 104 105 110 130 200\n'], 'outputs': ['2\n', '7\n', '0\n', '50\n', '0\n']}","#### Reference Example 1:
### Python Program:
```python
var1 = int(input())


def function1(var2, var3, var4):
    var5 = 0
    for var6 in range(var2):
        var5 += abs(var3[var6] - var4[var6])
    while var5 != 0:
        var7 = []
        var5 = 0
        for var6 in range(var2):
            if var3[var6] > var4[var6]:
                var3[var6] -= 1
                var7.append(var6 + 1)
                break
        for var6 in range(var2):
            if var3[var6] < var4[var6]:
                var3[var6] += 1
                var7.append(var6 + 1)
                break
        for var6 in range(var2):
            var5 += abs(var3[var6] - var4[var6])
        print(str(var7[0]) + ' ' + str(var7[1]))


for var8 in range(var1):
    var2 = int(input())
    var3 = list(map(int, input().split()))
    var4 = list(map(int, input().split()))
    var9 = sum(var3)
    var10 = sum(var4)
    var11 = 0
    for var6 in range(var2):
        var11 += abs(var3[var6] - var4[var6])
    if var9 == var10:
        print(int(var11 / 2))
        function1(var2, var3, var4)
    else:
        print(-1)
```

### Input/Output Unit Test Cases:
```Input/Output Unit Test Cases
## Test Case 1:
Input: '1
100
1 1 2 0 1 2 2 1 1 1 0 0 0 0 1 0 1 0 2 2 1 0 0 2 0 1 0 0 2 3 0 1 0 2 0 1 0 0 2 1 2 1 0 0 0 0 0 0 0 0 3 0 0 3 0 2 1 0 0 0 0 1 0 2 0 0 0 0 2 0 2 0 3 0 0 2 0 0 0 3 3 2 0 3 1 0 1 3 3 3 2 2 0 1 2 3 2 1 0 0
2 2 0 3 0 0 0 3 3 0 0 0 2 0 2 2 0 0 3 0 0 0 1 0 0 1 3 0 0 2 0 2 0 2 0 1 3 1 1 0 0 1 0 0 0 1 0 0 1 2 2 0 3 1 1 0 0 0 3 0 3 1 1 0 2 0 0 0 0 3 0 1 0 1 1 0 0 3 0 0 0 0 0 0 0 2 2 0 0 3 0 0 3 3 0 3 3 2 0 2'
Output: '62
3 1
3 2
5 4
6 4
6 4
7 8
7 8
10 9
17 9
20 13
20 13
21 15
24 16
24 16
29 19
29 23
30 27
39 27
40 27
41 32
41 37
51 37
54 37
54 38
56 46
56 49
57 50
64 50
64 53
69 53
69 53
71 55
71 59
73 59
73 59
73 61
76 61
76 61
80 63
80 65
80 65
81 70
81 70
81 70
82 72
82 74
84 75
84 78
84 78
85 78
88 86
88 86
88 87
89 93
89 93
89 93
91 94
91 94
92 97
92 98
95 100
95 100'

## Test Case 2:
Input: '2
2
1 1
3 3
4
1 2 3 10
9 6 7 50'
Output: '-1
-1'

## Test Case 3:
Input: '1
100
0 0 0 0 0 0 0 0 0 0 0 0 0 0 0 0 0 0 0 0 0 0 0 0 0 0 0 0 0 0 0 0 0 0 0 0 0 0 0 0 0 0 0 0 0 0 0 0 0 0 0 0 0 0 0 0 0 0 1 0 0 0 0 0 0 0 0 0 0 0 0 0 0 0 0 0 0 0 0 0 0 0 0 0 0 0 0 0 0 0 0 0 0 0 0 0 0 0 0 0
0 0 0 0 0 1 0 0 0 0 0 0 0 0 0 0 0 0 0 0 0 0 0 0 0 0 0 0 0 0 0 0 0 0 0 0 0 0 0 0 0 0 0 0 0 0 0 0 0 0 0 0 0 0 0 0 0 0 0 0 0 0 0 0 0 0 0 0 0 0 0 0 0 0 0 0 0 0 0 0 0 0 0 0 0 0 0 0 0 0 0 0 0 0 0 0 0 0 0 0'
Output: '1
59 6'

## Test Case 4:
Input: '1
2
5 6
1 2'
Output: '-1'

## Test Case 5:
Input: '4
4
1 2 3 4
3 1 2 4
2
1 3
2 1
1
0
0
5
4 3 2 1 0
0 1 2 3 4'
Output: '2
2 1
3 1
-1
0
6
1 4
1 4
1 5
1 5
2 5
2 5'

```

#### Reference Example 2:
### Python Program:
```python
var1 = input().strip().split()
var2, var3, var4 = int(var1[0]), int(var1[1]), int(var1[2])
var5 = [(-1) for var6 in range(var3 + 1)]
var7 = [(-1) for var6 in range(var3 + 1)]
var8 = [(-1) for var6 in range(var3 + 1)]
var9 = [(False) for var6 in range(var2 + 1)]
for var6 in range(var3):
    var1 = input().strip().split()
    var5[var6], var7[var6], var8[var6] = int(var1[0]), int(var1[1]), int(var1[2])
if var4 <= 0:
    print('-1')
else:
    var1 = input().strip().split()
    var10 = 1000000000 + 10
    for var6 in var1:
        var9[int(var6)] = True
    for var6 in range(var3):
        var11, var12, var13 = var5[var6], var7[var6], var8[var6]
        if var9[var11] and not var9[var12]:
            var10 = min(var10, var13)
        if var9[var12] and not var9[var11]:
            var10 = min(var10, var13)
    if var10 == 1000000000 + 10:
        print('-1')
    else:
        print(var10)
```

### Input/Output Unit Test Cases:
```Input/Output Unit Test Cases
## Test Case 1:
Input: '99999 1 2
1 2 3
2 4'
Output: '3'

## Test Case 2:
Input: '7 39 2
2 7 10
5 6 18
2 7 13
4 5 11
3 6 14
1 2 16
3 4 2
1 3 13
1 5 1
1 2 20
1 5 11
1 4 14
3 6 21
1 2 18
1 4 13
2 3 4
3 6 12
2 5 18
4 7 17
1 2 3
2 3 6
1 2 21
1 7 18
4 6 13
1 2 13
1 7 17
2 3 16
5 6 5
2 4 17
1 2 9
1 2 21
4 5 9
1 2 18
2 6 6
2 3 9
1 4 7
2 5 7
3 7 21
4 5 2
6 2'
Output: '3'

## Test Case 3:
Input: '99999 1 0
1 2 3'
Output: '-1'

## Test Case 4:
Input: '5 4 2
1 2 5
1 2 3
2 3 4
1 4 10
1 5'
Output: '3'

## Test Case 5:
Input: '7 8 3
1 2 1
2 4 1
3 4 1
1 3 1
5 7 2
6 7 10
5 6 5
2 5 31246
5 6 7'
Output: '31246'

```

#### Reference Example 3:
### Python Program:
```python
def function1(var1, var2, var3):
    if var1[var2][var3] == 0:
        var1[var2][var3] = 1
    else:
        var1[var2][var3] = 0


var1 = [[1, 1, 1], [1, 1, 1], [1, 1, 1]]
var4 = []
var5, var6, var7 = map(int, input().split())
var4.append([var5, var6, var7])
var5, var6, var7 = map(int, input().split())
var4.append([var5, var6, var7])
var5, var6, var7 = map(int, input().split())
var4.append([var5, var6, var7])
for var2 in range(3):
    for var3 in range(3):
        if var4[var2][var3] % 2 == 0:
            continue
        function1(var1, var2, var3)
        if var2 - 1 >= 0:
            function1(var1, var2 - 1, var3)
        if var2 + 1 < 3:
            function1(var1, var2 + 1, var3)
        if var3 - 1 >= 0:
            function1(var1, var2, var3 - 1)
        if var3 + 1 < 3:
            function1(var1, var2, var3 + 1)
for var2 in var1:
    print(*var2, sep='')
```

### Input/Output Unit Test Cases:
```Input/Output Unit Test Cases
## Test Case 1:
Input: '26 69 69
85 18 23
14 22 74'
Output: '110
001
010'

## Test Case 2:
Input: '1 0 1
8 8 8
2 0 3'
Output: '010
011
100'

## Test Case 3:
Input: '96 95 5
8 84 74
67 31 61'
Output: '011
011
101'

## Test Case 4:
Input: '97 1 74
15 99 1
88 68 86'
Output: '001
011
000'

## Test Case 5:
Input: '22 97 12
71 8 24
100 21 64'
Output: '100
001
100'

```

#### Reference Example 4:
### Python Program:
```python
import sys
import operator
import array


def function1():
    var1 = list(map(int, input().split()))
    var2 = int(input())
    var3 = list(map(int, input().split()))
    var4 = [[]] * (var2 * 6)
    for var5 in range(0, var2):
        for var6 in range(0, 6):
            var4[var5 * 6 + var6] = var3[var5] - var1[var6], var5
    var4.sort(key=operator.itemgetter(0))
    var7 = array.array('L', [0]) * var2
    var8 = var2
    var9 = len(var4)
    var10 = 999999999999
    var11 = 0
    for var5 in range(0, var9):
        while var11 < var9 and var8 > 0:
            var7[var4[var11][1]] += 1
            if var7[var4[var11][1]] == 1:
                var8 -= 1
            var11 += 1
        if var8 > 0:
            break
        var10 = min(var10, var4[var11 - 1][0] - var4[var5][0])
        var7[var4[var5][1]] -= 1
        if var7[var4[var5][1]] == 0:
            var8 += 1
    print(var10)


def function2(var12):
    function1()


function2(sys.argv)
```

### Input/Output Unit Test Cases:
```Input/Output Unit Test Cases
## Test Case 1:
Input: '5 4 7 6 4 1
10
19 16 18 12 16 15 16 20 16 14'
Output: '2'

## Test Case 2:
Input: '1 1 2 2 3 3
7
13 4 11 12 11 13 12'
Output: '7'

## Test Case 3:
Input: '158260522 877914575 602436426 24979445 861648772 623690081
1
896194147'
Output: '0'

## Test Case 4:
Input: '1 1 1 96 99 100
3
101 146 175'
Output: '50'

## Test Case 5:
Input: '1 4 100 10 30 5
6
101 104 105 110 130 200'
Output: '0'

```

"
u952708174,p02596,python,s856754977,s552892775,106,34,9192,9148,Accepted,Accepted,67.92,"def c_repsept():

    K = int(eval(input()))



    L = 9 * K // 7 if K % 7 == 0 else 9 * K

    if L % 2 == 0 or L % 5 == 0:

        return -1



    remainder = 1

    for n in range(1, L + 1):

        remainder = (10 * remainder) % L

        if remainder == 1:

            return n

    return -1



print((c_repsept()))","def c_repsept_totient():

    def euler_phi(n):

        """"""ÕýÕûÊý n ¤Ë¤·¤Æ¡¢n ¤È»¥¤¤¤ËËØ¤Ê n ÒÔÏÂ¤ÎÕýÕûÊý¤ÎÊý""""""

        ret = n

        for i in range(2, int(n**0.5) + 1):

            if n % i == 0:

                ret = ret // i * (i - 1)

                while n % i == 0:

                    n //= i

        if n > 1:

            ret -= ret // n

        return ret



    def divisor_list(n):

        """"""n ¤ÎÕý¤Î¼sÊý¤Î¥ê¥¹¥È""""""

        ret = set()

        for k in range(1, int(n**0.5) + 1):

            if n % k == 0:

                ret.update({k, n // k})

        return sorted(ret)



    K = int(eval(input()))

    L = 9 * (K // 7 if K % 7 == 0 else K)



    for d in divisor_list(euler_phi(L)):

        if pow(10, d, L) == 1:

            return d

    return -1



print((c_repsept_totient()))",15,30,319,786,"def c_repsept():
    K = int(eval(input()))
    L = 9 * K // 7 if K % 7 == 0 else 9 * K
    if L % 2 == 0 or L % 5 == 0:
        return -1
    remainder = 1
    for n in range(1, L + 1):
        remainder = (10 * remainder) % L
        if remainder == 1:
            return n
    return -1


print((c_repsept()))
","def c_repsept_totient():
    def euler_phi(n):
        """"""ÕýÕûÊý n ¤Ë¤·¤Æ¡¢n ¤È»¥¤¤¤ËËØ¤Ê n ÒÔÏÂ¤ÎÕýÕûÊý¤ÎÊý""""""
        ret = n
        for i in range(2, int(n**0.5) + 1):
            if n % i == 0:
                ret = ret // i * (i - 1)
                while n % i == 0:
                    n //= i
        if n > 1:
            ret -= ret // n
        return ret

    def divisor_list(n):
        """"""n ¤ÎÕý¤Î¼sÊý¤Î¥ê¥¹¥È""""""
        ret = set()
        for k in range(1, int(n**0.5) + 1):
            if n % k == 0:
                ret.update({k, n // k})
        return sorted(ret)

    K = int(eval(input()))
    L = 9 * (K // 7 if K % 7 == 0 else K)
    for d in divisor_list(euler_phi(L)):
        if pow(10, d, L) == 1:
            return d
    return -1


print((c_repsept_totient()))
",False,50.0,"['-def c_repsept():', '+def c_repsept_totient():', '+    def euler_phi(n):', '+        """"""ÕýÕûÊý n ¤Ë¤·¤Æ¡¢n ¤È»¥¤¤¤ËËØ¤Ê n ÒÔÏÂ¤ÎÕýÕûÊý¤ÎÊý""""""', '+        ret = n', '+        for i in range(2, int(n**0.5) + 1):', '+            if n % i == 0:', '+                ret = ret // i * (i - 1)', '+                while n % i == 0:', '+                    n //= i', '+        if n > 1:', '+            ret -= ret // n', '+        return ret', '+', '+    def divisor_list(n):', '+        """"""n ¤ÎÕý¤Î¼sÊý¤Î¥ê¥¹¥È""""""', '+        ret = set()', '+        for k in range(1, int(n**0.5) + 1):', '+            if n % k == 0:', '+                ret.update({k, n // k})', '+        return sorted(ret)', '+', '-    L = 9 * K // 7 if K % 7 == 0 else 9 * K', '-    if L % 2 == 0 or L % 5 == 0:', '-        return -1', '-    remainder = 1', '-    for n in range(1, L + 1):', '-        remainder = (10 * remainder) % L', '-        if remainder == 1:', '-            return n', '+    L = 9 * (K // 7 if K % 7 == 0 else K)', '+    for d in divisor_list(euler_phi(L)):', '+        if pow(10, d, L) == 1:', '+            return d', '-print((c_repsept()))', '+print((c_repsept_totient()))']",False,0.338304636,0.214600312,1.576440563,"['s856754977', 's552892775']","{'inputs': ['999983\n', '2\n', '101\n'], 'outputs': ['999982\n', '-1\n', '4\n']}","{'inputs': ['2243343\n', '11289\n', '5041\n', '89\n', '342119\n', '5181\n', '2481\n', '55133\n', '7083\n', '1676603\n', '778149\n', '4983\n', '41797\n', '908587\n', '17\n', '67\n', '172483\n', '5513\n', '23239\n', '3\n', '187013\n', '23\n', '21831\n', '20511\n', '6957\n', '31\n', '107767\n', '51\n', '513023\n', '141\n', '20987\n', '27\n', '52171\n', '1929\n', '1\n', '919\n', '9\n', '53\n', '127\n', '726903\n', '1841409\n', '30689\n', '69\n', '17097\n', '173153\n', '62967\n', '109\n', '204187\n', '1558339\n', '29\n', '5163823\n', '439373\n', '826657\n', '4231\n', '173\n', '1208879\n', '199\n', '131\n', '2849\n', '81\n', '57\n', '177\n', '1533\n', '43\n', '19573\n', '11\n', '958033\n', '126901\n', '9187\n', '233\n', '3031\n', '6451\n', '5247\n', '316729\n', '3711\n', '41\n', '86061\n', '451457\n', '71\n', '47\n', '1013603\n', '751\n', '87\n', '396229\n', '42769\n', '59\n', '73\n', '80531\n', '1803846\n', '1041437\n', '139909\n', '191049\n', '4869\n', '863\n', '179\n', '229\n', '42117\n', '136963\n', '13423\n', '549\n'], 'outputs': ['747780\n', '1365\n', '2485\n', '44\n', '169248\n', '78\n', '1239\n', '3180\n', '1179\n', '67860\n', '51876\n', '150\n', '426\n', '21945\n', '16\n', '33\n', '5032\n', '444\n', '10928\n', '3\n', '21758\n', '22\n', '3438\n', '819\n', '1737\n', '15\n', '96\n', '48\n', '18081\n', '138\n', '5070\n', '27\n', '1792\n', '321\n', '1\n', '459\n', '9\n', '13\n', '42\n', '342000\n', '6138\n', '15344\n', '66\n', '690\n', '86154\n', '3450\n', '108\n', '96080\n', '177360\n', '28\n', '73450\n', '9802\n', '9084\n', '2115\n', '43\n', '74010\n', '99\n', '130\n', '6\n', '81\n', '18\n', '174\n', '24\n', '21\n', '1518\n', '2\n', '25740\n', '6678\n', '4593\n', '232\n', '432\n', '2150\n', '234\n', '45246\n', '618\n', '5\n', '28686\n', '220458\n', '35\n', '46\n', '1927\n', '125\n', '84\n', '10944\n', '2250\n', '58\n', '8\n', '3660\n', '-1\n', '245040\n', '286\n', '15540\n', '540\n', '862\n', '178\n', '228\n', '276\n', '68481\n', '2160\n', '180\n']}",1,22414.55,1,123.95,1.0,1839.07,1.0,124.24,"def c_repsept():
    K = int(eval(input()))
    L = 9 * K // 7 if K % 7 == 0 else 9 * K
    if L % 2 == 0 or L % 5 == 0:
        return -1
    remainder = 1
    for n in range(1, L + 1):
        remainder = 10 * remainder % L
        if remainder == 1:
            return n
    return -1
print(c_repsept())","def function1():
    var1 = int(eval(input()))
    var2 = 9 * var1 // 7 if var1 % 7 == 0 else 9 * var1
    if var2 % 2 == 0 or var2 % 5 == 0:
        return -1
    var3 = 1
    for var4 in range(1, var2 + 1):
        var3 = 10 * var3 % var2
        if var3 == 1:
            return var4
    return -1
print(function1())","def c_repsept_totient():
    def euler_phi(n):
        ret = n
        for i in range(2, int(n ** 0.5) + 1):
            if n % i == 0:
                ret = ret // i * (i - 1)
                while n % i == 0:
                    n //= i
        if n > 1:
            ret -= ret // n
        return ret
    def divisor_list(n):
        ret = set()
        for k in range(1, int(n ** 0.5) + 1):
            if n % k == 0:
                ret.update({k, n // k})
        return sorted(ret)
    K = int(eval(input()))
    L = 9 * (K // 7 if K % 7 == 0 else K)
    for d in divisor_list(euler_phi(L)):
        if pow(10, d, L) == 1:
            return d
    return -1
print(c_repsept_totient())","'c_repsept', 1, 'comesFrom', [], []
'K', 5, 'computedFrom', ['int', 'eval', 'input'], [7, 9, 11]
'int', 7, 'comesFrom', [], []
'eval', 9, 'comesFrom', [], []
'input', 11, 'comesFrom', [], []
'L', 16, 'computedFrom', ['9', 'K', '7', 'K', '7', '0', '9', 'K'], [18, 20, 22, 24, 26, 28, 30, 32]
'9', 18, 'comesFrom', [], []
'K', 20, 'comesFrom', ['K'], [5]
'7', 22, 'comesFrom', [], []
'K', 24, 'comesFrom', ['K'], [5]
'7', 26, 'comesFrom', [], []
'0', 28, 'comesFrom', [], []
'9', 30, 'comesFrom', [], []
'K', 32, 'comesFrom', ['K'], [5]
'L', 34, 'comesFrom', ['L'], [16]
'L', 40, 'comesFrom', ['L'], [16]
'remainder', 49, 'computedFrom', ['1'], [51]
'1', 51, 'comesFrom', [], []
'n', 53, 'computedFrom', ['range', 'L', '1'], [55, 57, 59, 61]
'range', 55, 'comesFrom', ['range'], [55]
'1', 57, 'comesFrom', [], []
'L', 59, 'comesFrom', ['L'], [16]
'1', 61, 'comesFrom', [], []
'remainder', 64, 'computedFrom', ['remainder', 'L', '10'], [66, 68, 70]
'10', 66, 'comesFrom', [], []
'remainder', 68, 'comesFrom', ['remainder'], [49, 64]
'L', 70, 'comesFrom', ['L'], [16]
'remainder', 72, 'comesFrom', ['remainder'], [64]
'n', 77, 'comesFrom', ['n'], [53]
'c_repsept', 83, 'comesFrom', ['c_repsept'], [1]","'function1', 1, 'comesFrom', [], []
'var1', 5, 'computedFrom', ['int', 'eval', 'input'], [7, 9, 11]
'int', 7, 'comesFrom', [], []
'eval', 9, 'comesFrom', [], []
'input', 11, 'comesFrom', [], []
'var2', 16, 'computedFrom', ['9', 'var1', '7', 'var1', '7', '0', '9', 'var1'], [18, 20, 22, 24, 26, 28, 30, 32]
'9', 18, 'comesFrom', [], []
'var1', 20, 'comesFrom', ['var1'], [5]
'7', 22, 'comesFrom', [], []
'var1', 24, 'comesFrom', ['var1'], [5]
'7', 26, 'comesFrom', [], []
'0', 28, 'comesFrom', [], []
'9', 30, 'comesFrom', [], []
'var1', 32, 'comesFrom', ['var1'], [5]
'var2', 34, 'comesFrom', ['var2'], [16]
'var2', 40, 'comesFrom', ['var2'], [16]
'var3', 49, 'computedFrom', ['1'], [51]
'1', 51, 'comesFrom', [], []
'var4', 53, 'computedFrom', ['var2', 'range', '1'], [55, 57, 59, 61]
'range', 55, 'comesFrom', ['range'], [55]
'1', 57, 'comesFrom', [], []
'var2', 59, 'comesFrom', ['var2'], [16]
'1', 61, 'comesFrom', [], []
'var3', 64, 'computedFrom', ['var2', 'var3', '10'], [66, 68, 70]
'10', 66, 'comesFrom', [], []
'var3', 68, 'comesFrom', ['var3'], [49, 64]
'var2', 70, 'comesFrom', ['var2'], [16]
'var3', 72, 'comesFrom', ['var3'], [64]
'var4', 77, 'comesFrom', ['var4'], [53]
'function1', 83, 'comesFrom', ['function1'], [1]",120235,"def function1(var1, var2):
    var3 = []
    for var4 in range(2):
        var5 = []
        for var6 in range(2):
            var7 = 0
            for var8 in range(2):
                var7 += var1[var4][var8] * var2[var8][var6]
            var5.append(var7)
        var3.append(var5)
    return var3


def function2(var1, var9):
    if var9 == 1:
        return var1
    if var9 == 0:
        return 0
    if var9 % 2 == 0:
        var10 = function2(var1, var9 // 2)
        return function1(var10, var10)
    else:
        return function1(var1, function2(var1, var9 - 1))


var11 = [[0, -1], [1, 1]]
var12, var13 = map(int, input().split(' '))
var9 = int(input())
var14 = 10 ** 9 + 7
if var12 == 0 and var13 == 0:
    print(0)
elif var9 == 1:
    print(var12 % var14)
elif var9 == 2:
    print(var13 % var14)
else:
    var15 = function2(var11, var9 - 1)
    var3 = var15[0][0] * var12 + var15[1][0] * var13
    var3 = var3 % var14
    print(var3)","'function1', 1, 'comesFrom', [], []
'var1', 3, 'comesFrom', [], []
'var2', 5, 'comesFrom', [], []
'var3', 8, 'computedFrom', [], []
'var4', 13, 'computedFrom', ['range', '2'], [15, 17]
'range', 15, 'comesFrom', ['range'], [15]
'2', 17, 'comesFrom', [], []
'var5', 20, 'computedFrom', [], []
'var6', 25, 'computedFrom', ['range', '2'], [27, 29]
'range', 27, 'comesFrom', ['range'], [15]
'2', 29, 'comesFrom', [], []
'var7', 32, 'computedFrom', ['0'], [34]
'0', 34, 'comesFrom', [], []
'var8', 36, 'computedFrom', ['range', '2'], [38, 40]
'range', 38, 'comesFrom', ['range'], [15]
'2', 40, 'comesFrom', [], []
'var7', 43, 'computedFrom', ['var6', 'var4', 'var1', 'var2', 'var8'], [45, 47, 50, 53, 55, 58]
'var1', 45, 'comesFrom', ['var1'], [3]
'var4', 47, 'comesFrom', ['var4'], [13]
'var8', 50, 'comesFrom', ['var8'], [36]
'var2', 53, 'comesFrom', ['var2'], [5]
'var8', 55, 'comesFrom', ['var8'], [36]
'var6', 58, 'comesFrom', ['var6'], [25]
'var5', 60, 'comesFrom', ['var5'], [20]
'append', 62, 'comesFrom', ['append'], [62]
'var7', 64, 'comesFrom', ['var7'], [43]
'var3', 66, 'comesFrom', ['var3'], [8]
'append', 68, 'comesFrom', ['append'], [62]
'var5', 70, 'comesFrom', ['var5'], [20]
'var3', 73, 'comesFrom', ['var3'], [8]
'function2', 75, 'comesFrom', [], []
'var1', 77, 'comesFrom', ['var1'], [3]
'var9', 79, 'comesFrom', [], []
'var9', 83, 'comesFrom', ['var9'], [79]
'var1', 88, 'comesFrom', ['var1'], [3]
'var9', 90, 'comesFrom', ['var9'], [79]
'var9', 97, 'comesFrom', ['var9'], [79]
'var10', 103, 'computedFrom', ['function2', 'var1', 'var9', '2'], [105, 107, 109, 111]
'function2', 105, 'comesFrom', ['function2'], [75]
'var1', 107, 'comesFrom', ['var1'], [3]
'var9', 109, 'comesFrom', ['var9'], [79]
'2', 111, 'comesFrom', [], []
'function1', 114, 'comesFrom', ['function1'], [1]
'var10', 116, 'comesFrom', ['var10'], [103]
'var10', 118, 'comesFrom', ['var10'], [103]
'function1', 123, 'comesFrom', ['function1'], [1]
'var1', 125, 'comesFrom', ['var1'], [3]
'function2', 127, 'comesFrom', ['function2'], [75]
'var1', 129, 'comesFrom', ['var1'], [3]
'var9', 131, 'comesFrom', ['var9'], [79]
'var11', 136, 'computedFrom', ['0', '1', '1', '1'], [140, 143, 147, 149]
'0', 140, 'comesFrom', [], []
'1', 143, 'comesFrom', [], []
'1', 147, 'comesFrom', [], []
'1', 149, 'comesFrom', [], []
'var12', 152, 'computedFrom', ['map'], [156]
'var13', 154, 'computedFrom', ['int', 'input', 'split', ""' '""], [158, 160, 164, 166]
'map', 156, 'comesFrom', [], []
'int', 158, 'comesFrom', [], []
'input', 160, 'comesFrom', [], []
'split', 164, 'comesFrom', [], []
""' '"", 166, 'comesFrom', [], []
'var9', 169, 'computedFrom', ['int', 'input'], [171, 173]
'int', 171, 'comesFrom', ['int'], [158]
'input', 173, 'comesFrom', ['input'], [160]
'var14', 177, 'computedFrom', ['10', '9', '7'], [179, 181, 183]
'10', 179, 'comesFrom', [], []
'9', 181, 'comesFrom', [], []
'7', 183, 'comesFrom', [], []
'var12', 185, 'comesFrom', ['var12'], [152]
'var13', 189, 'comesFrom', ['var13'], [154]
'var9', 198, 'comesFrom', ['var9'], [169]
'var12', 204, 'comesFrom', ['var12'], [152]
'var14', 206, 'comesFrom', ['var14'], [177]
'var9', 209, 'comesFrom', ['var9'], [169]
'var13', 215, 'comesFrom', ['var13'], [154]
'var14', 217, 'comesFrom', ['var14'], [177]
'var15', 221, 'computedFrom', ['function2', 'var11', 'var9', '1'], [223, 225, 227, 229]
'function2', 223, 'comesFrom', ['function2'], [75]
'var11', 225, 'comesFrom', ['var11'], [136]
'var9', 227, 'comesFrom', ['var9'], [169]
'1', 229, 'comesFrom', [], []
'var3', 231, 'computedFrom', ['var15', '0', '0', 'var12', 'var15', '1', '0', 'var13'], [233, 235, 238, 241, 243, 245, 248, 251]
'var15', 233, 'comesFrom', ['var15'], [221]
'0', 235, 'comesFrom', [], []
'0', 238, 'comesFrom', [], []
'var12', 241, 'comesFrom', ['var12'], [152]
'var15', 243, 'comesFrom', ['var15'], [221]
'1', 245, 'comesFrom', [], []
'0', 248, 'comesFrom', [], []
'var13', 251, 'comesFrom', ['var13'], [154]
'var3', 252, 'computedFrom', ['var3', 'var14'], [254, 256]
'var3', 254, 'comesFrom', ['var3'], [231]
'var14', 256, 'comesFrom', ['var14'], [177]
'var3', 259, 'comesFrom', ['var3'], [252]","{'inputs': ['1000000000 -1000000000\n6\n', '844509330 -887335829\n123329059\n', '-892837483 -998273847\n999283948\n', '728374857 678374857\n1928374839\n', '1 2\n12\n'], 'outputs': ['999999993\n', '844509330\n', '892837483\n', '950000007\n', '1000000006\n']}",157988,"def function1():
    var1 = 10 ** 9 + 7
    var2 = 20200
    var3 = [0] * var2
    var4 = [0] * var2
    var3[0] = 1
    for var5 in range(1, var2):
        var3[var5] = var3[var5 - 1] * var5 % var1
    var4[var2 - 1] = pow(var3[var2 - 1], var1 - 2, var1)
    for var5 in range(var2 - 1, 0, -1):
        var4[var5 - 1] = var4[var5] * var5 % var1

    def function2(var6, var7):
        if var7 == 0:
            return 1
        else:
            return var3[var6] * var4[var7] * var4[var6 - var7] % var1
    var8 = int(input())
    var9 = list(map(int, input().split()))
    var10, var11 = set(), set()
    for var5, var12 in enumerate(var9):
        if var12 == -1:
            var10.add(var5 + 1)
        else:
            var11.add(var12)
    var13 = set(range(1, var8 + 1)) - var11
    var14 = len(var10)
    var15 = len(var10 & var13)
    var16 = 0
    for var5 in range(var15 + 1):
        var17 = var3[var14 - var5] * function2(var15, var5) % var1
        if var5 & 1:
            var16 -= var17
        else:
            var16 += var17
    print(var16 % var1)


function1()","'function1', 1, 'comesFrom', [], []
'var1', 5, 'computedFrom', ['10', '9', '7'], [7, 9, 11]
'10', 7, 'comesFrom', [], []
'9', 9, 'comesFrom', [], []
'7', 11, 'comesFrom', [], []
'var2', 12, 'computedFrom', ['20200'], [14]
'20200', 14, 'comesFrom', [], []
'var3', 15, 'computedFrom', ['0', 'var2'], [18, 21]
'0', 18, 'comesFrom', [], []
'var2', 21, 'comesFrom', ['var2'], [12]
'var4', 22, 'computedFrom', ['0', 'var2'], [25, 28]
'0', 25, 'comesFrom', [], []
'var2', 28, 'comesFrom', ['var2'], [12]
'var3', 29, 'computedFrom', ['1'], [34]
'0', 31, 'computedFrom', ['1'], [34]
'1', 34, 'comesFrom', [], []
'var5', 36, 'computedFrom', ['1', 'var2', 'range'], [38, 40, 42]
'range', 38, 'comesFrom', ['range'], [38]
'1', 40, 'comesFrom', [], []
'var2', 42, 'comesFrom', ['var2'], [12]
'var3', 45, 'computedFrom', ['1', 'var1', 'var5', 'var3'], [50, 52, 54, 57, 59]
'var5', 47, 'computedFrom', ['1', 'var1', 'var5', 'var3'], [50, 52, 54, 57, 59]
'var3', 50, 'comesFrom', ['var3'], [29, 45]
'var5', 52, 'comesFrom', ['var5'], [36]
'1', 54, 'comesFrom', [], []
'var5', 57, 'comesFrom', ['var5'], [36]
'var1', 59, 'comesFrom', ['var1'], [5]
'var4', 60, 'computedFrom', ['pow', 'var3', 'var2', '1', 'var1', '2', 'var1'], [67, 69, 71, 73, 76, 78, 80]
'var2', 62, 'computedFrom', ['pow', 'var3', 'var2', '1', 'var1', '2', 'var1'], [67, 69, 71, 73, 76, 78, 80]
'1', 64, 'computedFrom', ['pow', 'var3', 'var2', '1', 'var1', '2', 'var1'], [67, 69, 71, 73, 76, 78, 80]
'pow', 67, 'comesFrom', [], []
'var3', 69, 'comesFrom', ['var3'], [45]
'var2', 71, 'comesFrom', ['var2'], [12]
'1', 73, 'comesFrom', [], []
'var1', 76, 'comesFrom', ['var1'], [5]
'2', 78, 'comesFrom', [], []
'var1', 80, 'comesFrom', ['var1'], [5]
'var5', 83, 'computedFrom', ['1', 'var2', 'range', '0'], [85, 87, 89, 91, 94]
'range', 85, 'comesFrom', ['range'], [38]
'var2', 87, 'comesFrom', ['var2'], [62]
'1', 89, 'comesFrom', ['1'], [64, 101]
'0', 91, 'comesFrom', ['0'], [31]
'1', 94, 'comesFrom', ['1'], [64, 101]
'var4', 97, 'computedFrom', ['var1', 'var5', 'var4'], [104, 106, 109, 111]
'var5', 99, 'computedFrom', ['var1', 'var5', 'var4'], [104, 106, 109, 111]
'1', 101, 'computedFrom', ['var1', 'var5', 'var4'], [104, 106, 109, 111]
'var4', 104, 'comesFrom', ['var4'], [60, 97]
'var5', 106, 'comesFrom', ['var5'], [83]
'var5', 109, 'comesFrom', ['var5'], [83]
'var1', 111, 'comesFrom', ['var1'], [5]
'function2', 113, 'comesFrom', [], []
'var6', 115, 'comesFrom', [], []
'var7', 117, 'comesFrom', [], []
'var7', 121, 'comesFrom', ['var7'], [117]
'0', 123, 'comesFrom', ['0'], [31]
'1', 126, 'comesFrom', ['1'], [101]
'var3', 130, 'comesFrom', ['var3'], [45]
'var6', 132, 'comesFrom', ['var6'], [115]
'var4', 135, 'comesFrom', ['var4'], [97]
'var7', 137, 'comesFrom', ['var7'], [117]
'var4', 140, 'comesFrom', ['var4'], [97]
'var6', 142, 'comesFrom', ['var6'], [115]
'var7', 144, 'comesFrom', ['var7'], [117]
'var1', 147, 'comesFrom', ['var1'], [5]
'var8', 148, 'computedFrom', ['int', 'input'], [150, 152]
'int', 150, 'comesFrom', [], []
'input', 152, 'comesFrom', [], []
'var9', 156, 'computedFrom', ['list', 'map', 'int', 'input', 'split'], [158, 160, 162, 164, 168]
'list', 158, 'comesFrom', [], []
'map', 160, 'comesFrom', [], []
'int', 162, 'comesFrom', ['int'], [150]
'input', 164, 'comesFrom', ['input'], [152]
'split', 168, 'comesFrom', [], []
'var10', 173, 'computedFrom', ['set'], [177]
'var11', 175, 'computedFrom', ['set'], [181]
'set', 177, 'comesFrom', [], []
'set', 181, 'comesFrom', ['set'], [177]
'var5', 185, 'computedFrom', ['enumerate'], [189]
'var12', 187, 'computedFrom', ['var9'], [191]
'enumerate', 189, 'comesFrom', ['enumerate'], [189]
'var9', 191, 'comesFrom', ['var9'], [156]
'var12', 195, 'comesFrom', ['var12'], [187]
'1', 198, 'comesFrom', ['1'], [101]
'var10', 200, 'comesFrom', ['var10'], [173]
'add', 202, 'comesFrom', ['add'], [202, 212]
'var5', 204, 'comesFrom', ['var5'], [185]
'1', 206, 'comesFrom', ['1'], [101]
'var11', 210, 'comesFrom', ['var11'], [175]
'add', 212, 'comesFrom', ['add'], [202, 212]
'var12', 214, 'comesFrom', ['var12'], [187]
'var13', 216, 'computedFrom', ['set', 'range', '1', 'var8', '1', 'var11'], [218, 220, 222, 224, 226, 230]
'set', 218, 'comesFrom', ['set'], [177]
'range', 220, 'comesFrom', ['range'], [38]
'1', 222, 'comesFrom', ['1'], [101]
'var8', 224, 'comesFrom', ['var8'], [148]
'1', 226, 'comesFrom', ['1'], [101]
'var11', 230, 'comesFrom', ['var11'], [175]
'var14', 231, 'computedFrom', ['len', 'var10'], [233, 235]
'len', 233, 'comesFrom', [], []
'var10', 235, 'comesFrom', ['var10'], [173]
'var15', 237, 'computedFrom', ['len', 'var10', 'var13'], [239, 241, 243]
'len', 239, 'comesFrom', ['len'], [233]
'var10', 241, 'comesFrom', ['var10'], [173]
'var13', 243, 'comesFrom', ['var13'], [216]
'var16', 245, 'computedFrom', ['0'], [247]
'0', 247, 'comesFrom', ['0'], [31]
'var5', 249, 'computedFrom', ['var15', '1', 'range'], [251, 253, 255]
'range', 251, 'comesFrom', ['range'], [38]
'var15', 253, 'comesFrom', ['var15'], [237]
'1', 255, 'comesFrom', ['1'], [101]
'var17', 258, 'computedFrom', ['var15', 'var5', 'var1', 'var3', 'var14', 'function2'], [260, 262, 264, 267, 269, 271, 274]
'var3', 260, 'comesFrom', ['var3'], [45]
'var14', 262, 'comesFrom', ['var14'], [231]
'var5', 264, 'comesFrom', ['var5'], [249]
'function2', 267, 'comesFrom', ['function2'], [113]
'var15', 269, 'comesFrom', ['var15'], [237]
'var5', 271, 'comesFrom', ['var5'], [249]
'var1', 274, 'comesFrom', ['var1'], [5]
'var5', 276, 'comesFrom', ['var5'], [249]
'1', 278, 'comesFrom', ['1'], [101]
'var16', 280, 'computedFrom', ['var17'], [282]
'var17', 282, 'comesFrom', ['var17'], [258]
'var16', 285, 'computedFrom', ['var17'], [287]
'var17', 287, 'comesFrom', ['var17'], [258]
'var16', 290, 'comesFrom', ['var16'], [280, 285]
'var1', 292, 'comesFrom', ['var1'], [5]
'function1', 294, 'comesFrom', ['function1'], [1]","{'inputs': ['7\n-1 -1 4 -1 7 1 6\n', '8\n2 4 5 3 -1 8 -1 6\n', '6\n-1 -1 -1 -1 -1 -1\n', '5\n-1 -1 4 3 -1\n', '10\n4 10 -1 1 6 8 9 2 -1 -1\n'], 'outputs': ['4\n', '1\n', '265\n', '2\n', '4\n']}",130931,"def function1(var1, var2):
    if var1 > 1 and var2 == 0:
        return -1
    if var2 > var1 * 9:
        return -1
    var3 = 10
    var4 = 0
    while var2 != 0:
        if var2 >= 9:
            var4 = var4 * var3 + 9
            var2 = var2 - 9
            var1 = var1 - 1
        else:
            var4 = var4 * var3 + var2
            var2 = 0
            var1 = var1 - 1
    for var3 in range(var1):
        var4 = var4 * 10
    return var4


def function2(var1, var2):
    if var1 > 1 and var2 == 0:
        return -1
    if var2 > var1 * 9:
        return -1
    var4 = 0
    var3 = 1
    var2 = var2 - 1
    while var2 != 0:
        if var2 <= 9:
            var4 = var2 * var3 + var4
            var2 = 0
        else:
            var4 = 9 * var3 + var4
            var2 = var2 - 9
            var3 = var3 * 10
    var2 = var2 + 1
    for var3 in range(var1 - 1):
        var2 = var2 * 10
    var4 = var2 + var4
    return var4


var1, var5 = [int(var6) for var6 in input().split()]
print(function2(var1, var5), end=' ')
print(function1(var1, var5))","'function1', 1, 'comesFrom', [], []
'var1', 3, 'comesFrom', [], []
'var2', 5, 'comesFrom', [], []
'var1', 9, 'comesFrom', ['var1'], [3]
'var2', 13, 'comesFrom', ['var2'], [5]
'var2', 21, 'comesFrom', ['var2'], [5]
'var1', 23, 'comesFrom', ['var1'], [3]
'var3', 30, 'computedFrom', ['10'], [32]
'10', 32, 'comesFrom', [], []
'var4', 33, 'computedFrom', ['0'], [35]
'0', 35, 'comesFrom', [], []
'var2', 37, 'comesFrom', ['var2'], [5, 53, 72]
'var2', 42, 'comesFrom', ['var2'], [5, 53, 72]
'var4', 46, 'computedFrom', ['9', 'var4', 'var3'], [48, 50, 52]
'var4', 48, 'comesFrom', ['var4'], [33, 46, 65]
'var3', 50, 'comesFrom', ['var3'], [30]
'9', 52, 'comesFrom', [], []
'var2', 53, 'computedFrom', ['var2', '9'], [55, 57]
'var2', 55, 'comesFrom', ['var2'], [5, 53, 72]
'9', 57, 'comesFrom', [], []
'var1', 58, 'computedFrom', ['var1', '1'], [60, 62]
'var1', 60, 'comesFrom', ['var1'], [3, 58, 75]
'1', 62, 'comesFrom', [], []
'var4', 65, 'computedFrom', ['var2', 'var4', 'var3'], [67, 69, 71]
'var4', 67, 'comesFrom', ['var4'], [33, 46, 65]
'var3', 69, 'comesFrom', ['var3'], [30]
'var2', 71, 'comesFrom', ['var2'], [5, 53, 72]
'var2', 72, 'computedFrom', ['0'], [74]
'0', 74, 'comesFrom', [], []
'var1', 75, 'computedFrom', ['var1', '1'], [77, 79]
'var1', 77, 'comesFrom', ['var1'], [3, 58, 75]
'1', 79, 'comesFrom', [], []
'var3', 81, 'computedFrom', ['var1', 'range'], [83, 85]
'range', 83, 'comesFrom', ['range'], [83]
'var1', 85, 'comesFrom', ['var1'], [58, 75]
'var4', 88, 'computedFrom', ['10', 'var4'], [90, 92]
'var4', 90, 'comesFrom', ['var4'], [46, 65, 88]
'10', 92, 'comesFrom', [], []
'var4', 94, 'comesFrom', ['var4'], [88]
'function2', 96, 'comesFrom', [], []
'var1', 98, 'comesFrom', ['var1'], [58, 75]
'var2', 100, 'comesFrom', ['var2'], [53, 72]
'var1', 104, 'comesFrom', ['var1'], [58, 75]
'var2', 108, 'comesFrom', ['var2'], [53, 72]
'var2', 116, 'comesFrom', ['var2'], [53, 72]
'var1', 118, 'comesFrom', ['var1'], [58, 75]
'var4', 125, 'computedFrom', ['0'], [127]
'0', 127, 'comesFrom', [], []
'var3', 128, 'computedFrom', ['1'], [130]
'1', 130, 'comesFrom', [], []
'var2', 131, 'computedFrom', ['var2', '1'], [133, 135]
'var2', 133, 'comesFrom', ['var2'], [53, 72]
'1', 135, 'comesFrom', [], []
'var2', 137, 'comesFrom', ['var2'], [131, 153, 165]
'var2', 142, 'comesFrom', ['var2'], [131, 153, 165]
'var4', 146, 'computedFrom', ['var2', 'var4', 'var3'], [148, 150, 152]
'var2', 148, 'comesFrom', ['var2'], [131, 153, 165]
'var3', 150, 'comesFrom', ['var3'], [128, 170]
'var4', 152, 'comesFrom', ['var4'], [125, 146, 158]
'var2', 153, 'computedFrom', ['0'], [155]
'0', 155, 'comesFrom', [], []
'var4', 158, 'computedFrom', ['var4', '9', 'var3'], [160, 162, 164]
'9', 160, 'comesFrom', [], []
'var3', 162, 'comesFrom', ['var3'], [128, 170]
'var4', 164, 'comesFrom', ['var4'], [125, 146, 158]
'var2', 165, 'computedFrom', ['var2', '9'], [167, 169]
'var2', 167, 'comesFrom', ['var2'], [131, 153, 165]
'9', 169, 'comesFrom', [], []
'var3', 170, 'computedFrom', ['10', 'var3'], [172, 174]
'var3', 172, 'comesFrom', ['var3'], [128, 170]
'10', 174, 'comesFrom', [], []
'var2', 175, 'computedFrom', ['var2', '1'], [177, 179]
'var2', 177, 'comesFrom', ['var2'], [153, 165]
'1', 179, 'comesFrom', [], []
'var3', 181, 'computedFrom', ['1', 'var1', 'range'], [183, 185, 187]
'range', 183, 'comesFrom', ['range'], [83]
'var1', 185, 'comesFrom', ['var1'], [58, 75]
'1', 187, 'comesFrom', [], []
'var2', 190, 'computedFrom', ['10', 'var2'], [192, 194]
'var2', 192, 'comesFrom', ['var2'], [175, 190]
'10', 194, 'comesFrom', [], []
'var4', 195, 'computedFrom', ['var2', 'var4'], [197, 199]
'var2', 197, 'comesFrom', ['var2'], [190]
'var4', 199, 'comesFrom', ['var4'], [146, 158]
'var4', 201, 'comesFrom', ['var4'], [195]
'var1', 202, 'computedFrom', ['int', 'var6', 'var6', 'input', 'split'], [207, 209, 212, 214, 218]
'var5', 204, 'computedFrom', ['int', 'var6', 'var6', 'input', 'split'], [207, 209, 212, 214, 218]
'int', 207, 'comesFrom', [], []
'var6', 209, 'comesFrom', ['var6'], [212]
'var6', 212, 'computedFrom', ['input', 'split'], [214, 218]
'input', 214, 'comesFrom', [], []
'split', 218, 'comesFrom', [], []
'print', 222, 'comesFrom', [], []
'function2', 224, 'comesFrom', ['function2'], [96]
'var1', 226, 'comesFrom', ['var1'], [202]
'var5', 228, 'comesFrom', ['var5'], [204]
'print', 235, 'comesFrom', ['print'], [222]
'function1', 237, 'comesFrom', ['function1'], [1]
'var1', 239, 'comesFrom', ['var1'], [202]
'var5', 241, 'comesFrom', ['var5'], [204]","{'inputs': ['96 364\n', '3 100\n', '3 27\n', '100 301\n', '3 26\n'], 'outputs': ['100000000000000000000000000000000000000000000000000000039999999999999999999999999999999999999999 999999999999999999999999999999999999999940000000000000000000000000000000000000000000000000000000\n', '-1 -1\n', '999 999\n', '1000000000000000000000000000000000000000000000000000000000000000003999999999999999999999999999999999 9999999999999999999999999999999994000000000000000000000000000000000000000000000000000000000000000000\n', '899 998\n']}",130940,"from typing import *
import math


def function1(var1: int, var2: int) ->Tuple[int, int]:
    if var2 > var1 * 9:
        return -1, -1
    if var1 > 1 and var2 == 0:
        return -1, -1
    if var1 == 1:
        return var2, var2
    var3, var4 = var2, var2
    var5, var6 = 0, 0
    for var7 in range(var1):
        if var3 >= 10:
            var6 = var6 * 10 + 9
            var3 -= 9
        else:
            var6 = var6 * 10 + var3
            var3 = 0
        if math.ceil(var4 / 9) < var1 - var7:
            if var7 == 0:
                var5 = 1
                var4 -= 1
            else:
                var5 *= 10
        else:
            var8 = var4 % 9
            if var8 == 0 and var4 != 0:
                var8 = 9
            var5 = var5 * 10 + var8
            var4 -= var8
    return var5, var6


var1, var2 = [int(var9) for var9 in input().split(' ')]
var5, var6 = function1(var1, var2)
print('{} {}'.format(var5, var6))","'math', 5, 'comesFrom', [], []
'function1', 7, 'comesFrom', [], []
'var1', 9, 'comesFrom', [], []
'int', 11, 'comesFrom', [], []
'var2', 13, 'comesFrom', [], []
'int', 15, 'comesFrom', ['int'], [11]
'int', 20, 'comesFrom', ['int'], [11]
'int', 22, 'comesFrom', ['int'], [11]
'var2', 26, 'comesFrom', ['var2'], [13]
'var1', 28, 'comesFrom', ['var1'], [9]
'var1', 39, 'comesFrom', ['var1'], [9]
'var2', 43, 'comesFrom', ['var2'], [13]
'var1', 54, 'comesFrom', ['var1'], [9]
'var2', 59, 'comesFrom', ['var2'], [13]
'var2', 61, 'comesFrom', ['var2'], [13]
'var3', 62, 'computedFrom', ['var2'], [66]
'var4', 64, 'computedFrom', ['var2'], [68]
'var2', 66, 'comesFrom', ['var2'], [13]
'var2', 68, 'comesFrom', ['var2'], [13]
'var5', 69, 'computedFrom', ['0'], [73]
'var6', 71, 'computedFrom', ['0'], [75]
'0', 73, 'comesFrom', [], []
'0', 75, 'comesFrom', [], []
'var7', 77, 'computedFrom', ['var1', 'range'], [79, 81]
'range', 79, 'comesFrom', ['range'], [79]
'var1', 81, 'comesFrom', ['var1'], [9]
'var3', 85, 'comesFrom', ['var3'], [62, 96, 108]
'var6', 89, 'computedFrom', ['10', 'var6', '9'], [91, 93, 95]
'var6', 91, 'comesFrom', ['var6'], [71, 89, 101]
'10', 93, 'comesFrom', [], []
'9', 95, 'comesFrom', [], []
'var3', 96, 'computedFrom', ['9'], [98]
'9', 98, 'comesFrom', [], []
'var6', 101, 'computedFrom', ['10', 'var6', 'var3'], [103, 105, 107]
'var6', 103, 'comesFrom', ['var6'], [71, 89, 101]
'10', 105, 'comesFrom', [], []
'var3', 107, 'comesFrom', ['var3'], [62, 96, 108]
'var3', 108, 'computedFrom', ['0'], [110]
'0', 110, 'comesFrom', [], []
'math', 112, 'comesFrom', ['math'], [5]
'ceil', 114, 'comesFrom', ['ceil'], [114]
'var4', 116, 'comesFrom', ['var4'], [64, 133, 167]
'var1', 121, 'comesFrom', ['var1'], [9]
'var7', 123, 'comesFrom', ['var7'], [77]
'var7', 126, 'comesFrom', ['var7'], [77]
'var5', 130, 'computedFrom', ['1'], [132]
'1', 132, 'comesFrom', [], []
'var4', 133, 'computedFrom', ['1'], [135]
'1', 135, 'comesFrom', [], []
'var5', 138, 'computedFrom', ['10'], [140]
'10', 140, 'comesFrom', [], []
'var8', 143, 'computedFrom', ['9', 'var4'], [145, 147]
'var4', 145, 'comesFrom', ['var4'], [64, 133, 167]
'9', 147, 'comesFrom', [], []
'var8', 149, 'comesFrom', ['var8'], [143]
'var4', 153, 'comesFrom', ['var4'], [64, 133, 167]
'var8', 157, 'computedFrom', ['9'], [159]
'9', 159, 'comesFrom', [], []
'var5', 160, 'computedFrom', ['var8', '10', 'var5'], [162, 164, 166]
'var5', 162, 'comesFrom', ['var5'], [69, 130, 138, 160]
'10', 164, 'comesFrom', [], []
'var8', 166, 'comesFrom', ['var8'], [143, 157]
'var4', 167, 'computedFrom', ['var8'], [169]
'var8', 169, 'comesFrom', ['var8'], [143, 157]
'var5', 171, 'comesFrom', ['var5'], [130, 138, 160]
'var6', 173, 'comesFrom', ['var6'], [89, 101]
'var1', 174, 'computedFrom', ['int', 'var9', 'var9', 'input', 'split', ""' '""], [179, 181, 184, 186, 190, 192]
'var2', 176, 'computedFrom', ['int', 'var9', 'var9', 'input', 'split', ""' '""], [179, 181, 184, 186, 190, 192]
'int', 179, 'comesFrom', ['int'], [11]
'var9', 181, 'comesFrom', ['var9'], [184]
'var9', 184, 'computedFrom', ['input', 'split', ""' '""], [186, 190, 192]
'input', 186, 'comesFrom', [], []
'split', 190, 'comesFrom', [], []
""' '"", 192, 'comesFrom', [], []
'var5', 195, 'computedFrom', ['function1'], [199]
'var6', 197, 'computedFrom', ['var1', 'var2'], [201, 203]
'function1', 199, 'comesFrom', ['function1'], [7]
'var1', 201, 'comesFrom', ['var1'], [174]
'var2', 203, 'comesFrom', ['var2'], [176]
'var5', 211, 'comesFrom', ['var5'], [195]
'var6', 213, 'comesFrom', ['var6'], [197]","{'inputs': ['96 364\n', '3 100\n', '3 27\n', '100 301\n', '3 26\n'], 'outputs': ['100000000000000000000000000000000000000000000000000000039999999999999999999999999999999999999999 999999999999999999999999999999999999999940000000000000000000000000000000000000000000000000000000\n', '-1 -1\n', '999 999\n', '1000000000000000000000000000000000000000000000000000000000000000003999999999999999999999999999999999 9999999999999999999999999999999994000000000000000000000000000000000000000000000000000000000000000000\n', '899 998\n']}","#### Reference Example 1:
### Python Program:
```python
def function1(var1, var2):
    var3 = []
    for var4 in range(2):
        var5 = []
        for var6 in range(2):
            var7 = 0
            for var8 in range(2):
                var7 += var1[var4][var8] * var2[var8][var6]
            var5.append(var7)
        var3.append(var5)
    return var3


def function2(var1, var9):
    if var9 == 1:
        return var1
    if var9 == 0:
        return 0
    if var9 % 2 == 0:
        var10 = function2(var1, var9 // 2)
        return function1(var10, var10)
    else:
        return function1(var1, function2(var1, var9 - 1))


var11 = [[0, -1], [1, 1]]
var12, var13 = map(int, input().split(' '))
var9 = int(input())
var14 = 10 ** 9 + 7
if var12 == 0 and var13 == 0:
    print(0)
elif var9 == 1:
    print(var12 % var14)
elif var9 == 2:
    print(var13 % var14)
else:
    var15 = function2(var11, var9 - 1)
    var3 = var15[0][0] * var12 + var15[1][0] * var13
    var3 = var3 % var14
    print(var3)
```

### Input/Output Unit Test Cases:
```Input/Output Unit Test Cases
## Test Case 1:
Input: '1000000000 -1000000000
6'
Output: '999999993'

## Test Case 2:
Input: '844509330 -887335829
123329059'
Output: '844509330'

## Test Case 3:
Input: '-892837483 -998273847
999283948'
Output: '892837483'

## Test Case 4:
Input: '728374857 678374857
1928374839'
Output: '950000007'

## Test Case 5:
Input: '1 2
12'
Output: '1000000006'

```

#### Reference Example 2:
### Python Program:
```python
def function1():
    var1 = 10 ** 9 + 7
    var2 = 20200
    var3 = [0] * var2
    var4 = [0] * var2
    var3[0] = 1
    for var5 in range(1, var2):
        var3[var5] = var3[var5 - 1] * var5 % var1
    var4[var2 - 1] = pow(var3[var2 - 1], var1 - 2, var1)
    for var5 in range(var2 - 1, 0, -1):
        var4[var5 - 1] = var4[var5] * var5 % var1

    def function2(var6, var7):
        if var7 == 0:
            return 1
        else:
            return var3[var6] * var4[var7] * var4[var6 - var7] % var1
    var8 = int(input())
    var9 = list(map(int, input().split()))
    var10, var11 = set(), set()
    for var5, var12 in enumerate(var9):
        if var12 == -1:
            var10.add(var5 + 1)
        else:
            var11.add(var12)
    var13 = set(range(1, var8 + 1)) - var11
    var14 = len(var10)
    var15 = len(var10 & var13)
    var16 = 0
    for var5 in range(var15 + 1):
        var17 = var3[var14 - var5] * function2(var15, var5) % var1
        if var5 & 1:
            var16 -= var17
        else:
            var16 += var17
    print(var16 % var1)


function1()
```

### Input/Output Unit Test Cases:
```Input/Output Unit Test Cases
## Test Case 1:
Input: '7
-1 -1 4 -1 7 1 6'
Output: '4'

## Test Case 2:
Input: '8
2 4 5 3 -1 8 -1 6'
Output: '1'

## Test Case 3:
Input: '6
-1 -1 -1 -1 -1 -1'
Output: '265'

## Test Case 4:
Input: '5
-1 -1 4 3 -1'
Output: '2'

## Test Case 5:
Input: '10
4 10 -1 1 6 8 9 2 -1 -1'
Output: '4'

```

#### Reference Example 3:
### Python Program:
```python
def function1(var1, var2):
    if var1 > 1 and var2 == 0:
        return -1
    if var2 > var1 * 9:
        return -1
    var3 = 10
    var4 = 0
    while var2 != 0:
        if var2 >= 9:
            var4 = var4 * var3 + 9
            var2 = var2 - 9
            var1 = var1 - 1
        else:
            var4 = var4 * var3 + var2
            var2 = 0
            var1 = var1 - 1
    for var3 in range(var1):
        var4 = var4 * 10
    return var4


def function2(var1, var2):
    if var1 > 1 and var2 == 0:
        return -1
    if var2 > var1 * 9:
        return -1
    var4 = 0
    var3 = 1
    var2 = var2 - 1
    while var2 != 0:
        if var2 <= 9:
            var4 = var2 * var3 + var4
            var2 = 0
        else:
            var4 = 9 * var3 + var4
            var2 = var2 - 9
            var3 = var3 * 10
    var2 = var2 + 1
    for var3 in range(var1 - 1):
        var2 = var2 * 10
    var4 = var2 + var4
    return var4


var1, var5 = [int(var6) for var6 in input().split()]
print(function2(var1, var5), end=' ')
print(function1(var1, var5))
```

### Input/Output Unit Test Cases:
```Input/Output Unit Test Cases
## Test Case 1:
Input: '96 364'
Output: '100000000000000000000000000000000000000000000000000000039999999999999999999999999999999999999999 999999999999999999999999999999999999999940000000000000000000000000000000000000000000000000000000'

## Test Case 2:
Input: '3 100'
Output: '-1 -1'

## Test Case 3:
Input: '3 27'
Output: '999 999'

## Test Case 4:
Input: '100 301'
Output: '1000000000000000000000000000000000000000000000000000000000000000003999999999999999999999999999999999 9999999999999999999999999999999994000000000000000000000000000000000000000000000000000000000000000000'

## Test Case 5:
Input: '3 26'
Output: '899 998'

```

#### Reference Example 4:
### Python Program:
```python
from typing import *
import math


def function1(var1: int, var2: int) ->Tuple[int, int]:
    if var2 > var1 * 9:
        return -1, -1
    if var1 > 1 and var2 == 0:
        return -1, -1
    if var1 == 1:
        return var2, var2
    var3, var4 = var2, var2
    var5, var6 = 0, 0
    for var7 in range(var1):
        if var3 >= 10:
            var6 = var6 * 10 + 9
            var3 -= 9
        else:
            var6 = var6 * 10 + var3
            var3 = 0
        if math.ceil(var4 / 9) < var1 - var7:
            if var7 == 0:
                var5 = 1
                var4 -= 1
            else:
                var5 *= 10
        else:
            var8 = var4 % 9
            if var8 == 0 and var4 != 0:
                var8 = 9
            var5 = var5 * 10 + var8
            var4 -= var8
    return var5, var6


var1, var2 = [int(var9) for var9 in input().split(' ')]
var5, var6 = function1(var1, var2)
print('{} {}'.format(var5, var6))
```

### Input/Output Unit Test Cases:
```Input/Output Unit Test Cases
## Test Case 1:
Input: '96 364'
Output: '100000000000000000000000000000000000000000000000000000039999999999999999999999999999999999999999 999999999999999999999999999999999999999940000000000000000000000000000000000000000000000000000000'

## Test Case 2:
Input: '3 100'
Output: '-1 -1'

## Test Case 3:
Input: '3 27'
Output: '999 999'

## Test Case 4:
Input: '100 301'
Output: '1000000000000000000000000000000000000000000000000000000000000000003999999999999999999999999999999999 9999999999999999999999999999999994000000000000000000000000000000000000000000000000000000000000000000'

## Test Case 5:
Input: '3 26'
Output: '899 998'

```

"
u075012704,p03039,python,s732762289,s994755294,918,624,21244,27024,Accepted,Accepted,32.03,"H, W, K = list(map(int, input().split()))

MOD = 10 ** 9 + 7



Hd = sum([d * (H - d) * (W ** 2) for d in range(H)])

Wd = sum([d * (W - d) * (H ** 2) for d in range(W)])





# ëA\ & ÄæÔªÓËã

factorial = [1]

inverse = [1]

for i in range(1, H * W + 2):

    factorial.append(factorial[-1] * i % MOD)

    inverse.append(pow(factorial[-1], MOD - 2, MOD))





ans = (Hd + Wd) * factorial[H * W - 2] * inverse[K - 2] * inverse[H * W - K] % MOD

print(ans)
","H, W, K = list(map(int, input().split()))

MOD = 10 ** 9 + 7



factorial = [1, 1]  # Ôª¥Æ©`¥Ö¥ë

inverse = [1, 1]  # ÄæÔª¥Æ©`¥Ö¥ë

inverse_from = [0, 1]  # ÄæÔª¥Æ©`¥Ö¥ëÓËãÓÃ¥Æ©`¥Ö¥ë



for i in range(2, H * W + 1):

    factorial.append((factorial[-1] * i) % MOD)

    inverse_from.append((-inverse_from[MOD % i] * (MOD // i)) % MOD)

    inverse.append((inverse[-1] * inverse_from[-1]) % MOD)





def nCr(n, r):

    if n < r or r < 0:

        return 0

    elif r == 0:

        return 1

    return factorial[n] * inverse[r] * inverse[n - r] % MOD





ans = 0

# H¤Ë¤Ä¤¤¤Æ

for d in range(1, H):

    ans += d * (H - d) * pow(W, 2, MOD) * nCr(H * W - 2, K - 2) % MOD

    ans %= MOD

# W¤Ë¤Ä¤¤¤Æ

for d in range(1, W):

    ans += d * (W - d) * pow(H, 2, MOD) * nCr(H * W - 2, K - 2) % MOD

    ans %= MOD



print((ans % MOD))
",17,32,446,796,"H, W, K = list(map(int, input().split()))
MOD = 10**9 + 7
Hd = sum([d * (H - d) * (W**2) for d in range(H)])
Wd = sum([d * (W - d) * (H**2) for d in range(W)])
# ëA\ & ÄæÔªÓËã
factorial = [1]
inverse = [1]
for i in range(1, H * W + 2):
    factorial.append(factorial[-1] * i % MOD)
    inverse.append(pow(factorial[-1], MOD - 2, MOD))
ans = (Hd + Wd) * factorial[H * W - 2] * inverse[K - 2] * inverse[H * W - K] % MOD
print(ans)
","H, W, K = list(map(int, input().split()))
MOD = 10**9 + 7
factorial = [1, 1]  # Ôª¥Æ©`¥Ö¥ë
inverse = [1, 1]  # ÄæÔª¥Æ©`¥Ö¥ë
inverse_from = [0, 1]  # ÄæÔª¥Æ©`¥Ö¥ëÓËãÓÃ¥Æ©`¥Ö¥ë
for i in range(2, H * W + 1):
    factorial.append((factorial[-1] * i) % MOD)
    inverse_from.append((-inverse_from[MOD % i] * (MOD // i)) % MOD)
    inverse.append((inverse[-1] * inverse_from[-1]) % MOD)


def nCr(n, r):
    if n < r or r < 0:
        return 0
    elif r == 0:
        return 1
    return factorial[n] * inverse[r] * inverse[n - r] % MOD


ans = 0
# H¤Ë¤Ä¤¤¤Æ
for d in range(1, H):
    ans += d * (H - d) * pow(W, 2, MOD) * nCr(H * W - 2, K - 2) % MOD
    ans %= MOD
# W¤Ë¤Ä¤¤¤Æ
for d in range(1, W):
    ans += d * (W - d) * pow(H, 2, MOD) * nCr(H * W - 2, K - 2) % MOD
    ans %= MOD
print((ans % MOD))
",False,46.875,"['-Hd = sum([d * (H - d) * (W**2) for d in range(H)])', '-Wd = sum([d * (W - d) * (H**2) for d in range(W)])', '-# ëA\ & ÄæÔªÓËã', '-factorial = [1]', '-inverse = [1]', '-for i in range(1, H * W + 2):', '-    factorial.append(factorial[-1] * i % MOD)', '-    inverse.append(pow(factorial[-1], MOD - 2, MOD))', '-ans = (Hd + Wd) * factorial[H * W - 2] * inverse[K - 2] * inverse[H * W - K] % MOD', '-print(ans)', '+factorial = [1, 1]  # Ôª¥Æ©`¥Ö¥ë', '+inverse = [1, 1]  # ÄæÔª¥Æ©`¥Ö¥ë', '+inverse_from = [0, 1]  # ÄæÔª¥Æ©`¥Ö¥ëÓËãÓÃ¥Æ©`¥Ö¥ë', '+for i in range(2, H * W + 1):', '+    factorial.append((factorial[-1] * i) % MOD)', '+    inverse_from.append((-inverse_from[MOD % i] * (MOD // i)) % MOD)', '+    inverse.append((inverse[-1] * inverse_from[-1]) % MOD)', '+', '+', '+def nCr(n, r):', '+    if n < r or r < 0:', '+        return 0', '+    elif r == 0:', '+        return 1', '+    return factorial[n] * inverse[r] * inverse[n - r] % MOD', '+', '+', '+ans = 0', '+# H¤Ë¤Ä¤¤¤Æ', '+for d in range(1, H):', '+    ans += d * (H - d) * pow(W, 2, MOD) * nCr(H * W - 2, K - 2) % MOD', '+    ans %= MOD', '+# W¤Ë¤Ä¤¤¤Æ', '+for d in range(1, W):', '+    ans += d * (W - d) * pow(H, 2, MOD) * nCr(H * W - 2, K - 2) % MOD', '+    ans %= MOD', '+print((ans % MOD))']",False,0.38748477,0.256481867,1.510768675,"['s732762289', 's994755294']","{'inputs': ['100 100 5000\n', '2 2 2\n', '4 5 4\n'], 'outputs': ['817260251\n', '8\n', '87210\n']}","{'inputs': ['100 111 619\n', '100 100 4270\n', '101 111 3\n', '110 001 6\n', '110 111 1420\n', '100 011 21\n', '110 100 619\n', '111 101 583\n', '101 111 147\n', '110 111 6\n', '100 011 38\n', '4 5 7\n', '100 100 6005\n', '110 110 767\n', '110 001 21\n', '101 100 80\n', '2 4 3\n', '100 111 3\n', '110 111 32\n', '110 111 767\n', '001 111 3\n', '111 110 4\n', '100 001 3\n', '110 011 3\n', '111 111 9335\n', '111 101 5179\n', '100 101 1145\n', '100 101 3\n', '100 011 3\n', '111 011 767\n', '111 111 863\n', '4 7 7\n', '101 101 5000\n', '100 110 5087\n', '110 011 6\n', '010 101 863\n', '110 100 1184\n', '011 101 838\n', '101 111 374\n', '101 011 38\n', '110 100 4270\n', '111 111 147\n', '110 101 6\n', '111 111 5000\n', '100 110 5000\n', '100 100 3394\n', '101 110 43\n', '110 101 3\n', '101 110 38\n', '2 3 2\n', '100 111 681\n', '111 111 3\n', '111 111 32\n', '110 101 434\n', '1 4 4\n', '101 111 160\n', '4 6 7\n', '110 110 863\n', '2 3 3\n', '111 101 941\n', '4 2 2\n', '101 110 80\n', '4 4 7\n', '1 4 3\n', '111 111 2816\n', '100 111 1100\n', '110 101 863\n', '100 101 619\n', '7 2 2\n', '101 111 5000\n', '101 111 38\n', '101 111 398\n', '101 011 21\n', '101 011 160\n', '011 101 716\n', '100 111 374\n', '2 2 3\n', '011 011 3\n', '110 101 4\n', '110 101 1145\n', '110 101 1184\n', '110 011 767\n', '2 5 3\n', '110 111 1145\n', '110 101 767\n', '111 101 863\n', '100 100 619\n', '110 101 941\n', '111 101 2816\n', '101 011 3\n', '110 111 863\n', '110 011 21\n', '110 101 1134\n', '111 101 3247\n', '001 011 3\n', '110 101 619\n', '011 101 583\n', '001 011 6\n', '100 111 5000\n', '110 111 3\n'], 'outputs': ['555736529\n', '600569999\n', '873744169\n', '727649109\n', '925715985\n', '914193564\n', '270472260\n', '372873011\n', '341399587\n', '690104969\n', '274614925\n', '4883760\n', '21950517\n', '30291753\n', '798734268\n', '881473200\n', '336\n', '25289126\n', '100550006\n', '235468303\n', '24843280\n', '64478832\n', '16331700\n', '637950675\n', '363025979\n', '544150982\n', '468044250\n', '831930172\n', '556385532\n', '162660674\n', '309129472\n', '91171080\n', '736358493\n', '627978027\n', '870805687\n', '947434546\n', '263008933\n', '74971499\n', '363574382\n', '903806858\n', '868041247\n', '109328265\n', '603731472\n', '227482841\n', '369906225\n', '960368142\n', '171805768\n', '105547536\n', '84765405\n', '25\n', '564141216\n', '488275844\n', '332923432\n', '927357151\n', '10\n', '622432816\n', '24227280\n', '359565223\n', '100\n', '51680002\n', '56\n', '318812530\n', '640640\n', '20\n', '722677802\n', '672953143\n', '469769297\n', '540551573\n', '273\n', '638035948\n', '745365380\n', '554997406\n', '424956263\n', '159202011\n', '888332688\n', '609299253\n', '16\n', '6335560\n', '158237074\n', '34756206\n', '502440414\n', '372655943\n', '840\n', '276346853\n', '629598785\n', '1105045\n', '22903271\n', '427767890\n', '190886879\n', '529091105\n', '379137114\n', '815322878\n', '187252324\n', '862320456\n', '1980\n', '276779273\n', '433091191\n', '27720\n', '836863849\n', '864350703\n']}",1,7726.64,1,1317.87,1.0,17250.47,1.0,3008.89,"H, W, K = list(map(int, input().split()))
MOD = 10 ** 9 + 7
Hd = sum([(d * (H - d) * W ** 2) for d in range(H)])
Wd = sum([(d * (W - d) * H ** 2) for d in range(W)])
factorial = [1]
inverse = [1]
for i in range(1, H * W + 2):
    factorial.append(factorial[-1] * i % MOD)
    inverse.append(pow(factorial[-1], MOD - 2, MOD))
ans = (Hd + Wd) * factorial[H * W - 2] * inverse[K - 2] * inverse[H * W - K] % MOD
print(ans)","var1, var2, var3 = list(map(int, input().split()))
var4 = 10 ** 9 + 7
var5 = sum([(var6 * (var1 - var6) * var2 ** 2) for var6 in range(var1)])
var7 = sum([(var6 * (var2 - var6) * var1 ** 2) for var6 in range(var2)])
var8 = [1]
var9 = [1]
for var10 in range(1, var1 * var2 + 2):
    var8.append(var8[-1] * var10 % var4)
    var9.append(pow(var8[-1], var4 - 2, var4))
var11 = (var5 + var7) * var8[var1 * var2 - 2] * var9[var3 - 2] * var9[var1 *var2 - var3] % var4
print(var11)","H, W, K = list(map(int, input().split()))
MOD = 10 ** 9 + 7
factorial = [1, 1]
inverse = [1, 1]
inverse_from = [0, 1]
for i in range(2, H * W + 1):
    factorial.append(factorial[-1] * i % MOD)
    inverse_from.append(-inverse_from[MOD % i] * (MOD // i) % MOD)
    inverse.append(inverse[-1] * inverse_from[-1] % MOD)
def nCr(n, r):
    if n < r or r < 0:
        return 0
    elif r == 0:
        return 1
    return factorial[n] * inverse[r] * inverse[n - r] % MOD
ans = 0
for d in range(1, H):
    ans += d * (H - d) * pow(W, 2, MOD) * nCr(H * W - 2, K - 2) % MOD
    ans %= MOD
for d in range(1, W):
    ans += d * (W - d) * pow(H, 2, MOD) * nCr(H * W - 2, K - 2) % MOD
    ans %= MOD
print(ans % MOD)","'H', 0, 'computedFrom', ['list', 'map', 'int', 'input', 'split'], [6, 8, 10, 12, 16]
'W', 2, 'computedFrom', ['list', 'map', 'int', 'input', 'split'], [6, 8, 10, 12, 16]
'K', 4, 'computedFrom', ['list', 'map', 'int', 'input', 'split'], [6, 8, 10, 12, 16]
'list', 6, 'comesFrom', [], []
'map', 8, 'comesFrom', [], []
'int', 10, 'comesFrom', [], []
'input', 12, 'comesFrom', [], []
'split', 16, 'comesFrom', [], []
'MOD', 21, 'computedFrom', ['10', '9', '7'], [23, 25, 27]
'10', 23, 'comesFrom', [], []
'9', 25, 'comesFrom', [], []
'7', 27, 'comesFrom', [], []
'Hd', 28, 'computedFrom', ['sum', 'd', 'H', 'd', 'W', '2', 'd', 'range', 'H'], [30, 34, 37, 39, 42, 44, 47, 49, 51]
'sum', 30, 'comesFrom', [], []
'd', 34, 'comesFrom', ['d'], [47]
'H', 37, 'comesFrom', ['H'], [0]
'd', 39, 'comesFrom', ['d'], [47]
'W', 42, 'comesFrom', ['W'], [2]
'2', 44, 'comesFrom', [], []
'd', 47, 'computedFrom', ['range', 'H'], [49, 51]
'range', 49, 'comesFrom', [], []
'H', 51, 'comesFrom', ['H'], [0]
'Wd', 55, 'computedFrom', ['sum', 'd', 'W', 'd', 'H', '2', 'd', 'range', 'W'], [57, 61, 64, 66, 69, 71, 74, 76, 78]
'sum', 57, 'comesFrom', ['sum'], [30]
'd', 61, 'comesFrom', ['d'], [74]
'W', 64, 'comesFrom', ['W'], [2]
'd', 66, 'comesFrom', ['d'], [74]
'H', 69, 'comesFrom', ['H'], [0]
'2', 71, 'comesFrom', [], []
'd', 74, 'computedFrom', ['range', 'W'], [76, 78]
'range', 76, 'comesFrom', ['range'], [49]
'W', 78, 'comesFrom', ['W'], [2]
'factorial', 82, 'computedFrom', ['1'], [85]
'1', 85, 'comesFrom', [], []
'inverse', 87, 'computedFrom', ['1'], [90]
'1', 90, 'comesFrom', [], []
'i', 93, 'computedFrom', ['H', '1', 'W', 'range', '2'], [95, 97, 99, 101, 103]
'range', 95, 'comesFrom', ['range'], [49]
'1', 97, 'comesFrom', [], []
'H', 99, 'comesFrom', ['H'], [0]
'W', 101, 'comesFrom', ['W'], [2]
'2', 103, 'comesFrom', [], []
'factorial', 106, 'comesFrom', ['factorial'], [82]
'append', 108, 'comesFrom', ['append'], [108]
'factorial', 110, 'comesFrom', ['factorial'], [82]
'i', 116, 'comesFrom', ['i'], [93]
'MOD', 118, 'comesFrom', ['MOD'], [21]
'inverse', 120, 'comesFrom', ['inverse'], [87]
'append', 122, 'comesFrom', ['append'], [108]
'pow', 124, 'comesFrom', ['pow'], [124]
'factorial', 126, 'comesFrom', ['factorial'], [82]
'MOD', 132, 'comesFrom', ['MOD'], [21]
'MOD', 136, 'comesFrom', ['MOD'], [21]
'ans', 139, 'computedFrom', ['Hd', 'Wd', 'factorial', 'H', 'W', '2', 'inverse', 'K', '2', 'inverse', 'H', 'W', 'K', 'MOD'], [142, 144, 147, 149, 151, 153, 156, 158, 160, 163, 165, 167, 169, 172]
'Hd', 142, 'comesFrom', ['Hd'], [28]
'Wd', 144, 'comesFrom', ['Wd'], [55]
'factorial', 147, 'comesFrom', ['factorial'], [82]
'H', 149, 'comesFrom', ['H'], [0]
'W', 151, 'comesFrom', ['W'], [2]
'2', 153, 'comesFrom', [], []
'inverse', 156, 'comesFrom', ['inverse'], [87]
'K', 158, 'comesFrom', ['K'], [4]
'2', 160, 'comesFrom', [], []
'inverse', 163, 'comesFrom', ['inverse'], [87]
'H', 165, 'comesFrom', ['H'], [0]
'W', 167, 'comesFrom', ['W'], [2]
'K', 169, 'comesFrom', ['K'], [4]
'MOD', 172, 'comesFrom', ['MOD'], [21]
'ans', 175, 'comesFrom', ['ans'], [139]","'var1', 0, 'computedFrom', ['list', 'map', 'int', 'input', 'split'], [6, 8, 10, 12, 16]
'var2', 2, 'computedFrom', ['list', 'map', 'int', 'input', 'split'], [6, 8, 10, 12, 16]
'var3', 4, 'computedFrom', ['list', 'map', 'int', 'input', 'split'], [6, 8, 10, 12, 16]
'list', 6, 'comesFrom', [], []
'map', 8, 'comesFrom', [], []
'int', 10, 'comesFrom', [], []
'input', 12, 'comesFrom', [], []
'split', 16, 'comesFrom', [], []
'var4', 21, 'computedFrom', ['10', '9', '7'], [23, 25, 27]
'10', 23, 'comesFrom', [], []
'9', 25, 'comesFrom', [], []
'7', 27, 'comesFrom', [], []
'var5', 28, 'computedFrom', ['sum', 'var6', 'var1', 'var6', 'var2', '2', 'var6', 'range', 'var1'], [30, 34, 37, 39, 42, 44, 47, 49, 51]
'sum', 30, 'comesFrom', [], []
'var6', 34, 'comesFrom', ['var6'], [47]
'var1', 37, 'comesFrom', ['var1'], [0]
'var6', 39, 'comesFrom', ['var6'], [47]
'var2', 42, 'comesFrom', ['var2'], [2]
'2', 44, 'comesFrom', [], []
'var6', 47, 'computedFrom', ['range', 'var1'], [49, 51]
'range', 49, 'comesFrom', [], []
'var1', 51, 'comesFrom', ['var1'], [0]
'var7', 55, 'computedFrom', ['sum', 'var6', 'var2', 'var6', 'var1', '2', 'var6', 'range', 'var2'], [57, 61, 64, 66, 69, 71, 74, 76, 78]
'sum', 57, 'comesFrom', ['sum'], [30]
'var6', 61, 'comesFrom', ['var6'], [74]
'var2', 64, 'comesFrom', ['var2'], [2]
'var6', 66, 'comesFrom', ['var6'], [74]
'var1', 69, 'comesFrom', ['var1'], [0]
'2', 71, 'comesFrom', [], []
'var6', 74, 'computedFrom', ['range', 'var2'], [76, 78]
'range', 76, 'comesFrom', ['range'], [49]
'var2', 78, 'comesFrom', ['var2'], [2]
'var8', 82, 'computedFrom', ['1'], [85]
'1', 85, 'comesFrom', [], []
'var9', 87, 'computedFrom', ['1'], [90]
'1', 90, 'comesFrom', [], []
'var10', 93, 'computedFrom', ['var1', '1', 'range', '2', 'var2'], [95, 97, 99, 101, 103]
'range', 95, 'comesFrom', ['range'], [49]
'1', 97, 'comesFrom', [], []
'var1', 99, 'comesFrom', ['var1'], [0]
'var2', 101, 'comesFrom', ['var2'], [2]
'2', 103, 'comesFrom', [], []
'var8', 106, 'comesFrom', ['var8'], [82]
'append', 108, 'comesFrom', ['append'], [108]
'var8', 110, 'comesFrom', ['var8'], [82]
'var10', 116, 'comesFrom', ['var10'], [93]
'var4', 118, 'comesFrom', ['var4'], [21]
'var9', 120, 'comesFrom', ['var9'], [87]
'append', 122, 'comesFrom', ['append'], [108]
'pow', 124, 'comesFrom', ['pow'], [124]
'var8', 126, 'comesFrom', ['var8'], [82]
'var4', 132, 'comesFrom', ['var4'], [21]
'var4', 136, 'comesFrom', ['var4'], [21]
'var11', 139, 'computedFrom', ['var5', 'var7', 'var8', 'var1', 'var2', '2', 'var9', 'var3', '2', 'var9', 'var1', 'var2', 'var3', 'var4'], [142, 144, 147, 149, 151, 153, 156, 158, 160, 163, 165, 167, 169, 172]
'var5', 142, 'comesFrom', ['var5'], [28]
'var7', 144, 'comesFrom', ['var7'], [55]
'var8', 147, 'comesFrom', ['var8'], [82]
'var1', 149, 'comesFrom', ['var1'], [0]
'var2', 151, 'comesFrom', ['var2'], [2]
'2', 153, 'comesFrom', [], []
'var9', 156, 'comesFrom', ['var9'], [87]
'var3', 158, 'comesFrom', ['var3'], [4]
'2', 160, 'comesFrom', [], []
'var9', 163, 'comesFrom', ['var9'], [87]
'var1', 165, 'comesFrom', ['var1'], [0]
'var2', 167, 'comesFrom', ['var2'], [2]
'var3', 169, 'comesFrom', ['var3'], [4]
'var4', 172, 'comesFrom', ['var4'], [21]
'var11', 175, 'comesFrom', ['var11'], [139]",157301,"var1 = 10 ** 9 + 7


def function1(var2):
    var3 = 1
    for var4 in range(var2):
        yield var3
        var3 = var3 * (var4 + 1) % var1


var5 = list(function1(1001))


def function2(var2, var6):
    return var5[var2] * pow(var5[var6], var1 - 2, var1) * pow(var5[var2 -var6], var1 - 2, var1) % var1


def function3():
    var2, var7 = [int(var3) for var3 in input().strip().split()]
    var8 = [-1] + [(int(var3) - 1) for var3 in input().strip().split()] + [var2]
    var8.sort()
    var9 = 1
    var10 = var2 - var7
    for var4 in range(1, len(var8)):
        var11 = var8[var4] - var8[var4 - 1] - 1
        var9 = var9 * function2(var10, var11) % var1
        if var11 > 0 and var4 > 1 and var4 < len(var8) - 1:
            var9 = var9 * pow(2, var11 - 1, var1) % var1
        var10 -= var11
    print(var9)


function3()","'var1', 0, 'computedFrom', ['10', '9', '7'], [2, 4, 6]
'10', 2, 'comesFrom', [], []
'9', 4, 'comesFrom', [], []
'7', 6, 'comesFrom', [], []
'function1', 8, 'comesFrom', [], []
'var2', 10, 'comesFrom', [], []
'var3', 13, 'computedFrom', ['1'], [15]
'1', 15, 'comesFrom', [], []
'var4', 17, 'computedFrom', ['var2', 'range'], [19, 21]
'range', 19, 'comesFrom', ['range'], [19]
'var2', 21, 'comesFrom', ['var2'], [10]
'var3', 25, 'comesFrom', ['var3'], [13, 26]
'var3', 26, 'computedFrom', ['1', 'var1', 'var4', 'var3'], [28, 31, 33, 36]
'var3', 28, 'comesFrom', ['var3'], [13, 26]
'var4', 31, 'comesFrom', ['var4'], [17]
'1', 33, 'comesFrom', [], []
'var1', 36, 'comesFrom', ['var1'], [0]
'var5', 37, 'computedFrom', ['list', 'function1', '1001'], [39, 41, 43]
'list', 39, 'comesFrom', [], []
'function1', 41, 'comesFrom', ['function1'], [8]
'1001', 43, 'comesFrom', [], []
'function2', 47, 'comesFrom', [], []
'var2', 49, 'comesFrom', ['var2'], [10]
'var6', 51, 'comesFrom', [], []
'var5', 55, 'comesFrom', ['var5'], [37]
'var2', 57, 'comesFrom', ['var2'], [10]
'pow', 60, 'comesFrom', [], []
'var5', 62, 'comesFrom', ['var5'], [37]
'var6', 64, 'comesFrom', ['var6'], [51]
'var1', 67, 'comesFrom', ['var1'], [0]
'var1', 71, 'comesFrom', ['var1'], [0]
'pow', 74, 'comesFrom', ['pow'], [60]
'var5', 76, 'comesFrom', ['var5'], [37]
'var2', 78, 'comesFrom', ['var2'], [10]
'var6', 80, 'comesFrom', ['var6'], [51]
'var1', 83, 'comesFrom', ['var1'], [0]
'var1', 87, 'comesFrom', ['var1'], [0]
'var1', 90, 'comesFrom', ['var1'], [0]
'function3', 92, 'comesFrom', [], []
'var2', 96, 'computedFrom', ['int', 'var3', 'var3', 'input', 'strip', 'split'], [101, 103, 106, 108, 112, 116]
'var7', 98, 'computedFrom', ['int', 'var3', 'var3', 'input', 'strip', 'split'], [101, 103, 106, 108, 112, 116]
'int', 101, 'comesFrom', [], []
'var3', 103, 'comesFrom', ['var3'], [106]
'var3', 106, 'computedFrom', ['input', 'strip', 'split'], [108, 112, 116]
'input', 108, 'comesFrom', [], []
'strip', 112, 'comesFrom', [], []
'split', 116, 'comesFrom', [], []
'var8', 120, 'computedFrom', ['1', 'int', 'var3', '1', 'var3', 'input', 'strip', 'split', 'var2'], [124, 129, 131, 134, 137, 139, 143, 147, 153]
'1', 124, 'comesFrom', [], []
'int', 129, 'comesFrom', ['int'], [101]
'var3', 131, 'comesFrom', ['var3'], [137]
'1', 134, 'comesFrom', [], []
'var3', 137, 'computedFrom', ['input', 'strip', 'split'], [139, 143, 147]
'input', 139, 'comesFrom', ['input'], [108]
'strip', 143, 'comesFrom', ['strip'], [112]
'split', 147, 'comesFrom', ['split'], [116]
'var2', 153, 'comesFrom', ['var2'], [96]
'var8', 155, 'comesFrom', ['var8'], [120]
'var9', 160, 'computedFrom', ['1'], [162]
'1', 162, 'comesFrom', [], []
'var10', 163, 'computedFrom', ['var2', 'var7'], [165, 167]
'var2', 165, 'comesFrom', ['var2'], [96]
'var7', 167, 'comesFrom', ['var7'], [98]
'var4', 169, 'computedFrom', ['len', '1', 'range', 'var8'], [171, 173, 175, 177]
'range', 171, 'comesFrom', ['range'], [19]
'1', 173, 'comesFrom', [], []
'len', 175, 'comesFrom', ['len'], [175]
'var8', 177, 'comesFrom', ['var8'], [120]
'var11', 181, 'computedFrom', ['var8', '1', 'var4'], [183, 185, 188, 190, 192, 195]
'var8', 183, 'comesFrom', ['var8'], [120]
'var4', 185, 'comesFrom', ['var4'], [169]
'var8', 188, 'comesFrom', ['var8'], [120]
'var4', 190, 'comesFrom', ['var4'], [169]
'1', 192, 'comesFrom', [], []
'1', 195, 'comesFrom', [], []
'var9', 196, 'computedFrom', ['var9', 'var1', 'var11', 'var10', 'function2'], [198, 200, 202, 204, 207]
'var9', 198, 'comesFrom', ['var9'], [160, 196, 226]
'function2', 200, 'comesFrom', ['function2'], [47]
'var10', 202, 'comesFrom', ['var10'], [163, 242]
'var11', 204, 'comesFrom', ['var11'], [181]
'var1', 207, 'comesFrom', ['var1'], [0]
'var11', 209, 'comesFrom', ['var11'], [181]
'var4', 213, 'comesFrom', ['var4'], [169]
'var4', 217, 'comesFrom', ['var4'], [169]
'len', 219, 'comesFrom', ['len'], [175]
'var8', 221, 'comesFrom', ['var8'], [120]
'var9', 226, 'computedFrom', ['var9', 'pow', 'var1', 'var11', '1', '2'], [228, 230, 232, 234, 236, 238, 241]
'var9', 228, 'comesFrom', ['var9'], [196]
'pow', 230, 'comesFrom', ['pow'], [60]
'2', 232, 'comesFrom', [], []
'var11', 234, 'comesFrom', ['var11'], [181]
'1', 236, 'comesFrom', [], []
'var1', 238, 'comesFrom', ['var1'], [0]
'var1', 241, 'comesFrom', ['var1'], [0]
'var10', 242, 'computedFrom', ['var11'], [244]
'var11', 244, 'comesFrom', ['var11'], [181]
'var9', 247, 'comesFrom', ['var9'], [196, 226]
'function3', 249, 'comesFrom', ['function3'], [92]","{'inputs': ['100 2\n11 64\n', '4 4\n1 2 3 4\n', '1000 2\n747 798\n', '68 37\n1 2 3 6 7 8 10 11 12 14 16 18 22 23 24 26 30 31 32 35 37 39 41 42 45 47 50 51 52 54 58 59 61 62 63 64 68\n', '1 1\n1\n'], 'outputs': ['910895596\n', '1\n', '474746180\n', '867201120\n', '1\n']}",157303,"var1 = 10 ** 9 + 7


def function1(var2):
    var3 = 1
    for var4 in range(var2):
        yield var3
        var3 = var3 * (var4 + 1) % var1


var5 = list(function1(1001))


def function2(var2, var6):
    return var5[var2] * pow(var5[var6], var1 - 2, var1) * pow(var5[var2 -var6], var1 - 2, var1) % var1


var2, var7 = [int(var3) for var3 in input().split()]
var8 = [-1] + [(int(var3) - 1) for var3 in input().split()] + [var2]
var8.sort()
var9 = 1
var10 = var2 - var7
for var4 in range(1, len(var8)):
    var11 = var8[var4] - var8[var4 - 1] - 1
    var9 = var9 * function2(var10, var11) % var1
    if var11 > 0 and var4 > 1 and var4 < len(var8) - 1:
        var9 = var9 * pow(2, var11 - 1, var1) % var1
    var10 -= var11
print(var9)","'var1', 0, 'computedFrom', ['10', '9', '7'], [2, 4, 6]
'10', 2, 'comesFrom', [], []
'9', 4, 'comesFrom', [], []
'7', 6, 'comesFrom', [], []
'function1', 8, 'comesFrom', [], []
'var2', 10, 'comesFrom', [], []
'var3', 13, 'computedFrom', ['1'], [15]
'1', 15, 'comesFrom', [], []
'var4', 17, 'computedFrom', ['var2', 'range'], [19, 21]
'range', 19, 'comesFrom', ['range'], [19]
'var2', 21, 'comesFrom', ['var2'], [10]
'var3', 25, 'comesFrom', ['var3'], [13, 26]
'var3', 26, 'computedFrom', ['1', 'var1', 'var4', 'var3'], [28, 31, 33, 36]
'var3', 28, 'comesFrom', ['var3'], [13, 26]
'var4', 31, 'comesFrom', ['var4'], [17]
'1', 33, 'comesFrom', [], []
'var1', 36, 'comesFrom', ['var1'], [0]
'var5', 37, 'computedFrom', ['list', 'function1', '1001'], [39, 41, 43]
'list', 39, 'comesFrom', [], []
'function1', 41, 'comesFrom', ['function1'], [8]
'1001', 43, 'comesFrom', [], []
'function2', 47, 'comesFrom', [], []
'var2', 49, 'comesFrom', ['var2'], [10]
'var6', 51, 'comesFrom', [], []
'var5', 55, 'comesFrom', ['var5'], [37]
'var2', 57, 'comesFrom', ['var2'], [10]
'pow', 60, 'comesFrom', [], []
'var5', 62, 'comesFrom', ['var5'], [37]
'var6', 64, 'comesFrom', ['var6'], [51]
'var1', 67, 'comesFrom', ['var1'], [0]
'var1', 71, 'comesFrom', ['var1'], [0]
'pow', 74, 'comesFrom', ['pow'], [60]
'var5', 76, 'comesFrom', ['var5'], [37]
'var2', 78, 'comesFrom', ['var2'], [10]
'var6', 80, 'comesFrom', ['var6'], [51]
'var1', 83, 'comesFrom', ['var1'], [0]
'var1', 87, 'comesFrom', ['var1'], [0]
'var1', 90, 'comesFrom', ['var1'], [0]
'var2', 91, 'computedFrom', ['int', 'var3', 'var3', 'input', 'split'], [96, 98, 101, 103, 107]
'var7', 93, 'computedFrom', ['int', 'var3', 'var3', 'input', 'split'], [96, 98, 101, 103, 107]
'int', 96, 'comesFrom', [], []
'var3', 98, 'comesFrom', ['var3'], [101]
'var3', 101, 'computedFrom', ['input', 'split'], [103, 107]
'input', 103, 'comesFrom', [], []
'split', 107, 'comesFrom', [], []
'var8', 111, 'computedFrom', ['1', 'int', 'var3', '1', 'var3', 'input', 'split', 'var2'], [115, 120, 122, 125, 128, 130, 134, 140]
'1', 115, 'comesFrom', [], []
'int', 120, 'comesFrom', ['int'], [96]
'var3', 122, 'comesFrom', ['var3'], [128]
'1', 125, 'comesFrom', [], []
'var3', 128, 'computedFrom', ['input', 'split'], [130, 134]
'input', 130, 'comesFrom', ['input'], [103]
'split', 134, 'comesFrom', ['split'], [107]
'var2', 140, 'comesFrom', ['var2'], [91]
'var8', 142, 'comesFrom', ['var8'], [111]
'var9', 147, 'computedFrom', ['1'], [149]
'1', 149, 'comesFrom', [], []
'var10', 150, 'computedFrom', ['var2', 'var7'], [152, 154]
'var2', 152, 'comesFrom', ['var2'], [91]
'var7', 154, 'comesFrom', ['var7'], [93]
'var4', 156, 'computedFrom', ['len', '1', 'range', 'var8'], [158, 160, 162, 164]
'range', 158, 'comesFrom', ['range'], [19]
'1', 160, 'comesFrom', [], []
'len', 162, 'comesFrom', ['len'], [162]
'var8', 164, 'comesFrom', ['var8'], [111]
'var11', 168, 'computedFrom', ['var8', '1', 'var4'], [170, 172, 175, 177, 179, 182]
'var8', 170, 'comesFrom', ['var8'], [111]
'var4', 172, 'comesFrom', ['var4'], [156]
'var8', 175, 'comesFrom', ['var8'], [111]
'var4', 177, 'comesFrom', ['var4'], [156]
'1', 179, 'comesFrom', [], []
'1', 182, 'comesFrom', [], []
'var9', 183, 'computedFrom', ['var9', 'var1', 'var11', 'var10', 'function2'], [185, 187, 189, 191, 194]
'var9', 185, 'comesFrom', ['var9'], [147, 183, 213]
'function2', 187, 'comesFrom', ['function2'], [47]
'var10', 189, 'comesFrom', ['var10'], [150, 229]
'var11', 191, 'comesFrom', ['var11'], [168]
'var1', 194, 'comesFrom', ['var1'], [0]
'var11', 196, 'comesFrom', ['var11'], [168]
'var4', 200, 'comesFrom', ['var4'], [156]
'var4', 204, 'comesFrom', ['var4'], [156]
'len', 206, 'comesFrom', ['len'], [162]
'var8', 208, 'comesFrom', ['var8'], [111]
'var9', 213, 'computedFrom', ['var9', 'pow', 'var1', 'var11', '1', '2'], [215, 217, 219, 221, 223, 225, 228]
'var9', 215, 'comesFrom', ['var9'], [183]
'pow', 217, 'comesFrom', ['pow'], [60]
'2', 219, 'comesFrom', [], []
'var11', 221, 'comesFrom', ['var11'], [168]
'1', 223, 'comesFrom', [], []
'var1', 225, 'comesFrom', ['var1'], [0]
'var1', 228, 'comesFrom', ['var1'], [0]
'var10', 229, 'computedFrom', ['var11'], [231]
'var11', 231, 'comesFrom', ['var11'], [168]
'var9', 234, 'comesFrom', ['var9'], [183, 213]","{'inputs': ['100 2\n11 64\n', '4 4\n1 2 3 4\n', '1000 2\n747 798\n', '68 37\n1 2 3 6 7 8 10 11 12 14 16 18 22 23 24 26 30 31 32 35 37 39 41 42 45 47 50 51 52 54 58 59 61 62 63 64 68\n', '1 1\n1\n'], 'outputs': ['910895596\n', '1\n', '474746180\n', '867201120\n', '1\n']}",146639,"var1, var2 = map(int, input().split())
var3 = [int(var4) for var4 in input().split()]
var5 = []
var6 = 0
var7 = -10 ** 30
for var8 in range(var1):
    var6 += (-1) ** var8 * var3[var8]
    var5.append(var6)
var9 = set(var3)
for var8 in range(var1):
    var10 = -10 ** 30
    if var8 == 0 and var3[var8] != 1:
        var10 = var3[var8] - 1 - var6
    elif var8 >= 1 and var3[var8] - 1 not in var9:
        var10 = 2 * var5[var8 - 1] + (-1) ** var8 * (var3[var8] - 1) - var6
    var7 = max(var7, var10)
for var8 in range(var1):
    var11 = -10 ** 30
    if var8 == var1 - 1 and var3[-1] != var2 - 1:
        var11 = var6 + (-1) ** var1 * (var3[-1] + 1)
    elif var8 <= var1 - 1 and var3[var8] + 1 not in var9:
        var11 = 2 * var5[var8] + (-1) ** (var8 + 1) * (var3[var8] + 1) - var6
    var7 = max(var7, var11)
if var1 % 2 == 0:
    print(max(var6 + var2, var7))
else:
    print(max(var6, var7 + var2))","'var1', 0, 'computedFrom', ['map'], [4]
'var2', 2, 'computedFrom', ['int', 'input', 'split'], [6, 8, 12]
'map', 4, 'comesFrom', [], []
'int', 6, 'comesFrom', [], []
'input', 8, 'comesFrom', [], []
'split', 12, 'comesFrom', [], []
'var3', 16, 'computedFrom', ['int', 'var4', 'var4', 'input', 'split'], [19, 21, 24, 26, 30]
'int', 19, 'comesFrom', ['int'], [6]
'var4', 21, 'comesFrom', ['var4'], [24]
'var4', 24, 'computedFrom', ['input', 'split'], [26, 30]
'input', 26, 'comesFrom', ['input'], [8]
'split', 30, 'comesFrom', ['split'], [12]
'var5', 34, 'computedFrom', [], []
'var6', 38, 'computedFrom', ['0'], [40]
'0', 40, 'comesFrom', [], []
'var7', 41, 'computedFrom', ['10', '30'], [44, 46]
'10', 44, 'comesFrom', [], []
'30', 46, 'comesFrom', [], []
'var8', 48, 'computedFrom', ['var1', 'range'], [50, 52]
'range', 50, 'comesFrom', ['range'], [50]
'var1', 52, 'comesFrom', ['var1'], [0]
'var6', 55, 'computedFrom', ['var8', '1', 'var3'], [59, 62, 64, 66]
'1', 59, 'comesFrom', [], []
'var8', 62, 'comesFrom', ['var8'], [48]
'var3', 64, 'comesFrom', ['var3'], [16]
'var8', 66, 'comesFrom', ['var8'], [48]
'var5', 68, 'comesFrom', ['var5'], [34]
'append', 70, 'comesFrom', ['append'], [70]
'var6', 72, 'comesFrom', ['var6'], [55]
'var9', 74, 'computedFrom', ['set', 'var3'], [76, 78]
'set', 76, 'comesFrom', [], []
'var3', 78, 'comesFrom', ['var3'], [16]
'var8', 81, 'computedFrom', ['var1', 'range'], [83, 85]
'range', 83, 'comesFrom', ['range'], [50]
'var1', 85, 'comesFrom', ['var1'], [0]
'var10', 88, 'computedFrom', ['10', '30'], [91, 93]
'10', 91, 'comesFrom', [], []
'30', 93, 'comesFrom', [], []
'var8', 95, 'comesFrom', ['var8'], [81]
'var3', 99, 'comesFrom', ['var3'], [16]
'var8', 101, 'comesFrom', ['var8'], [81]
'var10', 106, 'computedFrom', ['var8', '1', 'var6', 'var3'], [108, 110, 113, 115]
'var3', 108, 'comesFrom', ['var3'], [16]
'var8', 110, 'comesFrom', ['var8'], [81]
'1', 113, 'comesFrom', [], []
'var6', 115, 'comesFrom', ['var6'], [55]
'var8', 117, 'comesFrom', ['var8'], [81]
'var3', 121, 'comesFrom', ['var3'], [16]
'var8', 123, 'comesFrom', ['var8'], [81]
'var9', 129, 'comesFrom', ['var9'], [74]
'var10', 131, 'computedFrom', ['var5', 'var6', 'var3', 'var8', '1', '2'], [133, 135, 137, 139, 144, 147, 150, 152, 155, 158]
'2', 133, 'comesFrom', [], []
'var5', 135, 'comesFrom', ['var5'], [34]
'var8', 137, 'comesFrom', ['var8'], [81]
'1', 139, 'comesFrom', [], []
'1', 144, 'comesFrom', [], []
'var8', 147, 'comesFrom', ['var8'], [81]
'var3', 150, 'comesFrom', ['var3'], [16]
'var8', 152, 'comesFrom', ['var8'], [81]
'1', 155, 'comesFrom', [], []
'var6', 158, 'comesFrom', ['var6'], [55]
'var7', 159, 'computedFrom', ['var7', 'max', 'var10'], [161, 163, 165]
'max', 161, 'comesFrom', ['max'], [161]
'var7', 163, 'comesFrom', ['var7'], [41, 159]
'var10', 165, 'comesFrom', ['var10'], [88, 106, 131]
'var8', 168, 'computedFrom', ['var1', 'range'], [170, 172]
'range', 170, 'comesFrom', ['range'], [50]
'var1', 172, 'comesFrom', ['var1'], [0]
'var11', 175, 'computedFrom', ['10', '30'], [178, 180]
'10', 178, 'comesFrom', [], []
'30', 180, 'comesFrom', [], []
'var8', 182, 'comesFrom', ['var8'], [168]
'var1', 184, 'comesFrom', ['var1'], [0]
'var3', 188, 'comesFrom', ['var3'], [16]
'var2', 194, 'comesFrom', ['var2'], [2]
'var11', 198, 'computedFrom', ['1', 'var1', 'var6', 'var3'], [200, 204, 207, 210, 213, 216]
'var6', 200, 'comesFrom', ['var6'], [55]
'1', 204, 'comesFrom', [], []
'var1', 207, 'comesFrom', ['var1'], [0]
'var3', 210, 'comesFrom', ['var3'], [16]
'1', 213, 'comesFrom', [], []
'1', 216, 'comesFrom', [], []
'var8', 219, 'comesFrom', ['var8'], [168]
'var1', 221, 'comesFrom', ['var1'], [0]
'var3', 225, 'comesFrom', ['var3'], [16]
'var8', 227, 'comesFrom', ['var8'], [168]
'var9', 233, 'comesFrom', ['var9'], [74]
'var11', 235, 'computedFrom', ['var5', 'var6', 'var3', 'var8', '1', '2'], [237, 239, 241, 246, 250, 252, 256, 258, 261, 264]
'2', 237, 'comesFrom', [], []
'var5', 239, 'comesFrom', ['var5'], [34]
'var8', 241, 'comesFrom', ['var8'], [168]
'1', 246, 'comesFrom', [], []
'var8', 250, 'comesFrom', ['var8'], [168]
'1', 252, 'comesFrom', [], []
'var3', 256, 'comesFrom', ['var3'], [16]
'var8', 258, 'comesFrom', ['var8'], [168]
'1', 261, 'comesFrom', [], []
'var6', 264, 'comesFrom', ['var6'], [55]
'var7', 265, 'computedFrom', ['var7', 'max', 'var11'], [267, 269, 271]
'max', 267, 'comesFrom', ['max'], [161]
'var7', 269, 'comesFrom', ['var7'], [159, 265]
'var11', 271, 'comesFrom', ['var11'], [175, 198, 235]
'var1', 274, 'comesFrom', ['var1'], [0]
'max', 282, 'comesFrom', ['max'], [161]
'var6', 284, 'comesFrom', ['var6'], [55]
'var2', 286, 'comesFrom', ['var2'], [2]
'var7', 288, 'comesFrom', ['var7'], [265]
'max', 295, 'comesFrom', ['max'], [161]
'var6', 297, 'comesFrom', ['var6'], [55]
'var7', 299, 'comesFrom', ['var7'], [265]
'var2', 301, 'comesFrom', ['var2'], [2]","{'inputs': ['3 12\n4 7 11\n', '3 5\n1 3 4\n', '3 90591\n90579 90580 90581\n', '4 17\n1 5 9 10\n', '1 3\n1\n'], 'outputs': ['8\n', '3\n', '90589\n', '12\n', '2\n']}",140797,"var1, var2 = tuple(map(int, input().split()))
var3, var4 = [0] * var1, [0] * var1
var5 = [0] * var1
for var6 in range(var1):
    var3[var6], var4[var6] = tuple(map(int, input().split()))
    var5[var6] = var3[var6], var4[var6]
var7 = [0] * var1
var8 = [0] * var1
var9 = sum(var4)
var5.sort()
for var6 in range(1, var1):
    var8[var6] = var8[var6 - 1] + var5[var6 - 1][1]
for var6 in range(var1 - 2, -1, -1):
    var7[var6] = var7[var6 + 1] + var5[var6 + 1][1]
var10 = []
for var6 in range(var1):
    var11 = var6 - 1
    var12 = var1 - 1
    while var12 - var11 > 1:
        var13 = (var12 + var11) // 2
        if var5[var13][0] >= var5[var6][0] + var2:
            var12 = var13
        else:
            var11 = var13
    var14 = var12
    if var5[var14][0] >= var5[var6][0] + var2:
        var14 -= 1
    var10.append(var9 - var8[var6] - var7[var14])
print(max(var10))","'var1', 0, 'computedFrom', ['tuple'], [4]
'var2', 2, 'computedFrom', ['map', 'int', 'input', 'split'], [6, 8, 10, 14]
'tuple', 4, 'comesFrom', [], []
'map', 6, 'comesFrom', [], []
'int', 8, 'comesFrom', [], []
'input', 10, 'comesFrom', [], []
'split', 14, 'comesFrom', [], []
'var3', 19, 'computedFrom', ['0', 'var1'], [24, 27]
'var4', 21, 'computedFrom', ['0', 'var1'], [30, 33]
'0', 24, 'comesFrom', [], []
'var1', 27, 'comesFrom', ['var1'], [0]
'0', 30, 'comesFrom', [], []
'var1', 33, 'comesFrom', ['var1'], [0]
'var5', 34, 'computedFrom', ['0', 'var1'], [37, 40]
'0', 37, 'comesFrom', [], []
'var1', 40, 'comesFrom', ['var1'], [0]
'var6', 42, 'computedFrom', ['var1', 'range'], [44, 46]
'range', 44, 'comesFrom', ['range'], [44]
'var1', 46, 'comesFrom', ['var1'], [0]
'var3', 49, 'computedFrom', ['tuple'], [59]
'var6', 51, 'computedFrom', ['tuple'], [59]
'var4', 54, 'computedFrom', ['split', 'int', 'input', 'map'], [61, 63, 65, 69]
'var6', 56, 'computedFrom', ['split', 'int', 'input', 'map'], [61, 63, 65, 69]
'tuple', 59, 'comesFrom', ['tuple'], [4]
'map', 61, 'comesFrom', ['map'], [6]
'int', 63, 'comesFrom', ['int'], [8]
'input', 65, 'comesFrom', ['input'], [10]
'split', 69, 'comesFrom', ['split'], [14]
'var5', 74, 'computedFrom', ['var6', 'var4', 'var3'], [79, 81, 84, 86]
'var6', 76, 'computedFrom', ['var6', 'var4', 'var3'], [79, 81, 84, 86]
'var3', 79, 'comesFrom', ['var3'], [49]
'var6', 81, 'comesFrom', ['var6'], [56]
'var4', 84, 'comesFrom', ['var4'], [54]
'var6', 86, 'comesFrom', ['var6'], [56]
'var7', 88, 'computedFrom', ['0', 'var1'], [91, 94]
'0', 91, 'comesFrom', [], []
'var1', 94, 'comesFrom', ['var1'], [0]
'var8', 95, 'computedFrom', ['0', 'var1'], [98, 101]
'0', 98, 'comesFrom', [], []
'var1', 101, 'comesFrom', ['var1'], [0]
'var9', 102, 'computedFrom', ['sum', 'var4'], [104, 106]
'sum', 104, 'comesFrom', [], []
'var4', 106, 'comesFrom', ['var4'], [54]
'var5', 108, 'comesFrom', ['var5'], [74]
'var6', 114, 'computedFrom', ['1', 'var1', 'range'], [116, 118, 120]
'range', 116, 'comesFrom', ['range'], [44]
'1', 118, 'comesFrom', [], []
'var1', 120, 'comesFrom', ['var1'], [0]
'var8', 123, 'computedFrom', ['var8', '1', 'var5', 'var6'], [128, 130, 132, 135, 137, 139, 142]
'var6', 125, 'computedFrom', ['var8', '1', 'var5', 'var6'], [128, 130, 132, 135, 137, 139, 142]
'var8', 128, 'comesFrom', ['var8'], [95, 123]
'var6', 130, 'comesFrom', ['var6'], [114]
'1', 132, 'comesFrom', [], []
'var5', 135, 'comesFrom', ['var5'], [74]
'var6', 137, 'comesFrom', ['var6'], [114]
'1', 139, 'comesFrom', [], []
'1', 142, 'comesFrom', [], []
'var6', 145, 'computedFrom', ['1', 'var1', 'range', '2'], [147, 149, 151, 154, 157]
'range', 147, 'comesFrom', ['range'], [44]
'var1', 149, 'comesFrom', ['var1'], [0]
'2', 151, 'comesFrom', [], []
'1', 154, 'comesFrom', [], []
'1', 157, 'comesFrom', [], []
'var7', 160, 'computedFrom', ['var7', '1', 'var5', 'var6'], [165, 167, 169, 172, 174, 176, 179]
'var6', 162, 'computedFrom', ['var7', '1', 'var5', 'var6'], [165, 167, 169, 172, 174, 176, 179]
'var7', 165, 'comesFrom', ['var7'], [88, 160]
'var6', 167, 'comesFrom', ['var6'], [145]
'1', 169, 'comesFrom', [], []
'var5', 172, 'comesFrom', ['var5'], [74]
'var6', 174, 'comesFrom', ['var6'], [145]
'1', 176, 'comesFrom', [], []
'1', 179, 'comesFrom', [], []
'var10', 181, 'computedFrom', [], []
'var6', 186, 'computedFrom', ['var1', 'range'], [188, 190]
'range', 188, 'comesFrom', ['range'], [44]
'var1', 190, 'comesFrom', ['var1'], [0]
'var11', 193, 'computedFrom', ['1', 'var6'], [195, 197]
'var6', 195, 'comesFrom', ['var6'], [186]
'1', 197, 'comesFrom', [], []
'var12', 198, 'computedFrom', ['var1', '1'], [200, 202]
'var1', 200, 'comesFrom', ['var1'], [0]
'1', 202, 'comesFrom', [], []
'var12', 204, 'comesFrom', ['var12'], [198, 238]
'var11', 206, 'comesFrom', ['var11'], [193, 243]
'var13', 210, 'computedFrom', ['var12', '2', 'var11'], [213, 215, 218]
'var12', 213, 'comesFrom', ['var12'], [198, 238]
'var11', 215, 'comesFrom', ['var11'], [193, 243]
'2', 218, 'comesFrom', [], []
'var5', 220, 'comesFrom', ['var5'], [74]
'var13', 222, 'comesFrom', ['var13'], [210]
'var5', 228, 'comesFrom', ['var5'], [74]
'var6', 230, 'comesFrom', ['var6'], [186]
'var2', 236, 'comesFrom', ['var2'], [2]
'var12', 238, 'computedFrom', ['var13'], [240]
'var13', 240, 'comesFrom', ['var13'], [210]
'var11', 243, 'computedFrom', ['var13'], [245]
'var13', 245, 'comesFrom', ['var13'], [210]
'var14', 246, 'computedFrom', ['var12'], [248]
'var12', 248, 'comesFrom', ['var12'], [198, 238]
'var5', 250, 'comesFrom', ['var5'], [74]
'var14', 252, 'comesFrom', ['var14'], [246]
'var5', 258, 'comesFrom', ['var5'], [74]
'var6', 260, 'comesFrom', ['var6'], [186]
'var2', 266, 'comesFrom', ['var2'], [2]
'var14', 268, 'computedFrom', ['1'], [270]
'1', 270, 'comesFrom', [], []
'var10', 271, 'comesFrom', ['var10'], [181]
'append', 273, 'comesFrom', ['append'], [273]
'var9', 275, 'comesFrom', ['var9'], [102]
'var8', 277, 'comesFrom', ['var8'], [123]
'var6', 279, 'comesFrom', ['var6'], [186]
'var7', 282, 'comesFrom', ['var7'], [160]
'var14', 284, 'comesFrom', ['var14'], [246, 268]
'var10', 291, 'comesFrom', ['var10'], [181]","{'inputs': ['4 2\n1 1\n2 100\n3 100\n4 1\n', '7 6\n5 11\n9 11\n10 11\n11 11\n12 11\n13 11\n100 1\n', '5 9\n0 98\n2 1000000000\n8 1000000000\n5 999999999\n3 989898989\n', '3 3\n4 15\n0 17\n9 11\n', '5 1\n5 9\n2 10\n8 5\n18 12\n1 1\n'], 'outputs': ['200\n', '55\n', '3989899086\n', '17\n', '12\n']}","#### Reference Example 1:
### Python Program:
```python
var1 = 10 ** 9 + 7


def function1(var2):
    var3 = 1
    for var4 in range(var2):
        yield var3
        var3 = var3 * (var4 + 1) % var1


var5 = list(function1(1001))


def function2(var2, var6):
    return var5[var2] * pow(var5[var6], var1 - 2, var1) * pow(var5[var2 -var6], var1 - 2, var1) % var1


def function3():
    var2, var7 = [int(var3) for var3 in input().strip().split()]
    var8 = [-1] + [(int(var3) - 1) for var3 in input().strip().split()] + [var2]
    var8.sort()
    var9 = 1
    var10 = var2 - var7
    for var4 in range(1, len(var8)):
        var11 = var8[var4] - var8[var4 - 1] - 1
        var9 = var9 * function2(var10, var11) % var1
        if var11 > 0 and var4 > 1 and var4 < len(var8) - 1:
            var9 = var9 * pow(2, var11 - 1, var1) % var1
        var10 -= var11
    print(var9)


function3()
```

### Input/Output Unit Test Cases:
```Input/Output Unit Test Cases
## Test Case 1:
Input: '100 2
11 64'
Output: '910895596'

## Test Case 2:
Input: '4 4
1 2 3 4'
Output: '1'

## Test Case 3:
Input: '1000 2
747 798'
Output: '474746180'

## Test Case 4:
Input: '68 37
1 2 3 6 7 8 10 11 12 14 16 18 22 23 24 26 30 31 32 35 37 39 41 42 45 47 50 51 52 54 58 59 61 62 63 64 68'
Output: '867201120'

## Test Case 5:
Input: '1 1
1'
Output: '1'

```

#### Reference Example 2:
### Python Program:
```python
var1 = 10 ** 9 + 7


def function1(var2):
    var3 = 1
    for var4 in range(var2):
        yield var3
        var3 = var3 * (var4 + 1) % var1


var5 = list(function1(1001))


def function2(var2, var6):
    return var5[var2] * pow(var5[var6], var1 - 2, var1) * pow(var5[var2 -var6], var1 - 2, var1) % var1


var2, var7 = [int(var3) for var3 in input().split()]
var8 = [-1] + [(int(var3) - 1) for var3 in input().split()] + [var2]
var8.sort()
var9 = 1
var10 = var2 - var7
for var4 in range(1, len(var8)):
    var11 = var8[var4] - var8[var4 - 1] - 1
    var9 = var9 * function2(var10, var11) % var1
    if var11 > 0 and var4 > 1 and var4 < len(var8) - 1:
        var9 = var9 * pow(2, var11 - 1, var1) % var1
    var10 -= var11
print(var9)
```

### Input/Output Unit Test Cases:
```Input/Output Unit Test Cases
## Test Case 1:
Input: '100 2
11 64'
Output: '910895596'

## Test Case 2:
Input: '4 4
1 2 3 4'
Output: '1'

## Test Case 3:
Input: '1000 2
747 798'
Output: '474746180'

## Test Case 4:
Input: '68 37
1 2 3 6 7 8 10 11 12 14 16 18 22 23 24 26 30 31 32 35 37 39 41 42 45 47 50 51 52 54 58 59 61 62 63 64 68'
Output: '867201120'

## Test Case 5:
Input: '1 1
1'
Output: '1'

```

#### Reference Example 3:
### Python Program:
```python
var1, var2 = map(int, input().split())
var3 = [int(var4) for var4 in input().split()]
var5 = []
var6 = 0
var7 = -10 ** 30
for var8 in range(var1):
    var6 += (-1) ** var8 * var3[var8]
    var5.append(var6)
var9 = set(var3)
for var8 in range(var1):
    var10 = -10 ** 30
    if var8 == 0 and var3[var8] != 1:
        var10 = var3[var8] - 1 - var6
    elif var8 >= 1 and var3[var8] - 1 not in var9:
        var10 = 2 * var5[var8 - 1] + (-1) ** var8 * (var3[var8] - 1) - var6
    var7 = max(var7, var10)
for var8 in range(var1):
    var11 = -10 ** 30
    if var8 == var1 - 1 and var3[-1] != var2 - 1:
        var11 = var6 + (-1) ** var1 * (var3[-1] + 1)
    elif var8 <= var1 - 1 and var3[var8] + 1 not in var9:
        var11 = 2 * var5[var8] + (-1) ** (var8 + 1) * (var3[var8] + 1) - var6
    var7 = max(var7, var11)
if var1 % 2 == 0:
    print(max(var6 + var2, var7))
else:
    print(max(var6, var7 + var2))
```

### Input/Output Unit Test Cases:
```Input/Output Unit Test Cases
## Test Case 1:
Input: '3 12
4 7 11'
Output: '8'

## Test Case 2:
Input: '3 5
1 3 4'
Output: '3'

## Test Case 3:
Input: '3 90591
90579 90580 90581'
Output: '90589'

## Test Case 4:
Input: '4 17
1 5 9 10'
Output: '12'

## Test Case 5:
Input: '1 3
1'
Output: '2'

```

#### Reference Example 4:
### Python Program:
```python
var1, var2 = tuple(map(int, input().split()))
var3, var4 = [0] * var1, [0] * var1
var5 = [0] * var1
for var6 in range(var1):
    var3[var6], var4[var6] = tuple(map(int, input().split()))
    var5[var6] = var3[var6], var4[var6]
var7 = [0] * var1
var8 = [0] * var1
var9 = sum(var4)
var5.sort()
for var6 in range(1, var1):
    var8[var6] = var8[var6 - 1] + var5[var6 - 1][1]
for var6 in range(var1 - 2, -1, -1):
    var7[var6] = var7[var6 + 1] + var5[var6 + 1][1]
var10 = []
for var6 in range(var1):
    var11 = var6 - 1
    var12 = var1 - 1
    while var12 - var11 > 1:
        var13 = (var12 + var11) // 2
        if var5[var13][0] >= var5[var6][0] + var2:
            var12 = var13
        else:
            var11 = var13
    var14 = var12
    if var5[var14][0] >= var5[var6][0] + var2:
        var14 -= 1
    var10.append(var9 - var8[var6] - var7[var14])
print(max(var10))
```

### Input/Output Unit Test Cases:
```Input/Output Unit Test Cases
## Test Case 1:
Input: '4 2
1 1
2 100
3 100
4 1'
Output: '200'

## Test Case 2:
Input: '7 6
5 11
9 11
10 11
11 11
12 11
13 11
100 1'
Output: '55'

## Test Case 3:
Input: '5 9
0 98
2 1000000000
8 1000000000
5 999999999
3 989898989'
Output: '3989899086'

## Test Case 4:
Input: '3 3
4 15
0 17
9 11'
Output: '17'

## Test Case 5:
Input: '5 1
5 9
2 10
8 5
18 12
1 1'
Output: '12'

```

"
u056277698,p03078,python,s581139547,s213757381,104,36,8708,4976,Accepted,Accepted,65.38,"# -*- coding: utf-8 -*-

x, y, z, k = list(map(int, input().split()))

a = list(map(int, input().split()))

b = list(map(int, input().split()))

c = list(map(int, input().split()))



a.sort(reverse=True)

b.sort(reverse=True)

c.sort(reverse=True)



abc = []



for i, _a in enumerate(a):

    for j, _b in enumerate(b):

        if (i+1) * (j+1) > k:

            break

        for l, _c in enumerate(c):

            if (i+1) * (j+1) * (l+1) > k:

                break

            abc.append(_a + _b + _c)



abc.sort(reverse=True)

for x in abc[:k]:

    print(x)
","# -*- coding: utf-8 -*-

import heapq



x, y, z, k = list(map(int, input().split()))

a = list(map(int, input().split()))

b = list(map(int, input().split()))

c = list(map(int, input().split()))



la, lb, lc = len(a), len(b), len(c)



a.sort(reverse=True)

b.sort(reverse=True)

c.sort(reverse=True)



fix = set()



q = [(-(a[0]+b[0]+c[0]), 0, 0, 0)]



for _ in range(k):

    abc, i, j, l = heapq.heappop(q)

    print((-abc))



    if i+1 < la and (i+1, j, l) not in fix:

        heapq.heappush(q, (-(a[i+1]+b[j]+c[l]), i+1, j, l))

        fix.add((i+1, j, l))



    if j+1 < lb and (i, j+1, l) not in fix:

        heapq.heappush(q, (-(a[i]+b[j+1]+c[l]), i, j+1, l))

        fix.add((i, j+1, l))



    if l+1 < lc and (i, j, l+1) not in fix:

        heapq.heappush(q, (-(a[i]+b[j]+c[l+1]), i, j, l+1))

        fix.add((i, j, l+1))
",24,33,566,841,"# -*- coding: utf-8 -*-
x, y, z, k = list(map(int, input().split()))
a = list(map(int, input().split()))
b = list(map(int, input().split()))
c = list(map(int, input().split()))
a.sort(reverse=True)
b.sort(reverse=True)
c.sort(reverse=True)
abc = []
for i, _a in enumerate(a):
    for j, _b in enumerate(b):
        if (i + 1) * (j + 1) > k:
            break
        for l, _c in enumerate(c):
            if (i + 1) * (j + 1) * (l + 1) > k:
                break
            abc.append(_a + _b + _c)
abc.sort(reverse=True)
for x in abc[:k]:
    print(x)
","# -*- coding: utf-8 -*-
import heapq

x, y, z, k = list(map(int, input().split()))
a = list(map(int, input().split()))
b = list(map(int, input().split()))
c = list(map(int, input().split()))
la, lb, lc = len(a), len(b), len(c)
a.sort(reverse=True)
b.sort(reverse=True)
c.sort(reverse=True)
fix = set()
q = [(-(a[0] + b[0] + c[0]), 0, 0, 0)]
for _ in range(k):
    abc, i, j, l = heapq.heappop(q)
    print((-abc))
    if i + 1 < la and (i + 1, j, l) not in fix:
        heapq.heappush(q, (-(a[i + 1] + b[j] + c[l]), i + 1, j, l))
        fix.add((i + 1, j, l))
    if j + 1 < lb and (i, j + 1, l) not in fix:
        heapq.heappush(q, (-(a[i] + b[j + 1] + c[l]), i, j + 1, l))
        fix.add((i, j + 1, l))
    if l + 1 < lc and (i, j, l + 1) not in fix:
        heapq.heappush(q, (-(a[i] + b[j] + c[l + 1]), i, j, l + 1))
        fix.add((i, j, l + 1))
",False,27.27272727,"['+import heapq', '+', '+la, lb, lc = len(a), len(b), len(c)', '-abc = []', '-for i, _a in enumerate(a):', '-    for j, _b in enumerate(b):', '-        if (i + 1) * (j + 1) > k:', '-            break', '-        for l, _c in enumerate(c):', '-            if (i + 1) * (j + 1) * (l + 1) > k:', '-                break', '-            abc.append(_a + _b + _c)', '-abc.sort(reverse=True)', '-for x in abc[:k]:', '-    print(x)', '+fix = set()', '+q = [(-(a[0] + b[0] + c[0]), 0, 0, 0)]', '+for _ in range(k):', '+    abc, i, j, l = heapq.heappop(q)', '+    print((-abc))', '+    if i + 1 < la and (i + 1, j, l) not in fix:', '+        heapq.heappush(q, (-(a[i + 1] + b[j] + c[l]), i + 1, j, l))', '+        fix.add((i + 1, j, l))', '+    if j + 1 < lb and (i, j + 1, l) not in fix:', '+        heapq.heappush(q, (-(a[i] + b[j + 1] + c[l]), i, j + 1, l))', '+        fix.add((i, j + 1, l))', '+    if l + 1 < lc and (i, j, l + 1) not in fix:', '+        heapq.heappush(q, (-(a[i] + b[j] + c[l + 1]), i, j, l + 1))', '+        fix.add((i, j, l + 1))']",False,0.434331532,0.209642083,2.071776451,"['s581139547', 's213757381']","{'inputs': ['3 3 3 5\n1 10 100\n2 20 200\n1 10 100\n', '2 2 2 8\n4 6\n1 5\n3 8\n', '10 10 10 20\n7467038376 5724769290 292794712 2843504496 3381970101 8402252870 249131806 6310293640 6690322794 6082257488\n1873977926 2576529623 1144842195 1379118507 6003234687 4925540914 3902539811 3326692703 484657758 2877436338\n4975681328 8974383988 2882263257 7690203955 514305523 6679823484 4263279310 585966808 3752282379 620585736\n'], 'outputs': ['400\n310\n310\n301\n301\n', '19\n17\n15\n14\n13\n12\n10\n8\n', '23379871545\n22444657051\n22302177772\n22095691512\n21667941469\n21366963278\n21287912315\n21279176669\n21160477018\n21085311041\n21059876163\n21017997739\n20703329561\n20702387965\n20590247696\n20383761436\n20343962175\n20254073196\n20210218542\n20150096547\n']}","{'inputs': ['10 10 10 42\n3471439818 7125082499 52097 2843504496 3381970101 14107954240 249131806 9465078905 6690322794 2898542789\n1873977926 4407421270 764181049 1379118507 9014541718 4925540914 3902539811 5851891101 178325203 2877436338\n8482502021 8974383988 2882263257 7655946647 95905874 8599494163 3306606453 188606520 9711411241 876155962\n', '10 10 10 22\n3471439818 7125082499 52097 2843504496 3381970101 14107954240 249131806 9465078905 6690322794 2898542789\n1873977926 4407421270 764181049 1379118507 9014541718 4925540914 3902539811 5851891101 178325203 2877436338\n8482502021 8974383988 2882263257 4734915691 105631909 8599494163 3306606453 272280380 9711411241 876155962\n', '10 10 10 20\n7467038376 8842509644 562326672 2843504496 3381970101 8402252870 249131806 6310293640 6690322794 6082257488\n1873977926 2576529623 1144842195 1379118507 2838960039 4925540914 3902539811 3326692703 887748168 2267794863\n4975681328 8974383988 2882263257 6426500770 514305523 6679823484 4263279310 585966808 6354335584 620585736\n', '10 10 10 22\n7467038376 5724769290 309564 2843504496 2823843841 14107954240 249131806 14297961023 14218869544 6082257488\n1873977926 4407421270 658617344 1379118507 7229165398 4925540914 2582425414 5893361582 484657758 2877436338\n4975681328 8974383988 2882263257 4734915691 514305523 6200848826 3306606453 585966808 5022505692 620585736\n', '10 10 10 20\n7467038376 5724769290 292794712 2843504496 3381970101 14107954240 249131806 6310293640 6690322794 6082257488\n371844391 2576529623 1144842195 1379118507 2045525737 4925540914 3902539811 3326692703 484657758 2877436338\n4975681328 8974383988 2882263257 6801655704 514305523 6679823484 3306606453 585966808 3752282379 620585736\n', '10 10 10 20\n7467038376 5724769290 292794712 2843504496 6266807579 8402252870 249131806 6310293640 6690322794 6082257488\n1873977926 2576529623 1144842195 1379118507 6003234687 4925540914 3902539811 3326692703 484657758 2877436338\n4975681328 8974383988 2882263257 7690203955 514305523 2128918965 4263279310 585966808 3752282379 620585736\n', '10 10 10 22\n7467038376 5724769290 465952 2843504496 3381970101 14107954240 249131806 14297961023 6690322794 6082257488\n1873977926 4407421270 1144842195 1379118507 7229165398 4925540914 6558051024 3326692703 484657758 2877436338\n4975681328 8974383988 2882263257 4734915691 514305523 6679823484 1093966191 585966808 3752282379 620585736\n', '10 10 10 20\n7467038376 5724769290 292794712 2843504496 3381970101 23085197690 249131806 11770255275 6690322794 6082257488\n1873977926 1918754670 1144842195 1113665868 6003234687 4925540914 2752573768 3326692703 484657758 2877436338\n4975681328 5274071675 4028128047 4734915691 514305523 6679823484 3306606453 524497769 3752282379 620585736\n', '10 10 10 20\n7467038376 8842509644 562326672 2843504496 3381970101 8402252870 249131806 6310293640 6690322794 6082257488\n1873977926 2576529623 1144842195 1379118507 2838960039 4925540914 3902539811 434667325 887748168 2267794863\n4975681328 8974383988 2882263257 6426500770 514305523 6679823484 4263279310 585966808 6354335584 620585736\n', '10 10 10 22\n7467038376 7125082499 52097 2843504496 3381970101 14107954240 249131806 11770255275 6690322794 2898542789\n1873977926 4407421270 738724969 1379118507 9014541718 4925540914 3902539811 5851891101 484657758 2877436338\n4975681328 8974383988 2882263257 4734915691 514305523 8599494163 3306606453 272280380 5240677862 620585736\n', '10 10 10 20\n7467038376 5724769290 562326672 2843504496 3381970101 8402252870 249131806 6310293640 6690322794 6082257488\n1873977926 2576529623 1144842195 1379118507 10704268983 4925540914 3902539811 3326692703 887748168 2267794863\n4975681328 8974383988 2882263257 6426500770 514305523 6679823484 4263279310 585966808 3752282379 620585736\n', '10 10 10 22\n7467038376 5724769290 480936 2843504496 3381970101 14107954240 249131806 11770255275 6690322794 6082257488\n1873977926 4407421270 1144842195 1379118507 7229165398 4925540914 3902539811 3326692703 484657758 2877436338\n4975681328 8974383988 2882263257 4734915691 514305523 6679823484 3306606453 585966808 3752282379 620585736\n', '10 10 10 22\n7467038376 5724769290 309564 2843504496 3023742294 498870719 249131806 14297961023 14218869544 2469507727\n1862193477 4407421270 658617344 1379118507 7229165398 467268175 2582425414 5893361582 484657758 2877436338\n5627410812 8974383988 2882263257 4734915691 514305523 1792630495 1473857612 585966808 5022505692 808178650\n', '10 10 10 29\n7467038376 2043183524 309564 2843504496 3023742294 498870719 249131806 14297961023 2985137660 2469507727\n1862193477 4407421270 658617344 1379118507 7229165398 467268175 2582425414 5893361582 484657758 2877436338\n5627410812 8974383988 2882263257 4734915691 514305523 1792630495 2274572613 585966808 5022505692 808178650\n', '10 10 10 42\n3471439818 7125082499 52097 2843504496 3381970101 14107954240 249131806 9465078905 6690322794 2898542789\n1873977926 4407421270 764181049 1379118507 9014541718 4925540914 3902539811 5851891101 178325203 2877436338\n8482502021 8974383988 2882263257 4734915691 95905874 8599494163 3306606453 272280380 9711411241 876155962\n', '10 10 10 22\n7467038376 5724769290 480936 2843504496 3381970101 14107954240 249131806 11770255275 6690322794 6082257488\n1608452774 4407421270 1144842195 1379118507 6003234687 4925540914 3902539811 3326692703 871804439 2877436338\n4975681328 8974383988 2882263257 4734915691 514305523 6679823484 3306606453 585966808 3752282379 620585736\n', '10 10 10 20\n7467038376 8842509644 562326672 8219638078 5736955717 8402252870 249131806 6310293640 6690322794 6082257488\n416200270 2576529623 1809940439 1379118507 2838960039 4925540914 3902539811 434667325 887748168 2267794863\n4975681328 8996899612 5622989397 6426500770 703691864 203998787 4263279310 1151536278 6354335584 160806375\n', '10 10 10 20\n7467038376 5724769290 292794712 2843504496 3381970101 23085197690 249131806 11770255275 10128431098 6082257488\n1873977926 1918754670 1259954278 1113665868 6003234687 4925540914 2752573768 3326692703 484657758 2877436338\n8003221913 5274071675 4028128047 4734915691 514305523 6679823484 3306606453 524497769 3752282379 620585736\n', '10 10 10 20\n7467038376 5724769290 292794712 2843504496 3834869267 8402252870 249131806 6310293640 6690322794 6082257488\n1873977926 2576529623 1144842195 1379118507 6003234687 4925540914 3902539811 3326692703 484657758 2877436338\n4975681328 8974383988 2882263257 7690203955 514305523 6679823484 4263279310 585966808 3752282379 620585736\n', '10 10 10 22\n7467038376 5724769290 309564 2843504496 2823843841 14107954240 249131806 14297961023 14218869544 6082257488\n1873977926 4407421270 658617344 1379118507 7229165398 4925540914 2582425414 5893361582 484657758 2877436338\n4975681328 8974383988 2882263257 4734915691 514305523 6679823484 3306606453 585966808 5022505692 620585736\n', '10 10 10 20\n7467038376 8842509644 562326672 2843504496 3381970101 8402252870 249131806 6310293640 6690322794 6082257488\n1873977926 2576529623 1809940439 1379118507 2838960039 4925540914 3902539811 434667325 887748168 2267794863\n4975681328 8974383988 2882263257 6426500770 514305523 203998787 4263279310 1151536278 6354335584 620585736\n', '10 10 10 20\n7467038376 5724769290 292794712 2843504496 3381970101 14107954240 249131806 11770255275 6690322794 6082257488\n1873977926 4407421270 1144842195 1379118507 6003234687 4925540914 3902539811 3326692703 484657758 2877436338\n4975681328 5274071675 2882263257 4734915691 514305523 6679823484 3306606453 585966808 3752282379 620585736\n', '10 10 10 20\n7467038376 5724769290 292794712 2843504496 3381970101 141876877 249131806 11770255275 2323224880 6082257488\n1873977926 2576529623 1144842195 1379118507 6003234687 4925540914 3902539811 3326692703 233755778 1699170585\n4975681328 8700180183 2882263257 4734915691 514305523 6679823484 3306606453 585966808 3752282379 620585736\n', '10 10 10 20\n7467038376 5724769290 292794712 2843504496 3381970101 14107954240 249131806 6310293640 6690322794 6082257488\n1873977926 2576529623 1144842195 1379118507 6003234687 4925540914 3902539811 3326692703 484657758 2877436338\n4975681328 8974383988 2882263257 4734915691 514305523 6679823484 3306606453 585966808 3752282379 620585736\n', '10 10 10 22\n7467038376 5724769290 309564 2843504496 3023742294 14107954240 249131806 14297961023 14218869544 2469507727\n1862193477 4407421270 658617344 1379118507 7229165398 467268175 2582425414 5893361582 484657758 2877436338\n5627410812 8974383988 2882263257 4734915691 514305523 1792630495 1473857612 585966808 5022505692 808178650\n', '10 10 10 22\n7467038376 5724769290 309564 2843504496 2823843841 14107954240 249131806 14297961023 14218869544 6082257488\n1873977926 4407421270 658617344 1379118507 7229165398 4925540914 3902539811 3326692703 484657758 2877436338\n4975681328 8974383988 2882263257 4734915691 514305523 6679823484 3306606453 585966808 5022505692 620585736\n', '10 10 10 22\n7467038376 5724769290 292794712 2843504496 3381970101 14107954240 249131806 11770255275 6690322794 6082257488\n1873977926 4407421270 1144842195 1379118507 6003234687 4925540914 3902539811 4159176501 528020791 2877436338\n4975681328 8974383988 2882263257 4734915691 514305523 6679823484 3306606453 585966808 3752282379 620585736\n', '10 10 10 22\n7467038376 5724769290 292794712 2843504496 3381970101 17758351638 249131806 11770255275 6690322794 6082257488\n1873977926 4407421270 1144842195 1379118507 6003234687 4925540914 3902539811 4159176501 528020791 2877436338\n4975681328 8974383988 2882263257 4734915691 514305523 6679823484 3306606453 585966808 3752282379 620585736\n', '10 10 10 29\n7467038376 2043183524 309564 2843504496 3023742294 165580015 249131806 14297961023 2985137660 2469507727\n1862193477 4407421270 658617344 388592354 7229165398 467268175 2582425414 5893361582 484657758 2877436338\n3679621223 8974383988 2882263257 4734915691 514305523 1792630495 2274572613 585966808 5022505692 808178650\n', '10 10 10 22\n7467038376 5724769290 480936 2843504496 3381970101 14107954240 315563055 14297961023 11861432929 6082257488\n1873977926 4407421270 899558278 1379118507 9711716785 4950298103 3902539811 3326692703 484657758 2847129556\n786264469 8974383988 2882263257 14254358514 523143499 6679823484 10721414745 585966808 3752282379 620585736\n', '10 10 10 20\n7467038376 5724769290 292794712 2843504496 3834869267 495515942 249131806 6310293640 6690322794 6082257488\n1873977926 2576529623 1144842195 1379118507 6003234687 4925540914 3902539811 3326692703 484657758 2877436338\n4975681328 8974383988 2882263257 7690203955 514305523 6679823484 4263279310 585966808 3752282379 620585736\n', '10 10 10 22\n7467038376 5724769290 480936 2843504496 3381970101 14107954240 249131806 894879326 6690322794 6082257488\n1873977926 4407421270 1144842195 1379118507 6003234687 4925540914 3902539811 3326692703 871804439 2877436338\n4975681328 8974383988 2882263257 4734915691 514305523 6679823484 3306606453 585966808 3752282379 620585736\n', '10 10 10 22\n7467038376 5724769290 480936 2843504496 3381970101 14107954240 249131806 11770255275 6690322794 6082257488\n1608452774 4407421270 1144842195 218280949 6003234687 4925540914 3902539811 4511186310 871804439 2877436338\n4975681328 8974383988 2882263257 4734915691 514305523 6679823484 3306606453 585966808 3752282379 620585736\n', '10 10 10 20\n7467038376 8842509644 562326672 2843504496 3381970101 8402252870 249131806 6310293640 6690322794 6082257488\n1873977926 2576529623 1144842195 1379118507 10704268983 4925540914 3902539811 3326692703 887748168 2267794863\n4975681328 8974383988 2882263257 6426500770 514305523 6679823484 4263279310 585966808 3752282379 620585736\n', '10 10 10 22\n7467038376 5724769290 309564 2843504496 2823843841 14107954240 249131806 14297961023 14218869544 6082257488\n1873977926 4407421270 658617344 1379118507 7229165398 4925540914 3902539811 5893361582 484657758 2877436338\n4975681328 8974383988 2882263257 4734915691 514305523 6679823484 3306606453 585966808 5022505692 620585736\n', '10 10 10 22\n7467038376 5724769290 480936 2843504496 3381970101 14107954240 249131806 14297961023 14218869544 6082257488\n1873977926 4407421270 1144842195 1379118507 7229165398 4925540914 3902539811 3326692703 484657758 2877436338\n4975681328 8974383988 2882263257 4734915691 514305523 6679823484 3306606453 585966808 3752282379 620585736\n', '10 10 10 22\n7467038376 5724769290 480936 2843504496 3381970101 14107954240 315563055 14297961023 11861432929 6082257488\n1873977926 4407421270 899558278 1379118507 9711716785 4925540914 3902539811 3326692703 484657758 2847129556\n786264469 8974383988 2882263257 14254358514 523143499 6679823484 10721414745 585966808 3752282379 620585736\n', '10 10 10 22\n7467038376 7514466810 188244710 2843504496 3381970101 14107954240 249131806 11770255275 6690322794 8545728314\n1873977926 4407421270 1144842195 1379118507 6003234687 4925540914 3902539811 4159176501 528020791 5234845339\n4975681328 8974383988 2882263257 4734915691 514305523 6679823484 3306606453 585966808 3752282379 620585736\n', '10 10 10 20\n7467038376 5724769290 292794712 2843504496 3381970101 14107954240 249131806 11770255275 6690322794 6082257488\n1873977926 2576529623 1144842195 1379118507 6003234687 4925540914 3902539811 3326692703 484657758 2877436338\n4975681328 8974383988 2882263257 4734915691 514305523 6679823484 3306606453 585966808 3752282379 620585736\n', '10 10 10 20\n7467038376 8842509644 562326672 2843504496 3381970101 8402252870 249131806 6310293640 6690322794 6082257488\n1873977926 2576529623 1144842195 1379118507 10704268983 4925540914 3902539811 3326692703 887748168 2267794863\n4975681328 8974383988 2882263257 6426500770 514305523 6679823484 4263279310 585966808 6354335584 620585736\n', '10 10 10 22\n7467038376 7125082499 52097 2843504496 3381970101 14107954240 249131806 11770255275 6690322794 6082257488\n1873977926 4407421270 1144842195 1379118507 9014541718 4925540914 3902539811 3326692703 484657758 2877436338\n4975681328 8974383988 2882263257 4734915691 514305523 8599494163 3306606453 272280380 5240677862 620585736\n', '10 10 10 20\n7467038376 5724769290 292794712 2843504496 3381970101 14107954240 249131806 11770255275 6690322794 6082257488\n1873977926 4407421270 1144842195 1379118507 6003234687 4925540914 3902539811 3326692703 484657758 2877436338\n4975681328 8974383988 2882263257 4734915691 514305523 6679823484 3306606453 585966808 3752282379 620585736\n', '10 10 10 20\n7467038376 5724769290 292794712 2843504496 3834869267 8402252870 249131806 6310293640 6690322794 6082257488\n2999780207 2576529623 1144842195 1379118507 6003234687 4925540914 3902539811 3326692703 484657758 2877436338\n4975681328 8974383988 2882263257 7690203955 514305523 2128918965 4263279310 585966808 3752282379 620585736\n', '10 10 10 22\n7467038376 5724769290 480936 2843504496 3381970101 14107954240 249131806 14297961023 11861432929 6082257488\n1873977926 1654566501 1144842195 1379118507 7229165398 4925540914 3902539811 3326692703 484657758 2877436338\n4975681328 8974383988 2882263257 4734915691 514305523 6679823484 3306606453 585966808 3752282379 620585736\n', '10 10 10 20\n7467038376 5724769290 148301192 2843504496 3381970101 8402252870 249131806 6310293640 6690322794 10610013270\n1873977926 2576529623 1144842195 1379118507 6003234687 4925540914 3902539811 3326692703 484657758 2877436338\n4975681328 8974383988 2882263257 4734915691 514305523 6679823484 837560161 585966808 3752282379 620585736\n', '10 10 10 20\n7467038376 5724769290 292794712 2843504496 3381970101 23085197690 249131806 11770255275 10128431098 6082257488\n1873977926 1918754670 1259954278 1113665868 6003234687 4925540914 2752573768 3711791530 484657758 2877436338\n8003221913 5274071675 4028128047 4734915691 514305523 6679823484 3306606453 524497769 3752282379 620585736\n', '10 10 10 22\n7467038376 5724769290 309564 2843504496 2823843841 14107954240 249131806 14297961023 14218869544 6082257488\n1873977926 4407421270 658617344 1379118507 7229165398 4925540914 2582425414 5893361582 484657758 2877436338\n4975681328 8974383988 2882263257 4734915691 514305523 1400341025 1473857612 585966808 5022505692 620585736\n', '10 10 10 20\n7467038376 5724769290 292794712 2843504496 3381970101 8402252870 249131806 6310293640 6690322794 6082257488\n1873977926 2576529623 1144842195 1379118507 6003234687 4925540914 3902539811 3326692703 484657758 2877436338\n4975681328 8974383988 2882263257 4734915691 514305523 6679823484 4263279310 585966808 3752282379 620585736\n', '10 10 10 20\n7467038376 5724769290 292794712 2843504496 3834869267 8402252870 249131806 6310293640 6690322794 6082257488\n1873977926 2576529623 1144842195 1379118507 6003234687 4925540914 3902539811 3326692703 484657758 2877436338\n4975681328 8974383988 2882263257 7690203955 514305523 2128918965 4263279310 585966808 3752282379 620585736\n', '10 10 10 22\n7467038376 5724769290 52097 2843504496 3381970101 14107954240 249131806 11770255275 6690322794 6082257488\n1873977926 4407421270 1144842195 1379118507 9014541718 4925540914 3902539811 3326692703 484657758 2877436338\n4975681328 8974383988 2882263257 4734915691 514305523 8599494163 3306606453 585966808 3752282379 620585736\n', '10 10 10 22\n7467038376 5724769290 309564 2843504496 3023742294 498870719 249131806 14297961023 2985137660 2469507727\n1862193477 4407421270 658617344 1379118507 7229165398 467268175 2582425414 5893361582 484657758 2877436338\n5627410812 8974383988 2882263257 4734915691 514305523 1792630495 2274572613 585966808 5022505692 808178650\n', '10 10 10 22\n11432277847 5724769290 480936 2843504496 3381970101 14107954240 249131806 14297961023 11861432929 6082257488\n1873977926 4407421270 1144842195 1379118507 7229165398 4925540914 3902539811 3326692703 484657758 2877436338\n4975681328 8974383988 2882263257 4734915691 514305523 6679823484 7848263435 585966808 3752282379 620585736\n', '10 10 10 20\n7467038376 5724769290 141475344 2843504496 2244307251 8402252870 249131806 6310293640 6690322794 6082257488\n3085689583 2576529623 1144842195 585498203 6003234687 4925540914 3902539811 3326692703 824414451 2877436338\n4975681328 8974383988 2882263257 4734915691 514305523 6679823484 837560161 585966808 3752282379 620585736\n', '10 10 10 20\n7467038376 5724769290 292794712 2843504496 3381970101 14107954240 249131806 6310293640 6690322794 6082257488\n1873977926 2576529623 1144842195 1379118507 2045525737 4925540914 3902539811 3326692703 484657758 2877436338\n4975681328 8974383988 2882263257 6801655704 514305523 6679823484 3306606453 585966808 3752282379 620585736\n', '10 10 10 22\n7467038376 5724769290 480936 2843504496 3381970101 14107954240 315563055 14297961023 11861432929 6082257488\n1873977926 4407421270 899558278 1379118507 4956137258 4950298103 3902539811 3326692703 484657758 2847129556\n786264469 8974383988 2882263257 14254358514 335066 6679823484 10721414745 585966808 3752282379 620585736\n', '10 10 10 22\n7467038376 5724769290 52097 2843504496 3381970101 14107954240 249131806 11770255275 6690322794 6082257488\n1873977926 4407421270 1144842195 1379118507 7229165398 4925540914 3902539811 3326692703 484657758 2877436338\n4975681328 8974383988 2882263257 4734915691 514305523 8599494163 3306606453 585966808 3752282379 620585736\n', '10 10 10 22\n7467038376 5724769290 52097 2843504496 3381970101 14107954240 249131806 11770255275 6690322794 6082257488\n1873977926 4407421270 1144842195 121085442 7229165398 4925540914 3902539811 3326692703 484657758 2877436338\n4975681328 8974383988 2882263257 4734915691 514305523 6679823484 3306606453 585966808 3752282379 620585736\n', '10 10 10 22\n7467038376 5724769290 480936 2843504496 3381970101 14107954240 249131806 14297961023 11861432929 6082257488\n1873977926 4407421270 1144842195 1379118507 9711716785 4925540914 3902539811 3326692703 484657758 2847129556\n786264469 8974383988 2882263257 9180611189 514305523 6679823484 10721414745 585966808 3752282379 620585736\n', '10 10 10 20\n7467038376 5724769290 148301192 2843504496 3381970101 8402252870 249131806 7536802306 6690322794 6082257488\n1873977926 2576529623 1144842195 1379118507 6003234687 4925540914 3902539811 3326692703 484657758 2877436338\n4975681328 8974383988 2882263257 4734915691 514305523 6679823484 1097173209 585966808 3752282379 620585736\n', '10 10 10 29\n7467038376 2043183524 309564 2843504496 3023742294 498870719 249131806 14297961023 2985137660 2469507727\n1862193477 4407421270 658617344 1379118507 7229165398 467268175 2582425414 5893361582 484657758 2877436338\n3679621223 8974383988 2882263257 4734915691 514305523 1792630495 2274572613 585966808 5022505692 808178650\n', '10 10 10 22\n7467038376 7125082499 52097 2843504496 3381970101 14107954240 249131806 9465078905 6690322794 2898542789\n1873977926 4407421270 738724969 1379118507 9014541718 4925540914 3902539811 5851891101 484657758 2877436338\n4975681328 8974383988 2882263257 4734915691 514305523 8599494163 3306606453 272280380 5240677862 620585736\n', '10 10 10 22\n7467038376 5724769290 480936 2843504496 3381970101 14107954240 249131806 14297961023 14218869544 6082257488\n1873977926 4407421270 1144842195 1379118507 7229165398 4925540914 3902539811 2166815882 484657758 2877436338\n4975681328 8974383988 2882263257 4734915691 514305523 6679823484 3306606453 585966808 3752282379 620585736\n', '10 10 10 20\n7467038376 5724769290 292794712 2843504496 3381970101 23085197690 249131806 11770255275 6690322794 6082257488\n1873977926 1918754670 1144842195 1113665868 6003234687 4925540914 3902539811 3326692703 484657758 2877436338\n4975681328 5274071675 4028128047 4734915691 514305523 6679823484 3306606453 524497769 3752282379 620585736\n', '10 10 10 22\n7467038376 5724769290 480936 2843504496 3381970101 14107954240 249131806 11770255275 6690322794 6082257488\n1608452774 4407421270 1144842195 218280949 6003234687 4925540914 3902539811 3103478121 871804439 2877436338\n4975681328 8974383988 2882263257 4734915691 514305523 6679823484 3306606453 585966808 3752282379 620585736\n', '10 10 10 22\n7467038376 5724769290 480936 2843504496 3381970101 14107954240 249131806 14297961023 11861432929 6082257488\n1873977926 4407421270 1144842195 1379118507 7229165398 4925540914 3902539811 3326692703 484657758 2877436338\n4975681328 8974383988 2882263257 9180611189 514305523 6679823484 10721414745 585966808 3752282379 620585736\n', '10 10 10 22\n7467038376 7125082499 52097 2843504496 3381970101 14107954240 249131806 9465078905 6690322794 2898542789\n1873977926 4407421270 738724969 1379118507 9014541718 4925540914 3902539811 5851891101 484657758 2877436338\n4975681328 8974383988 2882263257 4734915691 514305523 8599494163 3306606453 272280380 9711411241 620585736\n', '10 10 10 20\n7467038376 5724769290 292794712 2843504496 3381970101 8402252870 249131806 1526300067 6690322794 6082257488\n1873977926 2576529623 606195516 1379118507 6003234687 4925540914 3902539811 3326692703 484657758 2877436338\n4975681328 8974383988 2882263257 4734915691 514305523 6679823484 4263279310 585966808 3752282379 620585736\n', '10 10 10 20\n7467038376 8842509644 562326672 5370842567 3381970101 8402252870 249131806 6310293640 6690322794 6082257488\n416200270 2576529623 1809940439 1379118507 2838960039 4925540914 3902539811 434667325 887748168 2267794863\n4975681328 8996899612 5622989397 6426500770 703691864 203998787 4263279310 1151536278 6354335584 160806375\n', '10 10 10 20\n7467038376 5724769290 292794712 2843504496 3381970101 17963130194 249131806 11770255275 6690322794 6082257488\n1873977926 4407421270 1144842195 1113665868 6003234687 4925540914 3902539811 3326692703 484657758 2877436338\n4975681328 5274071675 4028128047 4734915691 514305523 6679823484 3306606453 524497769 3752282379 620585736\n', '10 10 10 20\n7467038376 5724769290 562326672 2843504496 3381970101 8402252870 249131806 6310293640 6690322794 6082257488\n1873977926 2576529623 1144842195 1379118507 6003234687 4925540914 3902539811 3326692703 887748168 2267794863\n4975681328 8974383988 2882263257 6426500770 514305523 6679823484 4263279310 585966808 3752282379 620585736\n', '10 10 10 20\n7467038376 5724769290 292794712 2843504496 3381970101 8402252870 249131806 6310293640 6690322794 6082257488\n1873977926 2576529623 1144842195 1379118507 6003234687 4925540914 3902539811 3326692703 484657758 2877436338\n4975681328 8974383988 2882263257 6426500770 514305523 6679823484 4263279310 585966808 3752282379 620585736\n', '10 10 10 22\n7467038376 5724769290 480936 2843504496 3381970101 14107954240 249131806 14297961023 6690322794 6082257488\n1873977926 4407421270 1144842195 1379118507 7229165398 4925540914 3902539811 3326692703 484657758 2877436338\n4975681328 8974383988 2882263257 4734915691 514305523 6679823484 3306606453 585966808 3752282379 620585736\n', '10 10 10 20\n7467038376 5724769290 292794712 2843504496 3381970101 8402252870 249131806 6310293640 6690322794 6082257488\n1873977926 2576529623 1144842195 1379118507 6003234687 4925540914 3902539811 3326692703 484657758 2877436338\n4975681328 17135590902 2882263257 4734915691 514305523 6679823484 3306606453 585966808 3752282379 620585736\n', '10 10 10 20\n7467038376 5724769290 292794712 2843504496 3381970101 8402252870 249131806 1526300067 6690322794 6783872709\n1873977926 2576529623 606195516 1379118507 6003234687 4925540914 3902539811 3326692703 484657758 2877436338\n4975681328 8974383988 2882263257 4734915691 514305523 6679823484 4263279310 585966808 3752282379 620585736\n', '10 10 10 22\n7467038376 5724769290 292794712 2843504496 3381970101 14107954240 249131806 11770255275 6690322794 6082257488\n1873977926 4407421270 1144842195 1379118507 6003234687 4925540914 3902539811 3326692703 484657758 2877436338\n4975681328 8974383988 2882263257 4734915691 514305523 6679823484 3306606453 585966808 3752282379 620585736\n', '10 10 10 22\n7467038376 5724769290 480936 2843504496 3381970101 14107954240 249131806 14297961023 11861432929 6082257488\n1873977926 4407421270 1144842195 1379118507 7229165398 4925540914 3902539811 3326692703 484657758 2877436338\n4975681328 8974383988 2882263257 4734915691 514305523 6679823484 7848263435 585966808 3752282379 620585736\n', '3 3 3 5\n1 10 101\n2 20 200\n1 10 100\n', '10 10 10 20\n7467038376 5724769290 292794712 2843504496 3381970101 8402252870 249131806 6310293640 4547469684 6082257488\n1873977926 2576529623 1144842195 1379118507 6003234687 4925540914 3902539811 3326692703 484657758 2877436338\n4975681328 8974383988 2882263257 4734915691 514305523 6679823484 4263279310 585966808 3752282379 620585736\n', '2 2 2 6\n4 6\n1 5\n3 8\n', '10 10 10 20\n7467038376 5724769290 292794712 2843504496 3381970101 8402252870 249131806 6310293640 6690322794 6082257488\n1873977926 2576529623 1144842195 1379118507 1616641807 4925540914 3902539811 3326692703 484657758 2877436338\n4975681328 8974383988 2882263257 6426500770 514305523 6679823484 4263279310 585966808 3752282379 620585736\n', '10 10 10 22\n7467038376 5724769290 309564 2843504496 2823843841 14107954240 249131806 14297961023 14218869544 6082257488\n1873977926 4407421270 658617344 1379118507 7229165398 556943128 2582425414 5893361582 484657758 2877436338\n4975681328 8974383988 2882263257 4734915691 514305523 1400341025 1473857612 585966808 5022505692 620585736\n', '10 10 10 16\n7467038376 5724769290 480936 2843504496 3381970101 14107954240 249131806 11770255275 6690322794 6082257488\n1873977926 4407421270 1144842195 1379118507 6003234687 4925540914 3902539811 3326692703 484657758 2877436338\n4975681328 8974383988 2882263257 4734915691 514305523 6679823484 3306606453 585966808 3752282379 620585736\n', '10 10 10 22\n7467038376 5724769290 292794712 2843504496 3381970101 14107954240 249131806 11770255275 6690322794 8545728314\n1873977926 4407421270 2094006548 1379118507 6003234687 4925540914 3902539811 4159176501 528020791 2877436338\n4975681328 8974383988 2882263257 4734915691 514305523 6679823484 3306606453 585966808 3752282379 620585736\n', '10 10 10 20\n7467038376 5724769290 292794712 2843504496 3381970101 14107954240 249131806 11770255275 2323224880 6082257488\n1873977926 2576529623 1479553652 1379118507 6003234687 4925540914 3902539811 3326692703 233755778 2877436338\n4975681328 8700180183 2882263257 4734915691 514305523 6679823484 3306606453 585966808 3752282379 620585736\n', '10 10 10 20\n7467038376 5724769290 292794712 2843504496 3381970101 141876877 249131806 11770255275 2323224880 6082257488\n1873977926 2576529623 1144842195 1379118507 6003234687 4925540914 3902539811 3326692703 233755778 2877436338\n4975681328 8700180183 2882263257 4734915691 514305523 6679823484 3306606453 585966808 3752282379 620585736\n', '10 10 10 22\n7467038376 5724769290 309564 2843504496 3381970101 24362601688 249131806 14297961023 14218869544 6082257488\n1873977926 4407421270 1372462105 1379118507 7229165398 4925540914 3902539811 3326692703 484657758 2877436338\n4975681328 8974383988 2882263257 4734915691 514305523 6679823484 3306606453 585966808 3752282379 620585736\n', '10 10 10 20\n7467038376 5724769290 292794712 2843504496 3381970101 14107954240 249131806 6310293640 6690322794 6082257488\n1873977926 2576529623 1144842195 1379118507 6003234687 4925540914 3902539811 3326692703 484657758 2877436338\n4975681328 8974383988 2882263257 6801655704 514305523 6679823484 3306606453 585966808 3752282379 620585736\n', '10 10 10 20\n7467038376 5724769290 292794712 2843504496 3381970101 14107954240 249131806 11770255275 2323224880 6082257488\n1873977926 2576529623 1144842195 1379118507 6003234687 4925540914 3902539811 3326692703 233755778 2877436338\n4975681328 8700180183 2882263257 4734915691 514305523 6679823484 3306606453 585966808 3752282379 620585736\n', '10 10 10 20\n7467038376 5724769290 292794712 2843504496 3381970101 8402252870 249131806 6310293640 6690322794 5112756826\n1873977926 2576529623 606195516 1379118507 6003234687 4925540914 3902539811 3326692703 484657758 2877436338\n4975681328 8974383988 2882263257 4734915691 514305523 6679823484 4263279310 585966808 3752282379 620585736\n', '10 10 10 22\n7467038376 5724769290 480936 2843504496 3381970101 14107954240 249131806 11770255275 6690322794 6082257488\n1608452774 4407421270 1144842195 218280949 6003234687 4925540914 3902539811 3326692703 871804439 2877436338\n4975681328 8974383988 2882263257 4734915691 514305523 6679823484 3306606453 585966808 3752282379 620585736\n', '10 10 10 22\n7467038376 5724769290 480936 2843504496 3381970101 14107954240 249131806 14297961023 11861432929 6082257488\n1873977926 4407421270 1144842195 1379118507 7229165398 4925540914 3902539811 3326692703 484657758 2877436338\n4975681328 8974383988 2882263257 4734915691 514305523 6679823484 10721414745 585966808 3752282379 620585736\n', '10 10 10 20\n7467038376 5724769290 292794712 2843504496 3381970101 17963130194 249131806 11770255275 6690322794 6082257488\n1873977926 4407421270 1144842195 1113665868 6003234687 4925540914 3902539811 3326692703 484657758 2877436338\n4975681328 5274071675 2882263257 4734915691 514305523 6679823484 3306606453 524497769 3752282379 620585736\n', '10 10 10 22\n7467038376 5724769290 373114 2843504496 3381970101 14107954240 249131806 11770255275 6690322794 6082257488\n1608452774 4407421270 1144842195 218280949 6003234687 4925540914 3902539811 4511186310 871804439 2877436338\n4975681328 8974383988 2882263257 4734915691 514305523 4055342975 3306606453 585966808 3752282379 620585736\n', '10 10 10 22\n7467038376 5724769290 480936 2843504496 3381970101 14107954240 249131806 14297961023 11861432929 6082257488\n1873977926 4407421270 1144842195 1379118507 7229165398 4925540914 3902539811 3326692703 484657758 2877436338\n4975681328 8974383988 2882263257 4734915691 514305523 6679823484 3306606453 585966808 3752282379 620585736\n', '10 10 10 20\n7467038376 8842509644 562326672 5370842567 5736955717 8402252870 249131806 6310293640 6690322794 6082257488\n416200270 2576529623 1809940439 1379118507 2838960039 4925540914 3902539811 434667325 887748168 2267794863\n4975681328 8996899612 5622989397 6426500770 703691864 203998787 4263279310 1151536278 6354335584 160806375\n', '10 10 10 20\n7467038376 5724769290 292794712 2843504496 3381970101 17963130194 249131806 11770255275 6690322794 6082257488\n1873977926 1918754670 1144842195 1113665868 6003234687 4925540914 3902539811 3326692703 484657758 2877436338\n4975681328 5274071675 4028128047 4734915691 514305523 6679823484 3306606453 524497769 3752282379 620585736\n', '2 2 2 1\n4 6\n1 5\n3 8\n', '10 10 10 20\n7467038376 5724769290 292794712 2843504496 3381970101 14107954240 249131806 6310293640 6690322794 6082257488\n1873977926 2576529623 1144842195 1379118507 2045525737 4925540914 3902539811 3326692703 563433980 2877436338\n4975681328 8974383988 2882263257 6801655704 514305523 6679823484 3306606453 585966808 3752282379 620585736\n', '10 10 10 20\n7467038376 8842509644 562326672 2843504496 3381970101 8402252870 249131806 6310293640 6690322794 6082257488\n416200270 2576529623 1809940439 1379118507 2838960039 4925540914 3902539811 434667325 887748168 2267794863\n4975681328 8974383988 2882263257 6426500770 514305523 203998787 4263279310 1151536278 6354335584 160806375\n', '10 10 10 22\n7467038376 5724769290 480936 2843504496 3381970101 14107954240 249131806 14297961023 11861432929 6082257488\n1873977926 4407421270 1144842195 1379118507 7229165398 4925540914 3902539811 3326692703 484657758 2877436338\n4975681328 8974383988 2882263257 4734915691 514305523 6679823484 5231244603 585966808 3752282379 620585736\n'], 'outputs': ['32833907199\n32096879946\n31721990121\n31604997979\n30778442605\n29671256582\n28934229329\n28744906395\n28559339504\n28442347362\n28226786751\n28191031864\n28007879142\n27721905292\n27632989317\n27615791988\n27515997175\n27489759498\n27454004611\n27114869673\n27079114786\n26997877531\n26984878039\n26962122644\n26696801819\n26689441801\n26609988214\n26492996072\n26429102411\n26171322157\n26135567270\n26004759215\n25959774566\n25851035458\n25693343407\n25666440698\n25584884741\n25467892599\n25416275753\n25198483988\n25114008205\n25028381247\n', '32833907199\n32096879946\n31721990121\n31604997979\n29671256582\n28934229329\n28744906395\n28559339504\n28442347362\n28226786751\n28191031864\n28007879142\n27857411649\n27721905292\n27632989317\n27515997175\n27489759498\n27454004611\n27114869673\n27079114786\n26997877531\n26984878039\n', '22742434546\n22302177772\n21719433443\n21366963278\n21279176669\n21143586335\n20703329561\n20655853671\n20590247696\n20447874042\n20393423255\n20343962175\n20215596897\n20210218542\n20194551328\n20122386142\n20084688495\n20007617268\n19982182390\n19953166481\n', '30501510409\n30422418930\n30311503626\n29165706593\n29086615114\n28975699810\n28197885925\n28118794446\n28007879142\n27727975247\n27679766281\n27648883768\n27600674802\n27537968464\n27489759498\n26549632113\n26502807749\n26470540634\n26423716270\n26392171431\n26359625330\n26313079952\n', '28007879142\n26984878039\n26409030931\n25959774566\n25835150858\n25713318638\n25658867851\n25127863965\n24812149755\n24690317535\n24461456735\n24236302647\n24227180423\n24114470427\n24009176482\n23787046282\n23665214062\n23566995986\n23486139567\n23454182619\n', '23379871545\n22444657051\n22302177772\n22095691512\n21667941469\n21366963278\n21287912315\n21279176669\n21244426254\n21160477018\n21059876163\n21017997739\n20703329561\n20702387965\n20590247696\n20383761436\n20343962175\n20254073196\n20210218542\n20166732481\n', '30501510409\n30311503626\n29830396035\n29640389252\n28206949905\n28197885925\n28016943122\n28007879142\n27679766281\n27535835531\n27489759498\n27345828748\n26599037714\n26502807749\n26409030931\n26312800966\n26262042112\n26149781349\n26072035329\n25959774566\n25903325421\n25831693375\n', '35768255861\n34690562088\n34362504052\n34064113705\n33823348068\n33284810279\n33116560424\n33091713877\n32986419932\n32840714756\n32745654295\n32642457512\n32517594942\n32395038830\n32038866651\n31763020983\n31685962068\n31683775844\n31638999100\n31387571721\n', '22742434546\n22302177772\n21719433443\n21366963278\n21279176669\n20655853671\n20590247696\n20447874042\n20393423255\n20343962175\n20215596897\n20210218542\n20194551328\n20122386142\n20084688495\n20007617268\n19982182390\n19953166481\n19754294554\n19690871558\n', '32096879946\n31721990121\n29759180981\n29384291156\n28934229329\n28559339504\n28363173820\n28098177286\n28007879142\n27857411649\n27632989317\n27489759498\n27114869673\n26984878039\n26609988214\n26596530364\n26429102411\n26221640539\n26025474855\n26004759215\n25959774566\n25760478321\n', '28080905841\n27145691347\n26368975765\n25988946611\n25786345337\n25760910459\n25533022623\n25403422261\n24851130843\n24597808129\n24082203181\n24074415261\n23821092547\n23694386107\n23466349955\n23441063393\n23369801163\n23213027241\n23146988687\n23108861757\n', '30311503626\n28016943122\n28007879142\n27973804661\n27489759498\n26984878039\n26409030931\n26312800966\n26072035329\n25959774566\n25713318638\n25679244157\n25670180177\n25195198994\n25152060533\n25089402017\n24956316154\n24690317535\n24647179074\n24643726091\n24461456735\n24227180423\n', '30501510409\n30422418930\n29165706593\n29086615114\n27679766281\n27600674802\n27154537233\n27075445754\n26549632113\n26470540634\n26262042112\n26182950633\n26149781349\n26070689870\n25854770425\n25818733417\n25775678946\n25739641938\n25213828297\n25134736818\n25134538488\n25055447009\n', '30501510409\n29165706593\n27679766281\n27154537233\n26549632113\n26262042112\n26149781349\n25854770425\n25818733417\n25213828297\n25134538488\n24926238296\n24651463518\n24409389678\n24332793105\n23930962355\n23801699034\n23757002769\n23739613186\n23727887985\n23670587762\n23440297984\n23319756916\n23073585862\n22802808173\n22507797249\n22465895218\n22335305071\n22334783946\n', '32833907199\n32096879946\n31721990121\n31604997979\n29671256582\n28934229329\n28744906395\n28559339504\n28442347362\n28226786751\n28191031864\n28007879142\n27857411649\n27721905292\n27632989317\n27515997175\n27489759498\n27454004611\n27114869673\n27079114786\n26997877531\n26984878039\n26962122644\n26696801819\n26609988214\n26492996072\n26429102411\n26004759215\n25959774566\n25851035458\n25693343407\n25584884741\n25467892599\n25416275753\n25198483988\n25114008205\n25028381247\n24956316154\n24739118380\n24694761032\n24679248500\n24622126238\n', '29085572915\n28007879142\n27489759498\n26984878039\n26791012411\n26747873950\n26409030931\n25959774566\n25713318638\n25670180177\n25195198994\n25152060533\n25086870255\n24846104618\n24690791002\n24690317535\n24647179074\n24461456735\n24453313446\n24227180423\n24114470427\n24071331966\n', '22764950170\n22324693396\n22142078604\n21741949067\n21389478902\n21301692293\n21119077501\n20678369295\n20612763320\n20415938879\n20366477799\n20238112521\n20232734166\n20194551328\n20122386142\n20107204119\n20055497729\n20004698014\n19975682105\n19793067313\n', '37091654290\n36013960517\n35768255861\n34690562088\n34415112306\n34362504052\n33965855941\n33840993371\n33823348068\n33284810279\n33116560424\n33091713877\n33007174273\n32962397529\n32840714756\n32745654295\n32642457512\n32517594942\n32395038830\n32348373881\n', '23379871545\n22444657051\n22302177772\n22095691512\n21667941469\n21366963278\n21287912315\n21279176669\n21160477018\n21085311041\n21059876163\n21017997739\n20703329561\n20702387965\n20590247696\n20383761436\n20343962175\n20254073196\n20210218542\n20150096547\n', '30501510409\n30422418930\n30311503626\n29165706593\n29086615114\n28975699810\n28206949905\n28197885925\n28127858426\n28118794446\n28016943122\n28007879142\n27679766281\n27600674802\n27489759498\n26871146089\n26792054610\n26681139306\n26549632113\n26502807749\n26470540634\n26423716270\n', '22742434546\n22302177772\n21719433443\n21366963278\n21279176669\n20655853671\n20590247696\n20393423255\n20343962175\n20215596897\n20210218542\n20194551328\n20122386142\n20084688495\n19982182390\n19953166481\n19754294554\n19690871558\n19682129368\n19644431721\n', '26791012411\n25713318638\n25385260602\n25195198994\n25086870255\n24846104618\n24690317535\n24453313446\n24307566829\n24114470427\n24009176482\n23863471306\n23789447185\n23768410845\n23665214062\n23491056838\n23417795380\n23375619673\n23284565726\n23250291201\n', '26473670145\n25395976372\n24453313446\n24372975269\n23797128161\n23375619673\n23046965081\n22749171290\n22508405653\n22352618570\n22344413384\n22170453246\n22169606043\n21849553965\n21776771462\n21671477517\n21615277653\n21525772341\n21430711880\n21092759473\n', '29085572915\n28007879142\n26984878039\n26791012411\n26409030931\n25959774566\n25713318638\n25658867851\n25086870255\n24956316154\n24846104618\n24690317535\n24461456735\n24227180423\n24114470427\n24009176482\n23863471306\n23768410845\n23665214062\n23566995986\n', '30501510409\n30422418930\n30311503626\n29165706593\n29086615114\n28975699810\n27679766281\n27600674802\n27489759498\n27154537233\n27075445754\n26964530450\n26549632113\n26470540634\n26359625330\n26262042112\n26182950633\n26149781349\n26072035329\n26070689870\n25959774566\n25854770425\n', '30501510409\n30422418930\n30311503626\n28206949905\n28197885925\n28127858426\n28118794446\n28016943122\n28007879142\n27679766281\n27600674802\n27489759498\n27174884822\n27095793343\n26984878039\n26599037714\n26549632113\n26519946235\n26502807749\n26470540634\n26423716270\n26409030931\n', '29085572915\n28007879142\n27489759498\n27241514729\n26984878039\n26791012411\n26747873950\n25959774566\n25713318638\n25670180177\n25195198994\n25152060533\n25086870255\n24956316154\n24946954225\n24903815764\n24846104618\n24690317535\n24647179074\n24461456735\n24453313446\n24227180423\n', '32735970313\n31658276540\n31140156896\n30891912127\n30635275437\n30441409809\n29610171964\n29363716036\n28845596392\n28737267653\n28606713552\n28597351623\n28496502016\n28340714933\n28111854133\n27877577821\n27659573880\n27513868704\n27418808243\n27315611460\n27260756417\n27141454236\n', '30501510409\n29165706593\n27679766281\n26549632113\n26262042112\n26149781349\n25854770425\n25213828297\n25206747644\n25134538488\n24926238296\n24409389678\n23930962355\n23870943828\n23801699034\n23757002769\n23739613186\n23727887985\n23670587762\n23660937365\n23440297984\n23319756916\n23073585862\n22465895218\n22385003516\n22335305071\n22334783946\n22197903053\n22113093229\n', '38264036322\n38074029539\n35827508228\n34731092553\n34541085770\n33502617640\n33312610857\n32984061796\n32959740807\n32794055013\n32769734024\n32454859348\n32294564459\n32264852565\n31879012240\n31689005457\n31433113675\n31399449093\n31209442310\n31066089546\n30689501292\n30547533702\n', '22444657051\n21667941469\n21366963278\n21287912315\n21160477018\n21059876163\n20702387965\n20590247696\n20383761436\n20343962175\n20210218542\n20150096547\n20082783245\n20003732282\n19982182390\n19775696130\n19768115067\n19624694192\n19567246593\n19418207932\n', '29085572915\n28007879142\n27489759498\n26984878039\n26791012411\n26409030931\n25959774566\n25713318638\n25195198994\n25086870255\n24956316154\n24846104618\n24690317535\n24461456735\n24227180423\n24114470427\n24009176482\n23954142667\n23863471306\n23768410845\n23665214062\n23491056838\n', '29085572915\n28007879142\n27593524538\n27489759498\n26984878039\n26791012411\n26747873950\n25959774566\n25713318638\n25670180177\n25298964034\n25255825573\n25195198994\n25152060533\n25086870255\n24846104618\n24690791002\n24690317535\n24647179074\n24453313446\n24227180423\n24009176482\n', '28521162615\n28080905841\n27145691347\n26368975765\n26226602111\n25988946611\n25973279397\n25786345337\n25760910459\n25533022623\n24851130843\n24597808129\n24522459955\n24082203181\n24074415261\n23821092547\n23810057937\n23694386107\n23466349955\n23441063393\n', '30501510409\n30422418930\n30311503626\n29165706593\n29086615114\n28975699810\n28206949905\n28197885925\n28127858426\n28118794446\n28016943122\n28007879142\n27679766281\n27600674802\n27489759498\n27174884822\n27095793343\n26984878039\n26871146089\n26792054610\n26681139306\n26549632113\n', '30501510409\n30422418930\n30311503626\n28206949905\n28197885925\n28127858426\n28118794446\n28016943122\n28007879142\n27679766281\n27600674802\n27489759498\n27174884822\n27095793343\n26984878039\n26599037714\n26519946235\n26502807749\n26423716270\n26409030931\n26312800966\n26262042112\n', '38264036322\n38074029539\n35827508228\n34731092553\n34541085770\n33477860451\n33287853668\n32984061796\n32959740807\n32794055013\n32769734024\n32454859348\n32294564459\n32264852565\n31879012240\n31689005457\n31433113675\n31399449093\n31209442310\n31041332357\n30689501292\n30547533702\n', '29085572915\n28317183567\n28007879142\n27489759498\n27241514729\n26984878039\n26791012411\n26747873950\n26022623063\n25979484602\n25713318638\n25670180177\n25195198994\n25152060533\n25086870255\n24956316154\n24946954225\n24903815764\n24846104618\n24690317535\n24647179074\n24461456735\n', '29085572915\n28007879142\n26984878039\n26791012411\n26747873950\n26409030931\n25959774566\n25713318638\n25670180177\n25658867851\n25086870255\n24956316154\n24846104618\n24690317535\n24647179074\n24461456735\n24453313446\n24227180423\n24114470427\n24071331966\n', '28521162615\n28080905841\n27145691347\n26368975765\n26226602111\n25988946611\n25973279397\n25901114211\n25786345337\n25760910459\n25533022623\n25460857437\n24851130843\n24597808129\n24525642943\n24522459955\n24082203181\n24074415261\n23821092547\n23810057937\n', '32096879946\n31721990121\n29759180981\n29384291156\n28363173820\n28098177286\n28007879142\n27857411649\n27632989317\n27489759498\n27114869673\n26984878039\n26609988214\n26429102411\n26409030931\n26034141106\n26025474855\n26004759215\n25959774566\n25760478321\n25670180177\n25584884741\n', '29085572915\n28007879142\n27489759498\n26984878039\n26791012411\n26747873950\n26409030931\n25959774566\n25713318638\n25670180177\n25195198994\n25152060533\n25086870255\n24956316154\n24846104618\n24690317535\n24647179074\n24461456735\n24453313446\n24227180423\n', '23379871545\n22444657051\n22302177772\n22095691512\n21667941469\n21366963278\n21287912315\n21279176669\n21160477018\n21059876163\n21017997739\n20703329561\n20702387965\n20590247696\n20383761436\n20376417065\n20343962175\n20254073196\n20210218542\n20082783245\n', '30501510409\n30311503626\n28206949905\n28197885925\n28064982315\n28016943122\n28007879142\n27174884822\n26984878039\n26599037714\n26502807749\n26409030931\n26312800966\n26262042112\n26149781349\n26072035329\n25959774566\n25903325421\n25770421811\n25761357831\n25713318638\n25279408800\n', '25587631945\n24509938172\n23486937069\n23379871545\n23293071441\n22911089961\n22461833596\n22444657051\n22302177772\n22215377668\n22160926881\n21667941469\n21588929285\n21458375184\n21366963278\n21348163648\n21287912315\n21279176669\n21192376565\n21085311041\n', '37091654290\n36013960517\n35768255861\n34800211133\n34690562088\n34362504052\n33965855941\n33840993371\n33823348068\n33476812704\n33284810279\n33116560424\n33007174273\n32962397529\n32840714756\n32745654295\n32642457512\n32517594942\n32395038830\n32348373881\n', '30501510409\n30422418930\n30311503626\n29165706593\n29086615114\n28975699810\n28197885925\n28118794446\n28007879142\n27679766281\n27600674802\n27489759498\n26549632113\n26502807749\n26470540634\n26423716270\n26359625330\n26312800966\n26262042112\n26182950633\n26149781349\n26072035329\n', '23379871545\n22444657051\n22302177772\n21667941469\n21366963278\n21287912315\n21279176669\n21085311041\n21059876163\n20703329561\n20702387965\n20590247696\n20343962175\n20254073196\n20210218542\n20150096547\n20007617268\n19982182390\n19953166481\n19768115067\n', '23379871545\n22444657051\n22302177772\n22095691512\n21667941469\n21366963278\n21287912315\n21279176669\n21160477018\n21059876163\n21017997739\n20703329561\n20702387965\n20590247696\n20383761436\n20343962175\n20254073196\n20210218542\n20082783245\n20003732282\n', '32096879946\n31721990121\n29759180981\n29384291156\n28098177286\n28007879142\n27857411649\n27632989317\n27489759498\n27114869673\n26984878039\n26874778337\n26609988214\n26429102411\n26409030931\n26034141106\n26004759215\n25959774566\n25760478321\n25670180177\n25584884741\n25519712684\n', '30501510409\n29165706593\n27679766281\n27154537233\n26549632113\n26262042112\n26149781349\n25854770425\n25818733417\n25213828297\n25134538488\n24926238296\n24651463518\n24409389678\n24332793105\n23930962355\n23801699034\n23757002769\n23739613186\n23727887985\n23670587762\n23440297984\n', '30501510409\n30311503626\n29375389856\n29185383073\n28206949905\n28197885925\n28064982315\n28016943122\n28007879142\n27679766281\n27635827233\n27489759498\n27174884822\n27071765372\n26984878039\n26938861762\n26881758589\n26599037714\n26553645728\n26509706680\n26502807749\n26409030931\n', '23379871545\n22444657051\n22302177772\n21667941469\n21366963278\n21287912315\n21279176669\n21085311041\n21059876163\n20703329561\n20702387965\n20590247696\n20462326441\n20343962175\n20254073196\n20210218542\n20150096547\n20007617268\n19982182390\n19953166481\n', '28007879142\n26984878039\n26409030931\n25959774566\n25835150858\n25713318638\n25658867851\n25127863965\n24956316154\n24812149755\n24690317535\n24461456735\n24236302647\n24227180423\n24114470427\n24009176482\n23787046282\n23665214062\n23566995986\n23486139567\n', '33508456795\n33502617640\n33318450012\n33312610857\n32959740807\n32769734024\n32454859348\n32264852565\n31879012240\n31689005457\n31399449093\n31209442310\n31071928701\n31066089546\n30523212713\n30426297463\n30236290680\n30018331254\n29975513026\n29969673871\n29931438044\n29785506243\n', '30311503626\n29936613801\n28007879142\n27973804661\n27632989317\n27598914836\n27489759498\n27114869673\n26984878039\n26609988214\n26409030931\n26312800966\n26072035329\n26034141106\n25959774566\n25670180177\n25584884741\n25295290352\n25152060533\n25089402017\n24956316154\n24777170708\n', '30311503626\n28016943122\n28007879142\n27973804661\n27489759498\n26984878039\n26409030931\n26312800966\n26072035329\n25959774566\n25713318638\n25679244157\n25670180177\n25195198994\n25152060533\n25089402017\n24956316154\n24690317535\n24647179074\n24643726091\n24227180423\n24219382895\n', '34731092553\n34541085770\n33190288997\n33000282214\n32984061796\n32794055013\n32294564459\n30753760903\n30689501292\n30547533702\n30499494509\n29944916682\n29754909899\n29426797038\n29236790255\n28921915579\n28731908796\n28404113126\n28346068471\n28252973198\n28214106343\n28197885925\n', '23379871545\n22514420981\n22444657051\n22302177772\n21667941469\n21436727208\n21366963278\n21279176669\n21085311041\n21059876163\n20703329561\n20702387965\n20590247696\n20413726105\n20343962175\n20254073196\n20219860477\n20150096547\n20007617268\n19982182390\n', '30501510409\n29165706593\n27679766281\n26549632113\n26262042112\n26149781349\n25854770425\n25213828297\n25206747644\n25134538488\n24926238296\n24651463518\n24409389678\n23930962355\n23870943828\n23801699034\n23757002769\n23739613186\n23727887985\n23670587762\n23440297984\n23319756916\n23073585862\n22465895218\n22385003516\n22335305071\n22334783946\n22197903053\n22113093229\n', '32096879946\n31721990121\n28934229329\n28559339504\n28363173820\n28098177286\n28007879142\n27857411649\n27632989317\n27489759498\n27454004611\n27114869673\n27079114786\n26984878039\n26609988214\n26429102411\n26004759215\n25959774566\n25584884741\n25455964082\n25200523203\n25114008205\n', '30501510409\n30422418930\n30311503626\n28206949905\n28197885925\n28127858426\n28118794446\n28016943122\n28007879142\n27679766281\n27600674802\n27489759498\n27174884822\n27095793343\n26984878039\n26502807749\n26423716270\n26312800966\n26262042112\n26182950633\n26149781349\n26072035329\n', '35768255861\n34690562088\n34362504052\n34064113705\n33823348068\n33667560985\n33284810279\n33116560424\n33091713877\n32986419932\n32840714756\n32745654295\n32642457512\n32395038830\n32261809176\n32038866651\n31963418829\n31763020983\n31722653192\n31685962068\n', '29085572915\n28007879142\n27489759498\n26984878039\n26791012411\n26747873950\n26185816349\n25959774566\n25713318638\n25670180177\n25195198994\n25152060533\n25086870255\n24846104618\n24690791002\n24690317535\n24647179074\n24453313446\n24227180423\n24009176482\n23954142667\n23891255845\n', '32248541166\n32058534383\n30707737610\n30517730827\n30501510409\n30311503626\n29944916682\n29812013072\n29754909899\n29426797038\n29236790255\n28921915579\n28731908796\n28404113126\n28346068471\n28271209516\n28214106343\n28206949905\n28197885925\n28156061688\n28064982315\n28016943122\n', '32833907199\n32096879946\n31721990121\n29671256582\n28934229329\n28744906395\n28559339504\n28226786751\n28191031864\n28098177286\n28007879142\n27857411649\n27721905292\n27632989317\n27489759498\n27454004611\n27114869673\n27079114786\n26984878039\n26696801819\n26609988214\n26429102411\n', '23379871545\n22444657051\n22302177772\n21667941469\n21366963278\n21279176669\n21085311041\n21059876163\n20703329561\n20702387965\n20590247696\n20343962175\n20254073196\n20150096547\n20007617268\n19982182390\n19953166481\n19768115067\n19624694192\n19567246593\n', '22764950170\n22324693396\n21741949067\n21389478902\n21301692293\n20678369295\n20612763320\n20415938879\n20366477799\n20238112521\n20232734166\n20194551328\n20122386142\n20107204119\n20004698014\n19975682105\n19754294554\n19682129368\n19666947345\n19649349695\n', '30646188365\n29568494592\n29240436556\n29050374948\n28942046209\n28701280572\n28545493489\n28162742783\n27994492928\n27969646381\n27864352436\n27718647260\n27644623139\n27623586799\n27520390016\n27346232792\n27272971334\n27139741680\n27105467155\n26916799155\n', '23379871545\n22444657051\n22302177772\n21667941469\n21366963278\n21287912315\n21279176669\n21085311041\n21059876163\n20831988327\n20703329561\n20702387965\n20590247696\n20343962175\n20210218542\n20150096547\n20007617268\n19982182390\n19953166481\n19896773833\n', '23379871545\n22444657051\n22302177772\n21667941469\n21366963278\n21287912315\n21279176669\n21085311041\n21059876163\n20831988327\n20703329561\n20702387965\n20590247696\n20343962175\n20254073196\n20210218542\n20150096547\n20007617268\n19982182390\n19953166481\n', '30501510409\n30311503626\n28206949905\n28197885925\n28016943122\n28007879142\n27679766281\n27489759498\n27174884822\n26984878039\n26599037714\n26502807749\n26409030931\n26312800966\n26262042112\n26149781349\n26072035329\n25959774566\n25903325421\n25713318638\n25385205777\n25279408800\n', '31541078459\n30605863965\n30463384686\n29829148383\n29528170192\n29449119229\n29440383583\n29221083077\n28864536475\n28863594879\n28751454610\n28505169089\n28415280110\n28371425456\n28143389304\n28114373395\n27929321981\n27785901106\n27728453507\n27480065616\n', '23379871545\n22444657051\n22302177772\n21761491384\n21667941469\n21366963278\n21279176669\n21085311041\n20703329561\n20702387965\n20683797611\n20590247696\n20343962175\n20254073196\n20150096547\n20007617268\n19953166481\n19768115067\n19660796508\n19624694192\n', '29085572915\n28007879142\n27489759498\n26984878039\n26791012411\n26747873950\n26409030931\n25959774566\n25713318638\n25670180177\n25195198994\n25152060533\n25086870255\n24956316154\n24846104618\n24690317535\n24647179074\n24461456735\n24453313446\n24227180423\n24114470427\n24071331966\n', '30501510409\n30311503626\n29375389856\n29185383073\n28206949905\n28197885925\n28064982315\n28016943122\n28007879142\n27679766281\n27489759498\n27174884822\n27071765372\n26984878039\n26938861762\n26881758589\n26599037714\n26553645728\n26502807749\n26409030931\n26363638945\n26312800966\n', '401\n311\n310\n302\n301\n', '23379871545\n22444657051\n22302177772\n21366963278\n21287912315\n21279176669\n21085311041\n21059876163\n20703329561\n20702387965\n20343962175\n20254073196\n20210218542\n20150096547\n20007617268\n19982182390\n19953166481\n19768115067\n19624694192\n19525088359\n', '19\n17\n15\n14\n13\n12\n', '22302177772\n21366963278\n21279176669\n20703329561\n20590247696\n20343962175\n20254073196\n20210218542\n20007617268\n19982182390\n19953166481\n19768115067\n19754294554\n19624694192\n19567246593\n19318858702\n19250614784\n19187217439\n19072402774\n19017951987\n', '30501510409\n30422418930\n30311503626\n29165706593\n29086615114\n28975699810\n27679766281\n27600674802\n27489759498\n26549632113\n26502807749\n26470540634\n26423716270\n26359625330\n26312800966\n26262042112\n26182950633\n26149781349\n26072035329\n26070689870\n25959774566\n25854770425\n', '29085572915\n28007879142\n27489759498\n26984878039\n26791012411\n26747873950\n26409030931\n25959774566\n25713318638\n25670180177\n25195198994\n25152060533\n25086870255\n24956316154\n24846104618\n24690317535\n', '29085572915\n28007879142\n27489759498\n27241514729\n26984878039\n26791012411\n26747873950\n25959774566\n25713318638\n25670180177\n25195198994\n25176344776\n25152060533\n25086870255\n24956316154\n24946954225\n24903815764\n24846104618\n24690317535\n24647179074\n24461456735\n24453313446\n', '28811369110\n27733675337\n26791012411\n26710674234\n26473670145\n26134827126\n25713318638\n25685570761\n25395976372\n25384664046\n25086870255\n24846104618\n24690317535\n24682112349\n24453313446\n24372975269\n24287688075\n24187252930\n24114470427\n24009176482\n', '26473670145\n25395976372\n24453313446\n24372975269\n23797128161\n23375619673\n23347871796\n23046965081\n22749171290\n22508405653\n22352618570\n22344413384\n22170453246\n21849553965\n21776771462\n21671477517\n21615277653\n21525772341\n21430711880\n21327515097\n', '40566151074\n38271590570\n38262526590\n37744406946\n37239525487\n36663678379\n36567448414\n36326682777\n36214422014\n35967966086\n35449846442\n35344049465\n35210963602\n34944964983\n34898373539\n34716104183\n34709447781\n34474030343\n34369117875\n34263823930\n34023058293\n33919861510\n', '29085572915\n28007879142\n26984878039\n26912844631\n26791012411\n26409030931\n25959774566\n25835150858\n25713318638\n25658867851\n25086870255\n24956316154\n24812149755\n24690317535\n24461456735\n24236302647\n24227180423\n24114470427\n24009176482\n23863471306\n', '28811369110\n27733675337\n26791012411\n26710674234\n26473670145\n26134827126\n25713318638\n25685570761\n25395976372\n25384664046\n25086870255\n24846104618\n24690317535\n24682112349\n24453313446\n24372975269\n24187252930\n24114470427\n24009176482\n23952976618\n', '23379871545\n22444657051\n22302177772\n21667941469\n21366963278\n21287912315\n21279176669\n21085311041\n20703329561\n20702387965\n20590247696\n20343962175\n20254073196\n20210218542\n20150096547\n20090375501\n20007617268\n19953166481\n19768115067\n19624694192\n', '29085572915\n28007879142\n27489759498\n26984878039\n26791012411\n26747873950\n26409030931\n25959774566\n25713318638\n25670180177\n25195198994\n25152060533\n25086870255\n24846104618\n24690791002\n24690317535\n24647179074\n24453313446\n24227180423\n24114470427\n24071331966\n24009176482\n', '32248541166\n32058534383\n30501510409\n30311503626\n29944916682\n29812013072\n29754909899\n29426797038\n29236790255\n28921915579\n28731908796\n28346068471\n28206949905\n28197885925\n28156061688\n28064982315\n28016943122\n28007879142\n27896812106\n27706805323\n27679766281\n27508388588\n', '30646188365\n29568494592\n29240436556\n29050374948\n28942046209\n28701280572\n28545493489\n28162742783\n27969646381\n27864352436\n27718647260\n27644623139\n27623586799\n27520390016\n27346232792\n27272971334\n27139741680\n27105467155\n26848628138\n26841351333\n', '29085572915\n28007879142\n27593524538\n27489759498\n26984878039\n26747873950\n25959774566\n25670180177\n25255825573\n25152060533\n25086870255\n24846104618\n24690791002\n24647179074\n24227180423\n24166531902\n24009176482\n23954142667\n23863471306\n23768410845\n23622075601\n23594821878\n', '30501510409\n30311503626\n28206949905\n28197885925\n28064982315\n28016943122\n28007879142\n27679766281\n27489759498\n27174884822\n26984878039\n26599037714\n26502807749\n26409030931\n26312800966\n26262042112\n26149781349\n26072035329\n25959774566\n25903325421\n25770421811\n25761357831\n', '22764950170\n22324693396\n21741949067\n21389478902\n21301692293\n20678369295\n20612763320\n20415938879\n20366477799\n20238112521\n20232734166\n20194551328\n20122386142\n20107204119\n20004698014\n19975682105\n19754294554\n19682129368\n19666947345\n19659396243\n', '30646188365\n29568494592\n29240436556\n28942046209\n28701280572\n28545493489\n28162742783\n27994492928\n27969646381\n27864352436\n27718647260\n27623586799\n27520390016\n27272971334\n27139741680\n26916799155\n26841351333\n26640953487\n26600585696\n26563894572\n', '19\n', '28007879142\n26984878039\n26409030931\n25959774566\n25835150858\n25713318638\n25658867851\n25127863965\n24956316154\n24812149755\n24690317535\n24461456735\n24236302647\n24227180423\n24114470427\n24009176482\n23787046282\n23665214062\n23645772208\n23486139567\n', '22742434546\n22302177772\n21719433443\n21366963278\n21279176669\n20655853671\n20590247696\n20393423255\n20343962175\n20215596897\n20210218542\n20194551328\n20122386142\n20084688495\n19982182390\n19953166481\n19754294554\n19682129368\n19644431721\n19626834071\n', '30501510409\n30311503626\n28206949905\n28197885925\n28064982315\n28016943122\n28007879142\n27679766281\n27489759498\n27174884822\n26984878039\n26758371024\n26599037714\n26568364241\n26502807749\n26409030931\n26312800966\n26262042112\n26149781349\n26072035329\n25959774566\n25903325421\n']}",1,33.12,1,31.42,1.0,65.14,1.0,53.32,"x, y, z, k = list(map(int, input().split()))
a = list(map(int, input().split()))
b = list(map(int, input().split()))
c = list(map(int, input().split()))
a.sort(reverse=True)
b.sort(reverse=True)
c.sort(reverse=True)
abc = []
for i, _a in enumerate(a):
    for j, _b in enumerate(b):
        if (i + 1) * (j + 1) > k:
            break
        for l, _c in enumerate(c):
            if (i + 1) * (j + 1) * (l + 1) > k:
                break
            abc.append(_a + _b + _c)
abc.sort(reverse=True)
for x in abc[:k]:
    print(x)","var1, var2, var3, var4 = list(map(int, input().split()))
var5 = list(map(int, input().split()))
var6 = list(map(int, input().split()))
var7 = list(map(int, input().split()))
var5.sort(reverse=True)
var6.sort(reverse=True)
var7.sort(reverse=True)
var8 = []
for var9, var10 in enumerate(var5):
    for var11, var12 in enumerate(var6):
        if (var9 + 1) * (var11 + 1) > var4:
            break
        for var13, var14 in enumerate(var7):
            if (var9 + 1) * (var11 + 1) * (var13 + 1) > var4:
                break
            var8.append(var10 + var12 + var14)
var8.sort(reverse=True)
for var1 in var8[:var4]:
    print(var1)","import heapq
x, y, z, k = list(map(int, input().split()))
a = list(map(int, input().split()))
b = list(map(int, input().split()))
c = list(map(int, input().split()))
la, lb, lc = len(a), len(b), len(c)
a.sort(reverse=True)
b.sort(reverse=True)
c.sort(reverse=True)
fix = set()
q = [(-(a[0] + b[0] + c[0]), 0, 0, 0)]
for _ in range(k):
    abc, i, j, l = heapq.heappop(q)
    print(-abc)
    if i + 1 < la and (i + 1, j, l) not in fix:
        heapq.heappush(q, (-(a[i + 1] + b[j] + c[l]), i + 1, j, l))
        fix.add((i + 1, j, l))
    if j + 1 < lb and (i, j + 1, l) not in fix:
        heapq.heappush(q, (-(a[i] + b[j + 1] + c[l]), i, j + 1, l))
        fix.add((i, j + 1, l))
    if l + 1 < lc and (i, j, l + 1) not in fix:
        heapq.heappush(q, (-(a[i] + b[j] + c[l + 1]), i, j, l + 1))
        fix.add((i, j, l + 1))","'x', 0, 'computedFrom', ['list', 'map', 'int', 'input', 'split'], [8, 10, 12, 14, 18]
'y', 2, 'computedFrom', ['list', 'map', 'int', 'input', 'split'], [8, 10, 12, 14, 18]
'z', 4, 'computedFrom', ['list', 'map', 'int', 'input', 'split'], [8, 10, 12, 14, 18]
'k', 6, 'computedFrom', ['list', 'map', 'int', 'input', 'split'], [8, 10, 12, 14, 18]
'list', 8, 'comesFrom', [], []
'map', 10, 'comesFrom', [], []
'int', 12, 'comesFrom', [], []
'input', 14, 'comesFrom', [], []
'split', 18, 'comesFrom', [], []
'a', 23, 'computedFrom', ['list', 'map', 'int', 'input', 'split'], [25, 27, 29, 31, 35]
'list', 25, 'comesFrom', ['list'], [8]
'map', 27, 'comesFrom', ['map'], [10]
'int', 29, 'comesFrom', ['int'], [12]
'input', 31, 'comesFrom', ['input'], [14]
'split', 35, 'comesFrom', ['split'], [18]
'b', 40, 'computedFrom', ['list', 'map', 'int', 'input', 'split'], [42, 44, 46, 48, 52]
'list', 42, 'comesFrom', ['list'], [8]
'map', 44, 'comesFrom', ['map'], [10]
'int', 46, 'comesFrom', ['int'], [12]
'input', 48, 'comesFrom', ['input'], [14]
'split', 52, 'comesFrom', ['split'], [18]
'c', 57, 'computedFrom', ['list', 'map', 'int', 'input', 'split'], [59, 61, 63, 65, 69]
'list', 59, 'comesFrom', ['list'], [8]
'map', 61, 'comesFrom', ['map'], [10]
'int', 63, 'comesFrom', ['int'], [12]
'input', 65, 'comesFrom', ['input'], [14]
'split', 69, 'comesFrom', ['split'], [18]
'a', 74, 'comesFrom', ['a'], [23]
'sort', 76, 'comesFrom', [], []
'reverse', 78, 'comesFrom', [], []
'b', 82, 'comesFrom', ['b'], [40]
'sort', 84, 'comesFrom', ['sort'], [76]
'reverse', 86, 'comesFrom', ['reverse'], [78]
'c', 90, 'comesFrom', ['c'], [57]
'sort', 92, 'comesFrom', ['sort'], [76]
'reverse', 94, 'comesFrom', ['reverse'], [78]
'abc', 98, 'computedFrom', [], []
'i', 103, 'computedFrom', ['enumerate'], [107]
'_a', 105, 'computedFrom', ['a'], [109]
'enumerate', 107, 'comesFrom', ['enumerate'], [107]
'a', 109, 'comesFrom', ['a'], [23]
'j', 113, 'computedFrom', ['enumerate'], [117]
'_b', 115, 'computedFrom', ['b'], [119]
'enumerate', 117, 'comesFrom', ['enumerate'], [107]
'b', 119, 'comesFrom', ['b'], [40]
'i', 124, 'comesFrom', ['i'], [103]
'j', 130, 'comesFrom', ['j'], [113]
'k', 135, 'comesFrom', ['k'], [6]
'l', 139, 'computedFrom', ['enumerate'], [143]
'_c', 141, 'computedFrom', ['c'], [145]
'enumerate', 143, 'comesFrom', ['enumerate'], [107]
'c', 145, 'comesFrom', ['c'], [57]
'i', 150, 'comesFrom', ['i'], [103]
'j', 156, 'comesFrom', ['j'], [113]
'l', 162, 'comesFrom', ['l'], [139]
'k', 167, 'comesFrom', ['k'], [6]
'abc', 170, 'comesFrom', ['abc'], [98]
'append', 172, 'comesFrom', ['append'], [172]
'_a', 174, 'comesFrom', ['_a'], [105]
'_b', 176, 'comesFrom', ['_b'], [115]
'_c', 178, 'comesFrom', ['_c'], [141]
'abc', 180, 'comesFrom', ['abc'], [98]
'sort', 182, 'comesFrom', ['sort'], [76]
'reverse', 184, 'comesFrom', ['reverse'], [78]
'x', 189, 'computedFrom', ['abc', 'k'], [191, 194]
'abc', 191, 'comesFrom', ['abc'], [98]
'k', 194, 'comesFrom', ['k'], [6]
'print', 197, 'comesFrom', ['print'], [197]
'x', 199, 'comesFrom', ['x'], [189]","'var1', 0, 'computedFrom', ['list', 'map', 'int', 'input', 'split'], [8, 10, 12, 14, 18]
'var2', 2, 'computedFrom', ['list', 'map', 'int', 'input', 'split'], [8, 10, 12, 14, 18]
'var3', 4, 'computedFrom', ['list', 'map', 'int', 'input', 'split'], [8, 10, 12, 14, 18]
'var4', 6, 'computedFrom', ['list', 'map', 'int', 'input', 'split'], [8, 10, 12, 14, 18]
'list', 8, 'comesFrom', [], []
'map', 10, 'comesFrom', [], []
'int', 12, 'comesFrom', [], []
'input', 14, 'comesFrom', [], []
'split', 18, 'comesFrom', [], []
'var5', 23, 'computedFrom', ['list', 'map', 'int', 'input', 'split'], [25, 27, 29, 31, 35]
'list', 25, 'comesFrom', ['list'], [8]
'map', 27, 'comesFrom', ['map'], [10]
'int', 29, 'comesFrom', ['int'], [12]
'input', 31, 'comesFrom', ['input'], [14]
'split', 35, 'comesFrom', ['split'], [18]
'var6', 40, 'computedFrom', ['list', 'map', 'int', 'input', 'split'], [42, 44, 46, 48, 52]
'list', 42, 'comesFrom', ['list'], [8]
'map', 44, 'comesFrom', ['map'], [10]
'int', 46, 'comesFrom', ['int'], [12]
'input', 48, 'comesFrom', ['input'], [14]
'split', 52, 'comesFrom', ['split'], [18]
'var7', 57, 'computedFrom', ['list', 'map', 'int', 'input', 'split'], [59, 61, 63, 65, 69]
'list', 59, 'comesFrom', ['list'], [8]
'map', 61, 'comesFrom', ['map'], [10]
'int', 63, 'comesFrom', ['int'], [12]
'input', 65, 'comesFrom', ['input'], [14]
'split', 69, 'comesFrom', ['split'], [18]
'var5', 74, 'comesFrom', ['var5'], [23]
'sort', 76, 'comesFrom', [], []
'reverse', 78, 'comesFrom', [], []
'var6', 82, 'comesFrom', ['var6'], [40]
'sort', 84, 'comesFrom', ['sort'], [76]
'reverse', 86, 'comesFrom', ['reverse'], [78]
'var7', 90, 'comesFrom', ['var7'], [57]
'sort', 92, 'comesFrom', ['sort'], [76]
'reverse', 94, 'comesFrom', ['reverse'], [78]
'var8', 98, 'computedFrom', [], []
'var9', 103, 'computedFrom', ['enumerate'], [107]
'var10', 105, 'computedFrom', ['var5'], [109]
'enumerate', 107, 'comesFrom', ['enumerate'], [107]
'var5', 109, 'comesFrom', ['var5'], [23]
'var11', 113, 'computedFrom', ['enumerate'], [117]
'var12', 115, 'computedFrom', ['var6'], [119]
'enumerate', 117, 'comesFrom', ['enumerate'], [107]
'var6', 119, 'comesFrom', ['var6'], [40]
'var9', 124, 'comesFrom', ['var9'], [103]
'var11', 130, 'comesFrom', ['var11'], [113]
'var4', 135, 'comesFrom', ['var4'], [6]
'var13', 139, 'computedFrom', ['enumerate'], [143]
'var14', 141, 'computedFrom', ['var7'], [145]
'enumerate', 143, 'comesFrom', ['enumerate'], [107]
'var7', 145, 'comesFrom', ['var7'], [57]
'var9', 150, 'comesFrom', ['var9'], [103]
'var11', 156, 'comesFrom', ['var11'], [113]
'var13', 162, 'comesFrom', ['var13'], [139]
'var4', 167, 'comesFrom', ['var4'], [6]
'var8', 170, 'comesFrom', ['var8'], [98]
'append', 172, 'comesFrom', ['append'], [172]
'var10', 174, 'comesFrom', ['var10'], [105]
'var12', 176, 'comesFrom', ['var12'], [115]
'var14', 178, 'comesFrom', ['var14'], [141]
'var8', 180, 'comesFrom', ['var8'], [98]
'sort', 182, 'comesFrom', ['sort'], [76]
'reverse', 184, 'comesFrom', ['reverse'], [78]
'var1', 189, 'computedFrom', ['var4', 'var8'], [191, 194]
'var8', 191, 'comesFrom', ['var8'], [98]
'var4', 194, 'comesFrom', ['var4'], [6]
'print', 197, 'comesFrom', ['print'], [197]
'var1', 199, 'comesFrom', ['var1'], [189]",141027,"var1, var2 = map(int, input().split())
var3 = list(map(int, input().split()))
var4 = [tuple(map(lambda var5: int(var5) - 1, input().split())) for var6 in range(var2)]


def function1(var7, var8):
    return var9[var8 + 1] - var9[var7]


var10 = [0] * (var1 + 1)
for var7, var8 in var4:
    var10[var7] += 1
    var10[var8 + 1] -= 1
var11 = []
var12 = 0
for var13 in range(var1):
    var12 += var10[var13]
    var11.append((var13, var12))
var11.sort(key=lambda var5: -var5[1])
var3.sort(reverse=True)
var14 = [0] * var1
for var13, (var15, var6) in enumerate(var11):
    var14[var15] = var3[var13]
var9 = [0]
for var16 in var14:
    var9.append(var9[-1] + var16)
var17 = 0
for var7, var8 in var4:
    var17 += function1(var7, var8)
print(var17)","'var1', 0, 'computedFrom', ['map'], [4]
'var2', 2, 'computedFrom', ['int', 'input', 'split'], [6, 8, 12]
'map', 4, 'comesFrom', [], []
'int', 6, 'comesFrom', [], []
'input', 8, 'comesFrom', [], []
'split', 12, 'comesFrom', [], []
'var3', 16, 'computedFrom', ['list', 'map', 'int', 'input', 'split'], [18, 20, 22, 24, 28]
'list', 18, 'comesFrom', [], []
'map', 20, 'comesFrom', ['map'], [4]
'int', 22, 'comesFrom', ['int'], [6]
'input', 24, 'comesFrom', ['input'], [8]
'split', 28, 'comesFrom', ['split'], [12]
'var4', 33, 'computedFrom', ['tuple', 'map', 'var5', 'int', 'var5', '1', 'input', 'split', 'var6', 'range', 'var2'], [36, 38, 41, 43, 45, 48, 50, 54, 60, 62, 64]
'tuple', 36, 'comesFrom', [], []
'map', 38, 'comesFrom', ['map'], [4]
'var5', 41, 'comesFrom', [], []
'int', 43, 'comesFrom', ['int'], [6]
'var5', 45, 'comesFrom', ['var5'], [41]
'1', 48, 'comesFrom', [], []
'input', 50, 'comesFrom', ['input'], [8]
'split', 54, 'comesFrom', ['split'], [12]
'var6', 60, 'computedFrom', ['range', 'var2'], [62, 64]
'range', 62, 'comesFrom', [], []
'var2', 64, 'comesFrom', ['var2'], [2]
'function1', 68, 'comesFrom', [], []
'var7', 70, 'comesFrom', [], []
'var8', 72, 'comesFrom', [], []
'var9', 76, 'comesFrom', [], []
'var8', 78, 'comesFrom', ['var8'], [72]
'var9', 83, 'comesFrom', ['var9'], [76]
'var7', 85, 'comesFrom', ['var7'], [70]
'var10', 87, 'computedFrom', ['0', 'var1', '1'], [90, 94, 96]
'0', 90, 'comesFrom', [], []
'var1', 94, 'comesFrom', ['var1'], [0]
'1', 96, 'comesFrom', [], []
'var7', 99, 'computedFrom', ['var4'], [103]
'var8', 101, 'computedFrom', ['var4'], [103]
'var4', 103, 'comesFrom', ['var4'], [33]
'var10', 105, 'computedFrom', ['1'], [110]
'var7', 107, 'computedFrom', ['1'], [110]
'1', 110, 'comesFrom', ['1'], [115]
'var10', 111, 'computedFrom', ['1'], [118]
'var8', 113, 'computedFrom', ['1'], [118]
'1', 115, 'computedFrom', ['1'], [118]
'1', 118, 'comesFrom', ['1'], [115]
'var11', 119, 'computedFrom', [], []
'var12', 123, 'computedFrom', ['0'], [125]
'0', 125, 'comesFrom', [], []
'var13', 127, 'computedFrom', ['var1', 'range'], [129, 131]
'range', 129, 'comesFrom', ['range'], [62]
'var1', 131, 'comesFrom', ['var1'], [0]
'var12', 134, 'computedFrom', ['var13', 'var10'], [136, 138]
'var10', 136, 'comesFrom', ['var10'], [111]
'var13', 138, 'comesFrom', ['var13'], [127]
'var11', 140, 'comesFrom', ['var11'], [119]
'append', 142, 'comesFrom', ['append'], [142]
'var13', 145, 'comesFrom', ['var13'], [127]
'var12', 147, 'comesFrom', ['var12'], [134]
'var11', 150, 'comesFrom', ['var11'], [119]
'sort', 152, 'comesFrom', [], []
'var5', 157, 'comesFrom', ['var5'], [41]
'var5', 160, 'comesFrom', ['var5'], [41]
'1', 162, 'comesFrom', ['1'], [115]
'var3', 165, 'comesFrom', ['var3'], [16]
'sort', 167, 'comesFrom', ['sort'], [152]
'var14', 173, 'computedFrom', ['0', 'var1'], [176, 179]
'0', 176, 'comesFrom', [], []
'var1', 179, 'comesFrom', ['var1'], [0]
'var13', 181, 'computedFrom', ['enumerate'], [189]
'var15', 184, 'computedFrom', ['var11'], [191]
'var6', 186, 'computedFrom', ['var11'], [191]
'enumerate', 189, 'comesFrom', ['enumerate'], [189]
'var11', 191, 'comesFrom', ['var11'], [119]
'var14', 194, 'computedFrom', ['var3'], [199]
'var15', 196, 'computedFrom', ['var13'], [201]
'var3', 199, 'comesFrom', ['var3'], [16]
'var13', 201, 'comesFrom', ['var13'], [181]
'var9', 203, 'computedFrom', ['0'], [206]
'0', 206, 'comesFrom', [], []
'var16', 209, 'computedFrom', ['var14'], [211]
'var14', 211, 'comesFrom', ['var14'], [194]
'var9', 213, 'comesFrom', ['var9'], [203]
'append', 215, 'comesFrom', ['append'], [142]
'var9', 217, 'comesFrom', ['var9'], [203]
'1', 220, 'comesFrom', ['1'], [115]
'var16', 223, 'comesFrom', ['var16'], [209]
'var17', 225, 'computedFrom', ['0'], [227]
'0', 227, 'comesFrom', [], []
'var7', 229, 'computedFrom', ['var4'], [233]
'var8', 231, 'computedFrom', ['var4'], [233]
'var4', 233, 'comesFrom', ['var4'], [33]
'var17', 235, 'computedFrom', ['var7', 'function1', 'var8'], [237, 239, 241]
'function1', 237, 'comesFrom', ['function1'], [68]
'var7', 239, 'comesFrom', ['var7'], [229]
'var8', 241, 'comesFrom', ['var8'], [231]
'var17', 245, 'comesFrom', ['var17'], [235]","{'inputs': ['16 13\n40 32 15 16 35 36 45 23 30 42 25 8 29 21 39 23\n2 9\n3 11\n8 9\n4 14\n1 6\n5 10\n5 14\n5 11\n13 13\n2 8\n9 16\n6 10\n7 8\n', '34 21\n23 38 16 49 44 50 48 34 33 19 18 31 11 15 20 47 44 30 39 33 45 46 1 13 27 16 31 36 17 23 38 5 30 16\n8 16\n14 27\n8 26\n1 8\n5 6\n23 28\n4 33\n13 30\n12 30\n11 30\n9 21\n1 14\n15 22\n4 11\n5 24\n8 20\n17 33\n6 9\n3 14\n25 34\n10 17\n', '3 3\n5 3 2\n1 2\n2 3\n1 3\n', '3 2\n1 2 3\n2 3\n1 2\n', '22 7\n44 41 40 41 37 42 46 16 50 47 30 7 32 6 20 14 47 25 11 1 35 12\n1 10\n10 20\n4 5\n1 8\n2 12\n8 8\n2 16\n'], 'outputs': ['2838\n', '9382\n', '25\n', '9\n', '2202\n']}",122205,"from math import ceil
var1 = int(input())
var2 = []
for var3 in range(var1):
    var4, var5 = map(int, input().split())
    var6 = ceil(var5 / 2.0)
    var7 = [(var8, var9 + 1) for var9, var8 in enumerate(list(map(int, input().split()))) if var8 <= var5]
    var7.sort(key=lambda var10: var10[0], reverse=True)
    var11 = 0
    for var12 in var7:
        var11 += var12[0]
    if var11 < var6:
        var2.append([-1])
    else:
        var11 = 0
        var13 = []
        for var12 in var7:
            if var11 + var12[0] <= var5:
                var13.append(var12[1])
                var11 += var12[0]
            if var11 >= var6:
                var2.append(var13)
                break
for var13 in var2:
    if var13[0] == -1:
        print(-1)
    else:
        print(len(var13))
        print(' '.join(map(str, var13)))","'ceil', 3, 'comesFrom', [], []
'var1', 4, 'computedFrom', ['int', 'input'], [6, 8]
'int', 6, 'comesFrom', [], []
'input', 8, 'comesFrom', [], []
'var2', 12, 'computedFrom', [], []
'var3', 17, 'computedFrom', ['var1', 'range'], [19, 21]
'range', 19, 'comesFrom', ['range'], [19]
'var1', 21, 'comesFrom', ['var1'], [4]
'var4', 24, 'computedFrom', ['map'], [28]
'var5', 26, 'computedFrom', ['split', 'int', 'input'], [30, 32, 36]
'map', 28, 'comesFrom', ['map'], [28]
'int', 30, 'comesFrom', ['int'], [6]
'input', 32, 'comesFrom', ['input'], [8]
'split', 36, 'comesFrom', ['split'], [36]
'var6', 40, 'computedFrom', ['2.0', 'var5', 'ceil'], [42, 44, 46]
'ceil', 42, 'comesFrom', ['ceil'], [3]
'var5', 44, 'comesFrom', ['var5'], [26]
'2.0', 46, 'comesFrom', [], []
'var7', 48, 'computedFrom', ['var9', 'var5', 'input', 'list', 'split', 'int', 'enumerate', 'map', 'var8', '1'], [52, 54, 56, 59, 61, 63, 65, 67, 69, 71, 75, 82, 84]
'var8', 52, 'comesFrom', ['var8'], [61]
'var9', 54, 'comesFrom', ['var9'], [59]
'1', 56, 'comesFrom', [], []
'var9', 59, 'computedFrom', ['input', 'list', 'split', 'int', 'map', 'enumerate'], [63, 65, 67, 69, 71, 75]
'var8', 61, 'computedFrom', ['input', 'list', 'split', 'int', 'map', 'enumerate'], [63, 65, 67, 69, 71, 75]
'enumerate', 63, 'comesFrom', ['enumerate'], [63]
'list', 65, 'comesFrom', ['list'], [65]
'map', 67, 'comesFrom', ['map'], [28]
'int', 69, 'comesFrom', ['int'], [6]
'input', 71, 'comesFrom', ['input'], [8]
'split', 75, 'comesFrom', ['split'], [36]
'var8', 82, 'comesFrom', ['var8'], [61]
'var5', 84, 'comesFrom', ['var5'], [26]
'var7', 86, 'comesFrom', ['var7'], [48]
'sort', 88, 'comesFrom', ['sort'], [88]
'key', 90, 'comesFrom', ['key'], [90]
'var10', 93, 'comesFrom', ['var10'], [93]
'var10', 95, 'comesFrom', ['var10'], [93]
'reverse', 100, 'comesFrom', ['reverse'], [100]
'var11', 104, 'computedFrom', ['0'], [106]
'0', 106, 'comesFrom', [], []
'var12', 108, 'computedFrom', ['var7'], [110]
'var7', 110, 'comesFrom', ['var7'], [48]
'var11', 112, 'computedFrom', ['0', 'var12'], [114, 116]
'var12', 114, 'comesFrom', ['var12'], [108]
'0', 116, 'comesFrom', [], []
'var11', 119, 'comesFrom', ['var11'], [112]
'var6', 121, 'comesFrom', ['var6'], [40]
'var2', 123, 'comesFrom', ['var2'], [12]
'append', 125, 'comesFrom', ['append'], [125, 158]
'var11', 134, 'computedFrom', ['0'], [136]
'0', 136, 'comesFrom', [], []
'var13', 137, 'computedFrom', [], []
'var12', 142, 'computedFrom', ['var7'], [144]
'var7', 144, 'comesFrom', ['var7'], [48]
'var11', 147, 'comesFrom', ['var11'], [134, 165]
'var12', 149, 'comesFrom', ['var12'], [142]
'var5', 154, 'comesFrom', ['var5'], [26]
'var13', 156, 'comesFrom', ['var13'], [137]
'append', 158, 'comesFrom', ['append'], [125, 158]
'var12', 160, 'comesFrom', ['var12'], [142]
'var11', 165, 'computedFrom', ['0', 'var12'], [167, 169]
'var12', 167, 'comesFrom', ['var12'], [142]
'0', 169, 'comesFrom', [], []
'var11', 172, 'comesFrom', ['var11'], [134, 165]
'var6', 174, 'comesFrom', ['var6'], [40]
'var2', 176, 'comesFrom', ['var2'], [12]
'append', 178, 'comesFrom', ['append'], [125, 158]
'var13', 180, 'comesFrom', ['var13'], [137]
'var13', 184, 'computedFrom', ['var2'], [186]
'var2', 186, 'comesFrom', ['var2'], [12]
'var13', 189, 'comesFrom', ['var13'], [184]
'print', 197, 'comesFrom', ['print'], [197, 204]
'print', 204, 'comesFrom', ['print'], [197, 204]
'len', 206, 'comesFrom', ['len'], [206]
'var13', 208, 'comesFrom', ['var13'], [184]
'print', 211, 'comesFrom', ['print'], [197, 204]
'join', 215, 'comesFrom', ['join'], [215]
'map', 217, 'comesFrom', ['map'], [28]
'str', 219, 'comesFrom', ['str'], [219]
'var13', 221, 'comesFrom', ['var13'], [184]","{'inputs': ['3\n1 3\n3\n6 2\n19 8 19 69 9 4\n7 12\n1 1 1 17 1 1 1\n', '1\n1 1\n1\n', '2\n1 2000000001\n1000000000\n1 1000000000000000000\n1\n', '1\n1 1\n2\n', '1\n1 900000000\n494311454\n'], 'outputs': ['1\n1 \n-1\n6\n7 6 5 3 2 1\n', '1\n1\n', '-1\n-1\n', '-1\n', '1\n1\n']}",141021,"from operator import itemgetter
var1, var2 = map(int, input().split())
var3 = list(map(int, input().split()))
var3.sort(reverse=True)
var4 = [0] * var1
var5 = []
for var6 in range(var2):
    var7, var8 = map(int, input().split())
    var9 = []
    var9.append(var7)
    var9.append(var8)
    var5.append(var9)
    var4[var7 - 1] += 1
    if var8 < var1:
        var4[var8] -= 1
var10 = [0] * var1
var10[0] = var4[0]
for var6 in range(1, var1):
    var10[var6] = var10[var6 - 1] + var4[var6]
var10 = list(enumerate(var10, 0))
var10.sort(key=itemgetter(1), reverse=True)
var11 = [0] * var1
for var6 in range(var1):
    var11[var10[var6][0]] = var3[var6]
var12 = 0
var13 = [0] * var1
var13[0] = var11[0]
for var6 in range(1, var1):
    var13[var6] = var13[var6 - 1] + var11[var6]
for var6 in var5:
    if var6[0] == 1:
        var12 += var13[var6[1] - 1]
    else:
        var12 += var13[var6[1] - 1] - var13[var6[0] - 2]
print(str(var12) + '\n')","'itemgetter', 3, 'comesFrom', [], []
'var1', 4, 'computedFrom', ['map'], [8]
'var2', 6, 'computedFrom', ['int', 'input', 'split'], [10, 12, 16]
'map', 8, 'comesFrom', [], []
'int', 10, 'comesFrom', [], []
'input', 12, 'comesFrom', [], []
'split', 16, 'comesFrom', [], []
'var3', 20, 'computedFrom', ['list', 'map', 'int', 'input', 'split'], [22, 24, 26, 28, 32]
'list', 22, 'comesFrom', [], []
'map', 24, 'comesFrom', ['map'], [8]
'int', 26, 'comesFrom', ['int'], [10]
'input', 28, 'comesFrom', ['input'], [12]
'split', 32, 'comesFrom', ['split'], [16]
'var3', 37, 'comesFrom', ['var3'], [20]
'sort', 39, 'comesFrom', [], []
'reverse', 41, 'comesFrom', [], []
'var4', 45, 'computedFrom', ['0', 'var1'], [48, 51]
'0', 48, 'comesFrom', [], []
'var1', 51, 'comesFrom', ['var1'], [4]
'var5', 52, 'computedFrom', [], []
'var6', 57, 'computedFrom', ['var2', 'range'], [59, 61]
'range', 59, 'comesFrom', ['range'], [59]
'var2', 61, 'comesFrom', ['var2'], [6]
'var7', 64, 'computedFrom', ['map'], [68]
'var8', 66, 'computedFrom', ['split', 'int', 'input'], [70, 72, 76]
'map', 68, 'comesFrom', ['map'], [8]
'int', 70, 'comesFrom', ['int'], [10]
'input', 72, 'comesFrom', ['input'], [12]
'split', 76, 'comesFrom', ['split'], [16]
'var9', 80, 'computedFrom', [], []
'var9', 84, 'comesFrom', ['var9'], [80]
'append', 86, 'comesFrom', ['append'], [86]
'var7', 88, 'comesFrom', ['var7'], [64]
'var9', 90, 'comesFrom', ['var9'], [80]
'append', 92, 'comesFrom', ['append'], [86]
'var8', 94, 'comesFrom', ['var8'], [66]
'var5', 96, 'comesFrom', ['var5'], [52]
'append', 98, 'comesFrom', ['append'], [86]
'var9', 100, 'comesFrom', ['var9'], [80]
'var4', 102, 'computedFrom', ['1'], [109]
'var7', 104, 'computedFrom', ['1'], [109]
'1', 106, 'computedFrom', ['1'], [109]
'1', 109, 'comesFrom', ['1'], [106]
'var8', 111, 'comesFrom', ['var8'], [66]
'var1', 113, 'comesFrom', ['var1'], [4]
'var4', 115, 'computedFrom', ['1'], [120]
'var8', 117, 'computedFrom', ['1'], [120]
'1', 120, 'comesFrom', ['1'], [106]
'var10', 121, 'computedFrom', ['0', 'var1'], [124, 127]
'0', 124, 'comesFrom', [], []
'var1', 127, 'comesFrom', ['var1'], [4]
'var10', 128, 'computedFrom', ['var4'], [133]
'0', 130, 'computedFrom', ['0'], [135]
'var4', 133, 'comesFrom', ['var4'], [102, 115]
'0', 135, 'comesFrom', [], []
'var6', 138, 'computedFrom', ['1', 'var1', 'range'], [140, 142, 144]
'range', 140, 'comesFrom', ['range'], [59]
'1', 142, 'comesFrom', ['1'], [106]
'var1', 144, 'comesFrom', ['var1'], [4]
'var10', 147, 'computedFrom', ['var4', '1', 'var6', 'var10'], [152, 154, 156, 159, 161]
'var6', 149, 'computedFrom', ['var4', '1', 'var6', 'var10'], [152, 154, 156, 159, 161]
'var10', 152, 'comesFrom', ['var10'], [128, 147]
'var6', 154, 'comesFrom', ['var6'], [138]
'1', 156, 'comesFrom', ['1'], [106]
'var4', 159, 'comesFrom', ['var4'], [102, 115]
'var6', 161, 'comesFrom', ['var6'], [138]
'var10', 163, 'computedFrom', ['list', 'enumerate', 'var10', '0'], [165, 167, 169, 171]
'list', 165, 'comesFrom', ['list'], [22]
'enumerate', 167, 'comesFrom', [], []
'var10', 169, 'comesFrom', ['var10'], [147]
'0', 171, 'comesFrom', ['0'], [130]
'var10', 174, 'comesFrom', ['var10'], [163]
'sort', 176, 'comesFrom', ['sort'], [39]
'itemgetter', 180, 'comesFrom', ['itemgetter'], [3]
'1', 182, 'comesFrom', ['1'], [106]
'reverse', 185, 'comesFrom', ['reverse'], [41]
'var11', 189, 'computedFrom', ['0', 'var1'], [192, 195]
'0', 192, 'comesFrom', ['0'], [130]
'var1', 195, 'comesFrom', ['var1'], [4]
'var6', 197, 'computedFrom', ['var1', 'range'], [199, 201]
'range', 199, 'comesFrom', ['range'], [59]
'var1', 201, 'comesFrom', ['var1'], [4]
'var11', 204, 'computedFrom', ['var3'], [215]
'var10', 206, 'computedFrom', ['var6'], [217]
'var6', 208, 'computedFrom', ['var6'], [217]
'0', 211, 'computedFrom', ['var6'], [217]
'var3', 215, 'comesFrom', ['var3'], [20]
'var6', 217, 'comesFrom', ['var6'], [197]
'var12', 219, 'computedFrom', ['0'], [221]
'0', 221, 'comesFrom', ['0'], [211]
'var13', 222, 'computedFrom', ['0', 'var1'], [225, 228]
'0', 225, 'comesFrom', ['0'], [211]
'var1', 228, 'comesFrom', ['var1'], [4]
'var13', 229, 'computedFrom', ['var11'], [234]
'0', 231, 'computedFrom', ['0'], [236]
'var11', 234, 'comesFrom', ['var11'], [204]
'0', 236, 'comesFrom', ['0'], [211]
'var6', 239, 'computedFrom', ['1', 'var1', 'range'], [241, 243, 245]
'range', 241, 'comesFrom', ['range'], [59]
'1', 243, 'comesFrom', ['1'], [106]
'var1', 245, 'comesFrom', ['var1'], [4]
'var13', 248, 'computedFrom', ['1', 'var6', 'var13', 'var11'], [253, 255, 257, 260, 262]
'var6', 250, 'computedFrom', ['1', 'var6', 'var13', 'var11'], [253, 255, 257, 260, 262]
'var13', 253, 'comesFrom', ['var13'], [229, 248]
'var6', 255, 'comesFrom', ['var6'], [239]
'1', 257, 'comesFrom', ['1'], [106]
'var11', 260, 'comesFrom', ['var11'], [204]
'var6', 262, 'comesFrom', ['var6'], [239]
'var6', 265, 'computedFrom', ['var5'], [267]
'var5', 267, 'comesFrom', ['var5'], [52]
'var6', 270, 'comesFrom', ['var6'], [265]
'0', 272, 'comesFrom', ['0'], [231]
'1', 275, 'comesFrom', ['1'], [106]
'var12', 277, 'computedFrom', ['1', 'var6', 'var13'], [279, 281, 283, 286]
'var13', 279, 'comesFrom', ['var13'], [248]
'var6', 281, 'comesFrom', ['var6'], [265]
'1', 283, 'comesFrom', ['1'], [106]
'1', 286, 'comesFrom', ['1'], [106]
'var12', 290, 'computedFrom', ['var6', 'var13', '0', '1', '2'], [292, 294, 296, 299, 302, 304, 306, 309]
'var13', 292, 'comesFrom', ['var13'], [248]
'var6', 294, 'comesFrom', ['var6'], [265]
'1', 296, 'comesFrom', ['1'], [106]
'1', 299, 'comesFrom', ['1'], [106]
'var13', 302, 'comesFrom', ['var13'], [248]
'var6', 304, 'comesFrom', ['var6'], [265]
'0', 306, 'comesFrom', ['0'], [231]
'2', 309, 'comesFrom', [], []
'var12', 315, 'comesFrom', ['var12'], [277, 290]","{'inputs': ['16 13\n40 32 15 16 35 36 45 23 30 42 25 8 29 21 39 23\n2 9\n3 11\n8 9\n4 14\n1 6\n5 10\n5 14\n5 11\n13 13\n2 8\n9 16\n6 10\n7 8\n', '34 21\n23 38 16 49 44 50 48 34 33 19 18 31 11 15 20 47 44 30 39 33 45 46 1 13 27 16 31 36 17 23 38 5 30 16\n8 16\n14 27\n8 26\n1 8\n5 6\n23 28\n4 33\n13 30\n12 30\n11 30\n9 21\n1 14\n15 22\n4 11\n5 24\n8 20\n17 33\n6 9\n3 14\n25 34\n10 17\n', '3 3\n5 3 2\n1 2\n2 3\n1 3\n', '3 2\n1 2 3\n2 3\n1 2\n', '22 7\n44 41 40 41 37 42 46 16 50 47 30 7 32 6 20 14 47 25 11 1 35 12\n1 10\n10 20\n4 5\n1 8\n2 12\n8 8\n2 16\n'], 'outputs': ['2838\n', '9382\n', '25\n', '9\n', '2202\n']}",155621,"def function1():
    var1, var2, var3 = map(int, input().split())
    var4 = list(map(int, input().split()))
    var5 = list(filter(lambda var6: var6 > var3, var4))
    var7 = list(filter(lambda var6: var6 <= var3, var4))
    del var4
    var5.sort(reverse=True)
    var7.sort(reverse=True)
    for var8, var6 in enumerate(var5):
        if var8:
            var5[var8] += var5[var8 - 1]
    for var8, var6 in enumerate(var7):
        if var8:
            var7[var8] += var7[var8 - 1]
    var9 = 0
    var10 = (var1 + var2) // (var2 + 1)
    if len(var5) >= var10:
        var9 = var5[var10 - 1]
    for var8, var6 in enumerate(var7):
        var11 = (var1 - var8 - 1 + var2) // (var2 + 1)
        if len(var5) >= var11:
            if var11:
                var9 = max(var9, var5[var11 - 1] + var7[var8])
            elif len(var7) == var1:
                var9 = max(var9, var7[var8])
    print(var9)
    return


function1()","'function1', 1, 'comesFrom', [], []
'var1', 5, 'computedFrom', ['map', 'int', 'input', 'split'], [11, 13, 15, 19]
'var2', 7, 'computedFrom', ['map', 'int', 'input', 'split'], [11, 13, 15, 19]
'var3', 9, 'computedFrom', ['map', 'int', 'input', 'split'], [11, 13, 15, 19]
'map', 11, 'comesFrom', [], []
'int', 13, 'comesFrom', [], []
'input', 15, 'comesFrom', [], []
'split', 19, 'comesFrom', [], []
'var4', 23, 'computedFrom', ['list', 'map', 'int', 'input', 'split'], [25, 27, 29, 31, 35]
'list', 25, 'comesFrom', [], []
'map', 27, 'comesFrom', ['map'], [11]
'int', 29, 'comesFrom', ['int'], [13]
'input', 31, 'comesFrom', ['input'], [15]
'split', 35, 'comesFrom', ['split'], [19]
'var5', 40, 'computedFrom', ['list', 'filter', 'var6', 'var6', 'var3', 'var4'], [42, 44, 47, 49, 51, 53]
'list', 42, 'comesFrom', ['list'], [25]
'filter', 44, 'comesFrom', [], []
'var6', 47, 'comesFrom', [], []
'var6', 49, 'comesFrom', ['var6'], [47]
'var3', 51, 'comesFrom', ['var3'], [9]
'var4', 53, 'comesFrom', ['var4'], [23]
'var7', 56, 'computedFrom', ['list', 'filter', 'var6', 'var6', 'var3', 'var4'], [58, 60, 63, 65, 67, 69]
'list', 58, 'comesFrom', ['list'], [25]
'filter', 60, 'comesFrom', ['filter'], [44]
'var6', 63, 'comesFrom', ['var6'], [47]
'var6', 65, 'comesFrom', ['var6'], [47]
'var3', 67, 'comesFrom', ['var3'], [9]
'var4', 69, 'comesFrom', ['var4'], [23]
'var4', 73, 'comesFrom', ['var4'], [23]
'var5', 74, 'comesFrom', ['var5'], [40]
'sort', 76, 'comesFrom', [], []
'reverse', 78, 'comesFrom', [], []
'var7', 82, 'comesFrom', ['var7'], [56]
'sort', 84, 'comesFrom', ['sort'], [76]
'reverse', 86, 'comesFrom', ['reverse'], [78]
'var8', 91, 'computedFrom', ['enumerate'], [95]
'var6', 93, 'computedFrom', ['var5'], [97]
'enumerate', 95, 'comesFrom', ['enumerate'], [95]
'var5', 97, 'comesFrom', ['var5'], [40, 103]
'var8', 101, 'comesFrom', ['var8'], [91]
'var5', 103, 'computedFrom', ['var5'], [108]
'var8', 105, 'computedFrom', ['var8', '1'], [110, 112]
'var5', 108, 'comesFrom', ['var5'], [40, 103]
'var8', 110, 'comesFrom', ['var8'], [91]
'1', 112, 'comesFrom', [], []
'var8', 115, 'computedFrom', ['enumerate'], [119]
'var6', 117, 'computedFrom', ['var7'], [121]
'enumerate', 119, 'comesFrom', ['enumerate'], [95]
'var7', 121, 'comesFrom', ['var7'], [56, 127]
'var8', 125, 'comesFrom', ['var8'], [115]
'var7', 127, 'computedFrom', ['var7'], [132]
'var8', 129, 'computedFrom', ['var8', '1'], [134, 136]
'var7', 132, 'comesFrom', ['var7'], [56, 127]
'var8', 134, 'comesFrom', ['var8'], [115]
'1', 136, 'comesFrom', [], []
'var9', 138, 'computedFrom', ['0'], [140]
'0', 140, 'comesFrom', [], []
'var10', 141, 'computedFrom', ['var1', 'var2', 'var2', '1'], [144, 146, 150, 152]
'var1', 144, 'comesFrom', ['var1'], [5]
'var2', 146, 'comesFrom', ['var2'], [7]
'var2', 150, 'comesFrom', ['var2'], [7]
'1', 152, 'comesFrom', [], []
'len', 155, 'comesFrom', [], []
'var5', 157, 'comesFrom', ['var5'], [40, 103]
'var10', 160, 'comesFrom', ['var10'], [141]
'var9', 162, 'computedFrom', ['var5', 'var10', '1'], [164, 166, 168]
'var5', 164, 'comesFrom', ['var5'], [40, 103]
'var10', 166, 'comesFrom', ['var10'], [141]
'1', 168, 'comesFrom', [], []
'var8', 171, 'computedFrom', ['enumerate'], [175]
'var6', 173, 'computedFrom', ['var7'], [177]
'enumerate', 175, 'comesFrom', ['enumerate'], [95]
'var7', 177, 'comesFrom', ['var7'], [56, 127]
'var11', 180, 'computedFrom', ['var8', 'var1', 'var2', '1'], [183, 185, 187, 189, 193, 195]
'var1', 183, 'comesFrom', ['var1'], [5]
'var8', 185, 'comesFrom', ['var8'], [171]
'1', 187, 'comesFrom', [], []
'var2', 189, 'comesFrom', ['var2'], [7]
'var2', 193, 'comesFrom', ['var2'], [7]
'1', 195, 'comesFrom', [], []
'len', 198, 'comesFrom', ['len'], [155]
'var5', 200, 'comesFrom', ['var5'], [40, 103]
'var11', 203, 'comesFrom', ['var11'], [180]
'var11', 206, 'comesFrom', ['var11'], [180]
'var9', 208, 'computedFrom', ['var7', 'max', 'var9', 'var5', 'var11', 'var8', '1'], [210, 212, 214, 216, 218, 221, 223]
'max', 210, 'comesFrom', ['max'], [210, 236]
'var9', 212, 'comesFrom', ['var9'], [138, 162, 208, 234]
'var5', 214, 'comesFrom', ['var5'], [40, 103]
'var11', 216, 'comesFrom', ['var11'], [180]
'1', 218, 'comesFrom', [], []
'var7', 221, 'comesFrom', ['var7'], [56, 127]
'var8', 223, 'comesFrom', ['var8'], [171]
'len', 227, 'comesFrom', ['len'], [155]
'var7', 229, 'comesFrom', ['var7'], [56, 127]
'var1', 232, 'comesFrom', ['var1'], [5]
'var9', 234, 'computedFrom', ['var7', 'max', 'var8', 'var9'], [236, 238, 240, 242]
'max', 236, 'comesFrom', ['max'], [210, 236]
'var9', 238, 'comesFrom', ['var9'], [138, 162, 208, 234]
'var7', 240, 'comesFrom', ['var7'], [56, 127]
'var8', 242, 'comesFrom', ['var8'], [171]
'var9', 247, 'comesFrom', ['var9'], [138, 162, 208, 234]
'function1', 250, 'comesFrom', ['function1'], [1]","{'inputs': ['10 3 10\n17 17 17 8 7 6 5 4 1 1\n', '20 2 16\n20 5 8 2 18 16 2 16 16 1 5 16 2 13 6 16 4 17 21 7\n', '5 2 11\n8 10 15 23 5\n', '79 14 68\n55 91 81 39 60 85 43 53 41 12 23 70 26 61 51 92 52 23 78 41 20 49 38 57 86 77 59 74 86 12 8 79 32 70 69 43 78 37 88 71 22 0 21 21 30 3 76 87 98 52 83 66 79 60 56 31 19 89 73 81 79 16 76 79 94 23 65 7 53 81 21 63 11 31 35 17 31 65 89\n', '5 3 3\n8 5 5 1 14\n'], 'outputs': ['64\n', '195\n', '48\n', '2038\n', '22\n']}","#### Reference Example 1:
### Python Program:
```python
var1, var2 = map(int, input().split())
var3 = list(map(int, input().split()))
var4 = [tuple(map(lambda var5: int(var5) - 1, input().split())) for var6 in range(var2)]


def function1(var7, var8):
    return var9[var8 + 1] - var9[var7]


var10 = [0] * (var1 + 1)
for var7, var8 in var4:
    var10[var7] += 1
    var10[var8 + 1] -= 1
var11 = []
var12 = 0
for var13 in range(var1):
    var12 += var10[var13]
    var11.append((var13, var12))
var11.sort(key=lambda var5: -var5[1])
var3.sort(reverse=True)
var14 = [0] * var1
for var13, (var15, var6) in enumerate(var11):
    var14[var15] = var3[var13]
var9 = [0]
for var16 in var14:
    var9.append(var9[-1] + var16)
var17 = 0
for var7, var8 in var4:
    var17 += function1(var7, var8)
print(var17)
```

### Input/Output Unit Test Cases:
```Input/Output Unit Test Cases
## Test Case 1:
Input: '16 13
40 32 15 16 35 36 45 23 30 42 25 8 29 21 39 23
2 9
3 11
8 9
4 14
1 6
5 10
5 14
5 11
13 13
2 8
9 16
6 10
7 8'
Output: '2838'

## Test Case 2:
Input: '34 21
23 38 16 49 44 50 48 34 33 19 18 31 11 15 20 47 44 30 39 33 45 46 1 13 27 16 31 36 17 23 38 5 30 16
8 16
14 27
8 26
1 8
5 6
23 28
4 33
13 30
12 30
11 30
9 21
1 14
15 22
4 11
5 24
8 20
17 33
6 9
3 14
25 34
10 17'
Output: '9382'

## Test Case 3:
Input: '3 3
5 3 2
1 2
2 3
1 3'
Output: '25'

## Test Case 4:
Input: '3 2
1 2 3
2 3
1 2'
Output: '9'

## Test Case 5:
Input: '22 7
44 41 40 41 37 42 46 16 50 47 30 7 32 6 20 14 47 25 11 1 35 12
1 10
10 20
4 5
1 8
2 12
8 8
2 16'
Output: '2202'

```

#### Reference Example 2:
### Python Program:
```python
from math import ceil
var1 = int(input())
var2 = []
for var3 in range(var1):
    var4, var5 = map(int, input().split())
    var6 = ceil(var5 / 2.0)
    var7 = [(var8, var9 + 1) for var9, var8 in enumerate(list(map(int, input().split()))) if var8 <= var5]
    var7.sort(key=lambda var10: var10[0], reverse=True)
    var11 = 0
    for var12 in var7:
        var11 += var12[0]
    if var11 < var6:
        var2.append([-1])
    else:
        var11 = 0
        var13 = []
        for var12 in var7:
            if var11 + var12[0] <= var5:
                var13.append(var12[1])
                var11 += var12[0]
            if var11 >= var6:
                var2.append(var13)
                break
for var13 in var2:
    if var13[0] == -1:
        print(-1)
    else:
        print(len(var13))
        print(' '.join(map(str, var13)))
```

### Input/Output Unit Test Cases:
```Input/Output Unit Test Cases
## Test Case 1:
Input: '3
1 3
3
6 2
19 8 19 69 9 4
7 12
1 1 1 17 1 1 1'
Output: '1
1 
-1
6
7 6 5 3 2 1'

## Test Case 2:
Input: '1
1 1
1'
Output: '1
1'

## Test Case 3:
Input: '2
1 2000000001
1000000000
1 1000000000000000000
1'
Output: '-1
-1'

## Test Case 4:
Input: '1
1 1
2'
Output: '-1'

## Test Case 5:
Input: '1
1 900000000
494311454'
Output: '1
1'

```

#### Reference Example 3:
### Python Program:
```python
from operator import itemgetter
var1, var2 = map(int, input().split())
var3 = list(map(int, input().split()))
var3.sort(reverse=True)
var4 = [0] * var1
var5 = []
for var6 in range(var2):
    var7, var8 = map(int, input().split())
    var9 = []
    var9.append(var7)
    var9.append(var8)
    var5.append(var9)
    var4[var7 - 1] += 1
    if var8 < var1:
        var4[var8] -= 1
var10 = [0] * var1
var10[0] = var4[0]
for var6 in range(1, var1):
    var10[var6] = var10[var6 - 1] + var4[var6]
var10 = list(enumerate(var10, 0))
var10.sort(key=itemgetter(1), reverse=True)
var11 = [0] * var1
for var6 in range(var1):
    var11[var10[var6][0]] = var3[var6]
var12 = 0
var13 = [0] * var1
var13[0] = var11[0]
for var6 in range(1, var1):
    var13[var6] = var13[var6 - 1] + var11[var6]
for var6 in var5:
    if var6[0] == 1:
        var12 += var13[var6[1] - 1]
    else:
        var12 += var13[var6[1] - 1] - var13[var6[0] - 2]
print(str(var12) + '\n')
```

### Input/Output Unit Test Cases:
```Input/Output Unit Test Cases
## Test Case 1:
Input: '16 13
40 32 15 16 35 36 45 23 30 42 25 8 29 21 39 23
2 9
3 11
8 9
4 14
1 6
5 10
5 14
5 11
13 13
2 8
9 16
6 10
7 8'
Output: '2838'

## Test Case 2:
Input: '34 21
23 38 16 49 44 50 48 34 33 19 18 31 11 15 20 47 44 30 39 33 45 46 1 13 27 16 31 36 17 23 38 5 30 16
8 16
14 27
8 26
1 8
5 6
23 28
4 33
13 30
12 30
11 30
9 21
1 14
15 22
4 11
5 24
8 20
17 33
6 9
3 14
25 34
10 17'
Output: '9382'

## Test Case 3:
Input: '3 3
5 3 2
1 2
2 3
1 3'
Output: '25'

## Test Case 4:
Input: '3 2
1 2 3
2 3
1 2'
Output: '9'

## Test Case 5:
Input: '22 7
44 41 40 41 37 42 46 16 50 47 30 7 32 6 20 14 47 25 11 1 35 12
1 10
10 20
4 5
1 8
2 12
8 8
2 16'
Output: '2202'

```

#### Reference Example 4:
### Python Program:
```python
def function1():
    var1, var2, var3 = map(int, input().split())
    var4 = list(map(int, input().split()))
    var5 = list(filter(lambda var6: var6 > var3, var4))
    var7 = list(filter(lambda var6: var6 <= var3, var4))
    del var4
    var5.sort(reverse=True)
    var7.sort(reverse=True)
    for var8, var6 in enumerate(var5):
        if var8:
            var5[var8] += var5[var8 - 1]
    for var8, var6 in enumerate(var7):
        if var8:
            var7[var8] += var7[var8 - 1]
    var9 = 0
    var10 = (var1 + var2) // (var2 + 1)
    if len(var5) >= var10:
        var9 = var5[var10 - 1]
    for var8, var6 in enumerate(var7):
        var11 = (var1 - var8 - 1 + var2) // (var2 + 1)
        if len(var5) >= var11:
            if var11:
                var9 = max(var9, var5[var11 - 1] + var7[var8])
            elif len(var7) == var1:
                var9 = max(var9, var7[var8])
    print(var9)
    return


function1()
```

### Input/Output Unit Test Cases:
```Input/Output Unit Test Cases
## Test Case 1:
Input: '10 3 10
17 17 17 8 7 6 5 4 1 1'
Output: '64'

## Test Case 2:
Input: '20 2 16
20 5 8 2 18 16 2 16 16 1 5 16 2 13 6 16 4 17 21 7'
Output: '195'

## Test Case 3:
Input: '5 2 11
8 10 15 23 5'
Output: '48'

## Test Case 4:
Input: '79 14 68
55 91 81 39 60 85 43 53 41 12 23 70 26 61 51 92 52 23 78 41 20 49 38 57 86 77 59 74 86 12 8 79 32 70 69 43 78 37 88 71 22 0 21 21 30 3 76 87 98 52 83 66 79 60 56 31 19 89 73 81 79 16 76 79 94 23 65 7 53 81 21 63 11 31 35 17 31 65 89'
Output: '2038'

## Test Case 5:
Input: '5 3 3
8 5 5 1 14'
Output: '22'

```

"
u761320129,p03559,python,s241549796,s763191935,368,263,23328,29344,Accepted,Accepted,28.53,"N = int(eval(input()))

A = list(map(int,input().split()))

B = list(map(int,input().split()))

C = list(map(int,input().split()))

A.sort()

C.sort()



ans = 0

from bisect import bisect, bisect_left

for b in B:

    i = bisect_left(A, b)

    j = bisect(C, b)

    ans += i * (N-j)

print(ans)","N = int(eval(input()))

A = list(map(int,input().split()))

B = list(map(int,input().split()))

C = list(map(int,input().split()))

A.sort()

C.sort()



from bisect import bisect_left, bisect

ans = 0

for b in B:

    i = bisect_left(A,b)

    j = bisect(C,b)

    ans += i * (N-j)

print(ans)",14,14,291,289,"N = int(eval(input()))
A = list(map(int, input().split()))
B = list(map(int, input().split()))
C = list(map(int, input().split()))
A.sort()
C.sort()
ans = 0
from bisect import bisect, bisect_left

for b in B:
    i = bisect_left(A, b)
    j = bisect(C, b)
    ans += i * (N - j)
print(ans)
","N = int(eval(input()))
A = list(map(int, input().split()))
B = list(map(int, input().split()))
C = list(map(int, input().split()))
A.sort()
C.sort()
from bisect import bisect_left, bisect

ans = 0
for b in B:
    i = bisect_left(A, b)
    j = bisect(C, b)
    ans += i * (N - j)
print(ans)
",False,0.0,"['+from bisect import bisect_left, bisect', '+', '-from bisect import bisect, bisect_left', '-']",False,0.289834159,0.126136548,2.297780976,"['s241549796', 's763191935']","{'inputs': ['6\n3 14 159 2 6 53\n58 9 79 323 84 6\n2643 383 2 79 50 288\n', '2\n1 5\n2 4\n3 6\n', '3\n1 1 1\n2 2 2\n3 3 3\n'], 'outputs': ['87\n', '3\n', '27\n']}","{'inputs': ['6\n8 23 159 -1 6 59\n106 9 7 458 28 7\n1414 700 3 79 50 460\n', '6\n1 1 93 -1 1 96\n153 9 2 14 118 14\n230 244 0 71 0 10\n', '6\n10 14 448 -1 1 001\n4 0 3 -1 3 1\n333 27 1 -4 7 2019\n', '3\n0 1 -4\n4 1 1\n2 1 1\n', '6\n0 59 793 -3 7 001\n9 0 1 -1 0 2\n74 27 1 -2 -1 550\n', '3\n-1 0 -3\n1 1 0\n4 1 -1\n', '6\n20 4 0 0 2 2\n1 10 22 1 92 -1\n68 -1 1 4 1 -1\n', '6\n5 14 159 0 6 53\n58 9 7 323 166 6\n2643 383 3 79 50 430\n', '6\n-6 40 2 -1 -1 110\n9 -1 1 -2 -1 -2\n142 15 -4 -1 -3 2\n', '6\n5 14 159 0 6 53\n58 9 7 323 84 6\n2643 383 3 79 50 430\n', '6\n9 14 159 0 6 53\n106 9 7 323 28 7\n2643 391 3 79 50 460\n', '2\n0 12\n2 6\n1 3\n', '3\n0 0 4\n2 2 2\n3 1 3\n', '6\n8 23 159 -1 6 59\n106 9 7 458 28 7\n1414 391 3 79 50 460\n', '6\n-2 59 2 -3 2 101\n9 0 0 -2 -1 4\n122 45 0 -2 -1 1165\n', '6\n3 14 159 2 6 53\n58 9 7 323 84 6\n2643 383 2 79 50 288\n', '6\n10 14 448 -1 1 001\n4 0 3 0 0 1\n120 27 1 -1 7 2019\n', '6\n3 14 159 0 6 53\n58 9 7 323 84 6\n2643 383 3 79 50 430\n', '3\n1 0 4\n2 2 2\n3 1 3\n', '6\n10 9 298 0 0 66\n59 2 5 8 20 0\n523 1563 1 0 18 1803\n', '6\n12 23 159 0 6 59\n106 9 7 837 28 6\n784 700 4 79 77 460\n', '6\n9 14 159 0 6 53\n58 9 7 323 166 6\n2643 391 3 79 50 460\n', '6\n-5 59 3 -1 -1 110\n3 0 1 -2 -1 0\n76 15 0 0 -1 36\n', '3\n0 0 -1\n2 2 2\n1 0 1\n', '6\n-3 2 -1 -1 0 101\n4 2 6 -9 0 -79\n24 6 -6 -3 -4 -1\n', '6\n0 59 793 -3 7 101\n9 0 1 -1 0 2\n74 27 1 -2 -1 550\n', '6\n5 26 290 0 -1 25\n106 4 8 1619 60 5\n1103 1563 0 0 26 1803\n', '6\n1 14 93 -1 6 96\n95 9 38 323 132 5\n2643 424 2 30 89 9\n', '3\n0 0 -3\n0 -1 -1\n4 0 -1\n', '6\n5 30 290 0 -1 25\n106 2 21 1619 34 5\n1103 1563 -1 0 26 885\n', '2\n0 5\n2 4\n2 5\n', '3\n0 1 -4\n0 1 -2\n2 1 -1\n', '3\n-1 0 -3\n0 1 0\n4 1 -1\n', '6\n5 9 298 0 -1 66\n127 2 5 1394 60 1\n1103 1563 0 0 18 1803\n', '6\n11 4 1 0 2 2\n1 10 22 1 52 -1\n68 -1 4 4 1 -1\n', '6\n5 9 298 0 -1 66\n127 4 5 1619 60 1\n1103 1563 0 0 28 1803\n', '6\n12 23 290 0 6 59\n106 9 7 837 28 8\n784 700 4 79 77 460\n', '6\n1 7 93 0 0 96\n95 9 0 84 132 7\n1120 424 2 38 122 9\n', '6\n4 23 290 -1 6 27\n106 9 7 837 28 8\n1221 700 5 8 14 460\n', '6\n12 23 290 0 6 59\n106 9 7 837 28 8\n784 700 4 79 14 460\n', '6\n19 14 448 -1 2 011\n4 1 5 0 0 1\n222 27 1 -1 7 2019\n', '6\n13 14 448 -1 1 001\n4 1 3 0 -1 1\n120 27 1 -1 7 2019\n', '6\n11 4 1 0 2 2\n1 10 22 1 92 -1\n68 -1 4 4 1 -1\n', '3\n0 0 0\n2 1 2\n1 1 2\n', '6\n9 14 159 0 6 53\n58 9 7 323 166 7\n2643 391 3 79 50 460\n', '6\n1 7 93 0 0 96\n95 9 1 84 261 7\n335 256 2 38 122 9\n', '6\n-5 59 2 -1 -1 111\n3 0 1 -4 -1 -1\n76 15 0 0 -1 11\n', '6\n3 14 159 0 6 53\n58 9 7 323 84 6\n2643 383 2 79 50 430\n', '6\n12 23 159 0 6 59\n106 9 7 458 28 6\n784 700 4 79 77 460\n', '6\n10 14 448 -1 1 001\n4 0 3 -1 0 1\n120 27 1 -1 7 2019\n', '6\n10 9 232 0 0 66\n4 2 5 1 8 0\n240 1563 0 0 21 1803\n', '3\n0 0 -1\n2 2 2\n1 1 1\n', '3\n1 0 2\n2 2 2\n3 3 3\n', '6\n3 14 159 2 6 53\n58 9 7 323 84 6\n2643 383 2 79 50 430\n', '3\n-2 -2 0\n1 -1 -1\n1 2 0\n', '6\n9 14 159 0 6 53\n58 9 7 323 166 6\n2643 383 3 79 50 460\n', '6\n10 6 232 0 0 101\n2 0 5 0 3 1\n240 27 1 -4 7 3009\n', '6\n1 14 159 0 6 96\n58 9 20 323 132 6\n2643 424 2 30 89 34\n', '6\n4 30 290 -1 6 25\n106 13 11 837 21 8\n1103 700 5 8 14 460\n', '6\n10 14 448 -1 1 001\n4 1 3 0 0 1\n120 27 1 -1 7 2019\n', '3\n0 0 0\n2 2 2\n3 1 1\n', '3\n0 0 -3\n1 1 0\n4 1 -1\n', '2\n0 12\n2 4\n2 3\n', '2\n0 12\n2 6\n2 3\n', '6\n-5 1 -1 -2 0 111\n4 -1 1 -14 0 -163\n2 11 0 -9 -4 -1\n', '6\n10 6 232 0 0 001\n2 0 5 -1 3 1\n240 27 1 -4 7 2178\n', '6\n12 23 290 0 6 27\n106 9 7 837 28 8\n1221 700 4 8 14 460\n', '6\n10 9 232 0 0 66\n59 2 5 8 20 0\n620 1563 1 0 21 1803\n', '6\n-4 59 2 -1 -1 110\n3 0 1 -2 -1 0\n76 15 0 0 -1 36\n', '6\n12 23 290 0 6 59\n106 9 7 837 28 8\n1221 700 4 79 14 460\n', '2\n0 10\n2 4\n2 3\n', '6\n-3 2 -1 -1 0 101\n4 2 3 -9 0 -79\n20 3 -6 -3 -4 -1\n', '6\n12 23 290 0 6 59\n106 9 7 837 28 8\n1221 700 4 8 14 460\n', '2\n0 5\n2 4\n2 3\n', '6\n1 14 159 0 6 96\n58 9 10 323 132 6\n2643 424 2 30 89 34\n', '6\n-3 2 -1 -1 0 101\n4 2 3 -9 -1 -79\n20 3 -4 -3 -4 -1\n', '6\n10 6 448 0 0 001\n4 -1 4 -1 3 0\n333 27 1 -4 7 2178\n', '6\n-1 59 2 -3 11 101\n9 0 1 -1 0 2\n74 27 1 -2 -1 924\n', '6\n1 1 28 -1 1 16\n153 9 3 20 372 47\n68 41 1 71 0 -2\n', '6\n9 23 159 0 6 59\n106 9 7 458 28 7\n1414 391 3 79 50 460\n', '3\n1 0 1\n2 2 2\n3 3 3\n', '6\n5 14 159 0 6 53\n58 9 7 323 166 6\n2643 383 3 79 50 460\n', '3\n1 0 4\n2 2 2\n3 3 3\n', '6\n-5 1 -1 -1 0 111\n4 -1 1 -14 0 -87\n2 11 0 -9 -4 -1\n', '2\n0 5\n2 4\n2 6\n', '3\n0 0 4\n2 2 2\n3 1 1\n', '6\n19 14 448 -1 4 011\n4 1 5 0 0 1\n222 27 1 -1 7 2019\n', '6\n-5 1 -1 -1 0 111\n4 -1 1 -14 0 -87\n2 11 -6 -9 -4 -1\n', '2\n1 5\n2 4\n2 6\n', '3\n0 0 0\n2 2 2\n1 1 1\n', '2\n2 5\n2 4\n2 6\n', '6\n-5 59 2 -1 -1 010\n6 0 1 -2 -1 -2\n81 15 -2 0 -2 1\n', '6\n1 1 28 -1 1 3\n153 9 3 20 372 47\n68 41 1 71 1 -2\n', '6\n4 43 290 -1 6 27\n106 13 7 837 28 8\n1221 700 5 8 14 460\n', '6\n-17 2 -1 -1 0 101\n4 2 3 -9 -1 -79\n20 3 -4 -3 -4 -1\n', '6\n4 43 290 -1 6 27\n106 13 11 837 28 8\n1103 700 5 8 14 460\n', '6\n1 14 93 -1 6 96\n95 9 38 323 132 7\n2643 424 2 30 89 9\n', '6\n-5 59 2 -1 -1 010\n6 -1 1 -2 -1 -2\n81 15 -4 -1 -3 1\n', '6\n10 9 298 0 0 66\n59 2 5 8 48 1\n1103 1563 1 0 18 1803\n', '6\n38 40 0 0 3 9\n1 -1 43 2 161 -4\n135 -1 0 4 2 0\n'], 'outputs': ['88\n', '80\n', '45\n', '4\n', '39\n', '10\n', '19\n', '96\n', '31\n', '93\n', '83\n', '1\n', '12\n', '82\n', '49\n', '87\n', '43\n', '93\n', '12\n', '48\n', '60\n', '81\n', '47\n', '0\n', '29\n', '33\n', '64\n', '68\n', '5\n', '58\n', '2\n', '7\n', '11\n', '63\n', '23\n', '57\n', '65\n', '70\n', '75\n', '61\n', '34\n', '37\n', '17\n', '3\n', '86\n', '76\n', '46\n', '93\n', '78\n', '38\n', '40\n', '0\n', '18\n', '93\n', '15\n', '81\n', '32\n', '79\n', '66\n', '42\n', '9\n', '8\n', '1\n', '1\n', '25\n', '44\n', '62\n', '52\n', '50\n', '67\n', '1\n', '24\n', '59\n', '1\n', '74\n', '20\n', '36\n', '41\n', '51\n', '77\n', '27\n', '96\n', '18\n', '22\n', '2\n', '6\n', '30\n', '21\n', '2\n', '0\n', '1\n', '35\n', '54\n', '72\n', '26\n', '69\n', '73\n', '28\n', '56\n', '16\n']}",1,32.08,1,32.8,1.0,31.45,1.0,31.64,"N = int(eval(input()))
A = list(map(int, input().split()))
B = list(map(int, input().split()))
C = list(map(int, input().split()))
A.sort()
C.sort()
ans = 0
from bisect import bisect, bisect_left
for b in B:
    i = bisect_left(A, b)
    j = bisect(C, b)
    ans += i * (N - j)
print(ans)","var1 = int(eval(input()))
var2 = list(map(int, input().split()))
var3 = list(map(int, input().split()))
var4 = list(map(int, input().split()))
var2.sort()
var4.sort()
var5 = 0
from bisect import bisect, bisect_left
for var6 in var3:
    var7 = bisect_left(var2, var6)
    var8 = bisect(var4, var6)
    var5 += var7 * (var1 - var8)
print(var5)","N = int(eval(input()))
A = list(map(int, input().split()))
B = list(map(int, input().split()))
C = list(map(int, input().split()))
A.sort()
C.sort()
from bisect import bisect_left, bisect
ans = 0
for b in B:
    i = bisect_left(A, b)
    j = bisect(C, b)
    ans += i * (N - j)
print(ans)","'N', 0, 'computedFrom', ['int', 'eval', 'input'], [2, 4, 6]
'int', 2, 'comesFrom', [], []
'eval', 4, 'comesFrom', [], []
'input', 6, 'comesFrom', [], []
'A', 11, 'computedFrom', ['list', 'map', 'int', 'input', 'split'], [13, 15, 17, 19, 23]
'list', 13, 'comesFrom', [], []
'map', 15, 'comesFrom', [], []
'int', 17, 'comesFrom', ['int'], [2]
'input', 19, 'comesFrom', ['input'], [6]
'split', 23, 'comesFrom', [], []
'B', 28, 'computedFrom', ['list', 'map', 'int', 'input', 'split'], [30, 32, 34, 36, 40]
'list', 30, 'comesFrom', ['list'], [13]
'map', 32, 'comesFrom', ['map'], [15]
'int', 34, 'comesFrom', ['int'], [2]
'input', 36, 'comesFrom', ['input'], [6]
'split', 40, 'comesFrom', ['split'], [23]
'C', 45, 'computedFrom', ['list', 'map', 'int', 'input', 'split'], [47, 49, 51, 53, 57]
'list', 47, 'comesFrom', ['list'], [13]
'map', 49, 'comesFrom', ['map'], [15]
'int', 51, 'comesFrom', ['int'], [2]
'input', 53, 'comesFrom', ['input'], [6]
'split', 57, 'comesFrom', ['split'], [23]
'A', 62, 'comesFrom', ['A'], [11]
'sort', 64, 'comesFrom', [], []
'C', 67, 'comesFrom', ['C'], [45]
'sort', 69, 'comesFrom', ['sort'], [64]
'ans', 72, 'computedFrom', ['0'], [74]
'0', 74, 'comesFrom', [], []
'bisect', 76, 'comesFrom', [], []
'bisect', 78, 'comesFrom', ['bisect'], [76]
'bisect_left', 80, 'comesFrom', [], []
'b', 82, 'computedFrom', ['B'], [84]
'B', 84, 'comesFrom', ['B'], [28]
'i', 86, 'computedFrom', ['A', 'b', 'bisect_left'], [88, 90, 92]
'bisect_left', 88, 'comesFrom', ['bisect_left'], [80]
'A', 90, 'comesFrom', ['A'], [11]
'b', 92, 'comesFrom', ['b'], [82]
'j', 94, 'computedFrom', ['bisect', 'b', 'C'], [96, 98, 100]
'bisect', 96, 'comesFrom', ['bisect'], [76]
'C', 98, 'comesFrom', ['C'], [45]
'b', 100, 'comesFrom', ['b'], [82]
'ans', 102, 'computedFrom', ['i', 'j', 'N'], [104, 107, 109]
'i', 104, 'comesFrom', ['i'], [86]
'N', 107, 'comesFrom', ['N'], [0]
'j', 109, 'comesFrom', ['j'], [94]
'ans', 113, 'comesFrom', ['ans'], [102]","'var1', 0, 'computedFrom', ['int', 'eval', 'input'], [2, 4, 6]
'int', 2, 'comesFrom', [], []
'eval', 4, 'comesFrom', [], []
'input', 6, 'comesFrom', [], []
'var2', 11, 'computedFrom', ['list', 'map', 'int', 'input', 'split'], [13, 15, 17, 19, 23]
'list', 13, 'comesFrom', [], []
'map', 15, 'comesFrom', [], []
'int', 17, 'comesFrom', ['int'], [2]
'input', 19, 'comesFrom', ['input'], [6]
'split', 23, 'comesFrom', [], []
'var3', 28, 'computedFrom', ['list', 'map', 'int', 'input', 'split'], [30, 32, 34, 36, 40]
'list', 30, 'comesFrom', ['list'], [13]
'map', 32, 'comesFrom', ['map'], [15]
'int', 34, 'comesFrom', ['int'], [2]
'input', 36, 'comesFrom', ['input'], [6]
'split', 40, 'comesFrom', ['split'], [23]
'var4', 45, 'computedFrom', ['list', 'map', 'int', 'input', 'split'], [47, 49, 51, 53, 57]
'list', 47, 'comesFrom', ['list'], [13]
'map', 49, 'comesFrom', ['map'], [15]
'int', 51, 'comesFrom', ['int'], [2]
'input', 53, 'comesFrom', ['input'], [6]
'split', 57, 'comesFrom', ['split'], [23]
'var2', 62, 'comesFrom', ['var2'], [11]
'sort', 64, 'comesFrom', [], []
'var4', 67, 'comesFrom', ['var4'], [45]
'sort', 69, 'comesFrom', ['sort'], [64]
'var5', 72, 'computedFrom', ['0'], [74]
'0', 74, 'comesFrom', [], []
'bisect', 76, 'comesFrom', [], []
'bisect', 78, 'comesFrom', ['bisect'], [76]
'bisect_left', 80, 'comesFrom', [], []
'var6', 82, 'computedFrom', ['var3'], [84]
'var3', 84, 'comesFrom', ['var3'], [28]
'var7', 86, 'computedFrom', ['var2', 'var6', 'bisect_left'], [88, 90, 92]
'bisect_left', 88, 'comesFrom', ['bisect_left'], [80]
'var2', 90, 'comesFrom', ['var2'], [11]
'var6', 92, 'comesFrom', ['var6'], [82]
'var8', 94, 'computedFrom', ['var4', 'bisect', 'var6'], [96, 98, 100]
'bisect', 96, 'comesFrom', ['bisect'], [76]
'var4', 98, 'comesFrom', ['var4'], [45]
'var6', 100, 'comesFrom', ['var6'], [82]
'var5', 102, 'computedFrom', ['var8', 'var1', 'var7'], [104, 107, 109]
'var7', 104, 'comesFrom', ['var7'], [86]
'var1', 107, 'comesFrom', ['var1'], [0]
'var8', 109, 'comesFrom', ['var8'], [94]
'var5', 113, 'comesFrom', ['var5'], [102]",150016,"import bisect
var1 = int(input())
var2 = list(enumerate([tuple(map(int, input().split(' '))) for var3 in range(var1)]))
var4 = int(input())
var5 = list(map(int, input().split(' ')))
var6 = {var7: [(var8 + 1) for var8, var4 in enumerate(var5) if var4 == var7] for var7 in var5}
var2.sort(key=lambda var9: var9[1][1])
var5.sort()
var10 = len(var5)
var11, var12 = 0, list()
while len(var2) > 0:
    var8, (var13, var14) = var2.pop()
    var15 = bisect.bisect_left(var5, var13)
    if var15 < len(var5):
        var11 += var14
        var12.append((var8 + 1, var6[var5[var15]].pop()))
        del var5[var15]
print('{} {}'.format(var10 - len(var5), var11))
for var16 in var12:
    print('{} {}'.format(*var16))","'bisect', 1, 'comesFrom', [], []
'var1', 2, 'computedFrom', ['int', 'input'], [4, 6]
'int', 4, 'comesFrom', [], []
'input', 6, 'comesFrom', [], []
'var2', 10, 'computedFrom', ['list', 'enumerate', 'tuple', 'map', 'int', 'input', 'split', ""' '"", 'var3', 'range', 'var1'], [12, 14, 17, 19, 21, 23, 27, 29, 34, 36, 38]
'list', 12, 'comesFrom', [], []
'enumerate', 14, 'comesFrom', [], []
'tuple', 17, 'comesFrom', [], []
'map', 19, 'comesFrom', [], []
'int', 21, 'comesFrom', ['int'], [4]
'input', 23, 'comesFrom', ['input'], [6]
'split', 27, 'comesFrom', [], []
""' '"", 29, 'comesFrom', [], []
'var3', 34, 'computedFrom', ['range', 'var1'], [36, 38]
'range', 36, 'comesFrom', [], []
'var1', 38, 'comesFrom', ['var1'], [2]
'var4', 43, 'computedFrom', ['int', 'input'], [45, 47]
'int', 45, 'comesFrom', ['int'], [4]
'input', 47, 'comesFrom', ['input'], [6]
'var5', 51, 'computedFrom', ['list', 'map', 'int', 'input', 'split', ""' '""], [53, 55, 57, 59, 63, 65]
'list', 53, 'comesFrom', ['list'], [12]
'map', 55, 'comesFrom', ['map'], [19]
'int', 57, 'comesFrom', ['int'], [4]
'input', 59, 'comesFrom', ['input'], [6]
'split', 63, 'comesFrom', ['split'], [27]
""' '"", 65, 'comesFrom', [], []
'var6', 69, 'computedFrom', ['var7', 'var8', '1', 'var8', 'var4', 'enumerate', 'var5', 'var4', 'var7', 'var7', 'var5'], [72, 76, 78, 81, 83, 85, 87, 90, 92, 95, 97]
'var7', 72, 'comesFrom', ['var7'], [95]
'var8', 76, 'comesFrom', ['var8'], [81]
'1', 78, 'comesFrom', [], []
'var8', 81, 'computedFrom', ['enumerate', 'var5'], [85, 87]
'var4', 83, 'computedFrom', ['enumerate', 'var5'], [85, 87]
'enumerate', 85, 'comesFrom', ['enumerate'], [14]
'var5', 87, 'comesFrom', ['var5'], [51]
'var4', 90, 'comesFrom', ['var4'], [83]
'var7', 92, 'comesFrom', ['var7'], [95]
'var7', 95, 'computedFrom', ['var5'], [97]
'var5', 97, 'comesFrom', ['var5'], [51]
'var2', 99, 'comesFrom', ['var2'], [10]
'sort', 101, 'comesFrom', [], []
'var9', 106, 'comesFrom', [], []
'var9', 108, 'comesFrom', ['var9'], [106]
'var5', 116, 'comesFrom', ['var5'], [51]
'sort', 118, 'comesFrom', ['sort'], [101]
'var10', 121, 'computedFrom', ['len', 'var5'], [123, 125]
'len', 123, 'comesFrom', [], []
'var5', 125, 'comesFrom', ['var5'], [51]
'var11', 127, 'computedFrom', ['0'], [131]
'var12', 129, 'computedFrom', ['list'], [133]
'0', 131, 'comesFrom', [], []
'list', 133, 'comesFrom', ['list'], [12]
'len', 137, 'comesFrom', ['len'], [123]
'var2', 139, 'comesFrom', ['var2'], [10]
'var8', 144, 'computedFrom', ['var2', 'pop'], [152, 154]
'var13', 147, 'computedFrom', [], []
'var14', 149, 'computedFrom', [], []
'var2', 152, 'comesFrom', ['var2'], [10]
'pop', 154, 'comesFrom', ['pop'], [154]
'var15', 157, 'computedFrom', ['bisect_left', 'bisect', 'var5', 'var13'], [159, 161, 163, 165]
'bisect', 159, 'comesFrom', ['bisect'], [1]
'bisect_left', 161, 'comesFrom', ['bisect_left'], [161]
'var5', 163, 'comesFrom', ['var5'], [51]
'var13', 165, 'comesFrom', ['var13'], [147]
'var15', 168, 'comesFrom', ['var15'], [157]
'len', 170, 'comesFrom', ['len'], [123]
'var5', 172, 'comesFrom', ['var5'], [51]
'var11', 175, 'computedFrom', ['var14'], [177]
'var14', 177, 'comesFrom', ['var14'], [149]
'var12', 178, 'comesFrom', ['var12'], [129]
'append', 180, 'comesFrom', ['append'], [180]
'var8', 183, 'comesFrom', ['var8'], [144]
'var6', 187, 'comesFrom', ['var6'], [69]
'var5', 189, 'comesFrom', ['var5'], [51]
'var15', 191, 'comesFrom', ['var15'], [157]
'pop', 195, 'comesFrom', ['pop'], [154]
'var5', 201, 'comesFrom', ['var5'], [51]
'var15', 203, 'comesFrom', ['var15'], [157]
'print', 205, 'comesFrom', [], []
'format', 209, 'comesFrom', [], []
'var10', 211, 'comesFrom', ['var10'], [121]
'len', 213, 'comesFrom', ['len'], [123]
'var5', 215, 'comesFrom', ['var5'], [51]
'var11', 218, 'comesFrom', ['var11'], [127, 175]
'var16', 222, 'computedFrom', ['var12'], [224]
'var12', 224, 'comesFrom', ['var12'], [129]
'print', 226, 'comesFrom', ['print'], [205]
'format', 230, 'comesFrom', ['format'], [209]
'var16', 233, 'comesFrom', ['var16'], [222]","{'inputs': ['3\n10 10\n3 5\n5 8\n3\n3 4 10\n', '2\n10 10\n5 5\n1\n5\n', '2\n2 100\n1 1000\n1\n2\n', '6\n397 946\n871 126\n800 290\n505 429\n239 43\n320 292\n9\n387 925 9 440 395 320 58 707 994\n', '3\n10 50\n2 100\n5 30\n3\n4 6 9\n'], 'outputs': ['2 15\n1 3\n2 1\n', '1 5\n2 1\n', '1 1000\n2 1\n', '6 2126\n1 4\n4 8\n6 6\n3 2\n2 9\n5 1\n', '2 130\n2 1\n3 2\n']}",140070,"import bisect
var1, var2 = map(int, input().strip().split())
var2 = var2 - 1
var3 = list(map(int, input().strip().split()))
var4 = list(map(int, input().strip().split()))
var5 = len(var3)
var6 = var3[var2] + var4.pop(0)
var4.sort()
var3.sort()
var7 = bisect.bisect(var3, var6)
var8 = bisect.bisect(var3, var3[var5 - 1 - var2])
var9 = 0
for var10 in range(var8, var7):
    var11 = var6 - var3[var10]
    var12 = bisect.bisect(var4, var11) - 1
    if var12 < 0:
        var9 += 1
        continue
    else:
        var4.pop(var12)
print(len(var3) - var7 + var9 + 1)","'bisect', 1, 'comesFrom', [], []
'var1', 2, 'computedFrom', ['map'], [6]
'var2', 4, 'computedFrom', ['int', 'input', 'strip', 'split'], [8, 10, 14, 18]
'map', 6, 'comesFrom', [], []
'int', 8, 'comesFrom', [], []
'input', 10, 'comesFrom', [], []
'strip', 14, 'comesFrom', [], []
'split', 18, 'comesFrom', [], []
'var2', 22, 'computedFrom', ['var2', '1'], [24, 26]
'var2', 24, 'comesFrom', ['var2'], [4]
'1', 26, 'comesFrom', [], []
'var3', 27, 'computedFrom', ['list', 'map', 'int', 'input', 'strip', 'split'], [29, 31, 33, 35, 39, 43]
'list', 29, 'comesFrom', [], []
'map', 31, 'comesFrom', ['map'], [6]
'int', 33, 'comesFrom', ['int'], [8]
'input', 35, 'comesFrom', ['input'], [10]
'strip', 39, 'comesFrom', ['strip'], [14]
'split', 43, 'comesFrom', ['split'], [18]
'var4', 48, 'computedFrom', ['list', 'map', 'int', 'input', 'strip', 'split'], [50, 52, 54, 56, 60, 64]
'list', 50, 'comesFrom', ['list'], [29]
'map', 52, 'comesFrom', ['map'], [6]
'int', 54, 'comesFrom', ['int'], [8]
'input', 56, 'comesFrom', ['input'], [10]
'strip', 60, 'comesFrom', ['strip'], [14]
'split', 64, 'comesFrom', ['split'], [18]
'var5', 69, 'computedFrom', ['len', 'var3'], [71, 73]
'len', 71, 'comesFrom', [], []
'var3', 73, 'comesFrom', ['var3'], [27]
'var6', 75, 'computedFrom', ['var3', 'var2', 'var4', 'pop', '0'], [77, 79, 82, 84, 86]
'var3', 77, 'comesFrom', ['var3'], [27]
'var2', 79, 'comesFrom', ['var2'], [22]
'var4', 82, 'comesFrom', ['var4'], [48]
'pop', 84, 'comesFrom', [], []
'0', 86, 'comesFrom', [], []
'var4', 88, 'comesFrom', ['var4'], [48]
'sort', 90, 'comesFrom', [], []
'var3', 93, 'comesFrom', ['var3'], [27]
'sort', 95, 'comesFrom', ['sort'], [90]
'var7', 98, 'computedFrom', ['bisect', 'bisect', 'var3', 'var6'], [100, 102, 104, 106]
'bisect', 100, 'comesFrom', ['bisect'], [1]
'bisect', 102, 'comesFrom', ['bisect'], [1]
'var3', 104, 'comesFrom', ['var3'], [27]
'var6', 106, 'comesFrom', ['var6'], [75]
'var8', 108, 'computedFrom', ['bisect', 'bisect', 'var3', 'var3', 'var5', '1', 'var2'], [110, 112, 114, 116, 118, 120, 122]
'bisect', 110, 'comesFrom', ['bisect'], [1]
'bisect', 112, 'comesFrom', ['bisect'], [1]
'var3', 114, 'comesFrom', ['var3'], [27]
'var3', 116, 'comesFrom', ['var3'], [27]
'var5', 118, 'comesFrom', ['var5'], [69]
'1', 120, 'comesFrom', [], []
'var2', 122, 'comesFrom', ['var2'], [22]
'var9', 125, 'computedFrom', ['0'], [127]
'0', 127, 'comesFrom', [], []
'var10', 129, 'computedFrom', ['var8', 'var7', 'range'], [131, 133, 135]
'range', 131, 'comesFrom', ['range'], [131]
'var8', 133, 'comesFrom', ['var8'], [108]
'var7', 135, 'comesFrom', ['var7'], [98]
'var11', 138, 'computedFrom', ['var6', 'var10', 'var3'], [140, 142, 144]
'var6', 140, 'comesFrom', ['var6'], [75]
'var3', 142, 'comesFrom', ['var3'], [27]
'var10', 144, 'comesFrom', ['var10'], [129]
'var12', 146, 'computedFrom', ['1', 'bisect', 'var4', 'var11'], [148, 150, 152, 154, 157]
'bisect', 148, 'comesFrom', ['bisect'], [1]
'bisect', 150, 'comesFrom', ['bisect'], [1]
'var4', 152, 'comesFrom', ['var4'], [48]
'var11', 154, 'comesFrom', ['var11'], [138]
'1', 157, 'comesFrom', [], []
'var12', 159, 'comesFrom', ['var12'], [146]
'var9', 163, 'computedFrom', ['1'], [165]
'1', 165, 'comesFrom', [], []
'var4', 169, 'comesFrom', ['var4'], [48]
'pop', 171, 'comesFrom', ['pop'], [84]
'var12', 173, 'comesFrom', ['var12'], [146]
'len', 177, 'comesFrom', ['len'], [71]
'var3', 179, 'comesFrom', ['var3'], [27]
'var7', 182, 'comesFrom', ['var7'], [98]
'var9', 184, 'comesFrom', ['var9'], [125, 163]","{'inputs': ['4 4\n29 25 13 9\n3 2 1 0\n', '4 4\n29 25 13 10\n20 9 8 0\n', '4 4\n29 25 13 0\n20 9 8 0\n', '4 1\n29 25 13 9\n3 2 1 0\n', '4 2\n29 28 27 9\n1 1 1 0\n'], 'outputs': ['4\n', '2\n', '3\n', '1\n', '1\n']}",150684,"import bisect
var1 = int(input())
var2 = [int(var3) for var3 in input().split()]
var2.sort()
var4 = int(input())
var5 = [int(var3) for var3 in input().split()]
var5.sort()
var6 = var1 * 3 - var4 * 3
var7 = [var1 * 3, var4 * 3]
for var8 in range(var1):
    var9 = bisect.bisect_left(var5, var2[var8])
    var10 = var8 * 2 + (var1 - var8) * 3 - (var9 * 2 + (var4 - var9) * 3)
    if var10 > var6 or var10 == var6 and var8 * 2 + (var1 - var8) * 3 > var7[0]:
        var6 = var10
        var7 = [var8 * 2 + (var1 - var8) * 3, var9 * 2 + (var4 - var9) * 3]
if var1 * 2 - var4 * 2 > var6 or var1 * 2 - var4 * 2 == var6 and var1 * 2 > var7[0]:
    var7 = [var1 * 2, var4 * 2]
print(':'.join(list(map(str, var7))))","'bisect', 1, 'comesFrom', [], []
'var1', 2, 'computedFrom', ['int', 'input'], [4, 6]
'int', 4, 'comesFrom', [], []
'input', 6, 'comesFrom', [], []
'var2', 10, 'computedFrom', ['int', 'var3', 'var3', 'input', 'split'], [13, 15, 18, 20, 24]
'int', 13, 'comesFrom', ['int'], [4]
'var3', 15, 'comesFrom', ['var3'], [18]
'var3', 18, 'computedFrom', ['input', 'split'], [20, 24]
'input', 20, 'comesFrom', ['input'], [6]
'split', 24, 'comesFrom', [], []
'var2', 28, 'comesFrom', ['var2'], [10]
'sort', 30, 'comesFrom', [], []
'var4', 33, 'computedFrom', ['int', 'input'], [35, 37]
'int', 35, 'comesFrom', ['int'], [4]
'input', 37, 'comesFrom', ['input'], [6]
'var5', 41, 'computedFrom', ['int', 'var3', 'var3', 'input', 'split'], [44, 46, 49, 51, 55]
'int', 44, 'comesFrom', ['int'], [4]
'var3', 46, 'comesFrom', ['var3'], [49]
'var3', 49, 'computedFrom', ['input', 'split'], [51, 55]
'input', 51, 'comesFrom', ['input'], [6]
'split', 55, 'comesFrom', ['split'], [24]
'var5', 59, 'comesFrom', ['var5'], [41]
'sort', 61, 'comesFrom', ['sort'], [30]
'var6', 64, 'computedFrom', ['var1', '3', 'var4', '3'], [66, 68, 70, 72]
'var1', 66, 'comesFrom', ['var1'], [2]
'3', 68, 'comesFrom', [], []
'var4', 70, 'comesFrom', ['var4'], [33]
'3', 72, 'comesFrom', [], []
'var7', 73, 'computedFrom', ['var1', '3', 'var4', '3'], [76, 78, 80, 82]
'var1', 76, 'comesFrom', ['var1'], [2]
'3', 78, 'comesFrom', [], []
'var4', 80, 'comesFrom', ['var4'], [33]
'3', 82, 'comesFrom', [], []
'var8', 85, 'computedFrom', ['var1', 'range'], [87, 89]
'range', 87, 'comesFrom', ['range'], [87]
'var1', 89, 'comesFrom', ['var1'], [2]
'var9', 92, 'computedFrom', ['bisect', 'var5', 'var2', 'bisect_left', 'var8'], [94, 96, 98, 100, 102]
'bisect', 94, 'comesFrom', ['bisect'], [1]
'bisect_left', 96, 'comesFrom', ['bisect_left'], [96]
'var5', 98, 'comesFrom', ['var5'], [41]
'var2', 100, 'comesFrom', ['var2'], [10]
'var8', 102, 'comesFrom', ['var8'], [85]
'var10', 105, 'computedFrom', ['var9', 'var4', 'var1', '3', 'var8', '2'], [107, 109, 112, 114, 117, 120, 122, 125, 127, 130]
'var8', 107, 'comesFrom', ['var8'], [85]
'2', 109, 'comesFrom', [], []
'var1', 112, 'comesFrom', ['var1'], [2]
'var8', 114, 'comesFrom', ['var8'], [85]
'3', 117, 'comesFrom', [], []
'var9', 120, 'comesFrom', ['var9'], [92]
'2', 122, 'comesFrom', [], []
'var4', 125, 'comesFrom', ['var4'], [33]
'var9', 127, 'comesFrom', ['var9'], [92]
'3', 130, 'comesFrom', [], []
'var10', 133, 'comesFrom', ['var10'], [105]
'var6', 135, 'comesFrom', ['var6'], [64, 158]
'var10', 137, 'comesFrom', ['var10'], [105]
'var6', 139, 'comesFrom', ['var6'], [64, 158]
'var8', 141, 'comesFrom', ['var8'], [85]
'var1', 146, 'comesFrom', ['var1'], [2]
'var8', 148, 'comesFrom', ['var8'], [85]
'var7', 153, 'comesFrom', ['var7'], [73, 161]
'var6', 158, 'computedFrom', ['var10'], [160]
'var10', 160, 'comesFrom', ['var10'], [105]
'var7', 161, 'computedFrom', ['var9', 'var4', 'var1', '3', 'var8', '2'], [164, 166, 169, 171, 174, 176, 178, 181, 183, 186]
'var8', 164, 'comesFrom', ['var8'], [85]
'2', 166, 'comesFrom', [], []
'var1', 169, 'comesFrom', ['var1'], [2]
'var8', 171, 'comesFrom', ['var8'], [85]
'3', 174, 'comesFrom', [], []
'var9', 176, 'comesFrom', ['var9'], [92]
'2', 178, 'comesFrom', [], []
'var4', 181, 'comesFrom', ['var4'], [33]
'var9', 183, 'comesFrom', ['var9'], [92]
'3', 186, 'comesFrom', [], []
'var1', 189, 'comesFrom', ['var1'], [2]
'var4', 193, 'comesFrom', ['var4'], [33]
'var6', 197, 'comesFrom', ['var6'], [64, 158]
'var1', 199, 'comesFrom', ['var1'], [2]
'var4', 203, 'comesFrom', ['var4'], [33]
'var6', 207, 'comesFrom', ['var6'], [64, 158]
'var1', 209, 'comesFrom', ['var1'], [2]
'var7', 213, 'comesFrom', ['var7'], [73, 161]
'var7', 218, 'computedFrom', ['var1', '2', 'var4', '2'], [221, 223, 225, 227]
'var1', 221, 'comesFrom', ['var1'], [2]
'2', 223, 'comesFrom', [], []
'var4', 225, 'comesFrom', ['var4'], [33]
'2', 227, 'comesFrom', [], []
'var7', 241, 'comesFrom', ['var7'], [73, 161, 218]","{'inputs': ['3\n1 2 3\n3\n6 4 5\n', '1\n7\n6\n6 7 8 9 10 11\n', '3\n1 2 3\n3\n1 2 3\n', '5\n6 7 8 9 10\n5\n1 2 3 4 5\n', '1\n1\n2\n1 2\n'], 'outputs': ['9:9\n', '2:12\n', '9:9\n', '15:10\n', '2:4\n']}",125182,"var1, var2 = map(int, input().split())
var3 = sorted(list(map(int, input().split())))
import bisect
if var2 == var3[var1 // 2]:
    print(0)
elif var2 > var3[var1 // 2]:
    var4 = 0
    var5 = bisect.bisect_left(var3, var2)
    for var6 in range(var1 // 2, var5):
        var4 += var2 - var3[var6]
    print(var4)
else:
    var4 = 0
    var5 = bisect.bisect(var3, var2)
    for var6 in range(var5, var1 // 2 + 1):
        var4 += var3[var6] - var2
    print(var4)","'var1', 0, 'computedFrom', ['map'], [4]
'var2', 2, 'computedFrom', ['int', 'input', 'split'], [6, 8, 12]
'map', 4, 'comesFrom', [], []
'int', 6, 'comesFrom', [], []
'input', 8, 'comesFrom', [], []
'split', 12, 'comesFrom', [], []
'var3', 16, 'computedFrom', ['sorted', 'list', 'map', 'int', 'input', 'split'], [18, 20, 22, 24, 26, 30]
'sorted', 18, 'comesFrom', [], []
'list', 20, 'comesFrom', [], []
'map', 22, 'comesFrom', ['map'], [4]
'int', 24, 'comesFrom', ['int'], [6]
'input', 26, 'comesFrom', ['input'], [8]
'split', 30, 'comesFrom', ['split'], [12]
'bisect', 37, 'comesFrom', [], []
'var2', 39, 'comesFrom', ['var2'], [2]
'var3', 41, 'comesFrom', ['var3'], [16]
'var1', 43, 'comesFrom', ['var1'], [0]
'var2', 53, 'comesFrom', ['var2'], [2]
'var3', 55, 'comesFrom', ['var3'], [16]
'var1', 57, 'comesFrom', ['var1'], [0]
'var4', 62, 'computedFrom', ['0'], [64]
'0', 64, 'comesFrom', [], []
'var5', 65, 'computedFrom', ['bisect', 'bisect_left', 'var3', 'var2'], [67, 69, 71, 73]
'bisect', 67, 'comesFrom', ['bisect'], [37]
'bisect_left', 69, 'comesFrom', [], []
'var3', 71, 'comesFrom', ['var3'], [16]
'var2', 73, 'comesFrom', ['var2'], [2]
'var6', 76, 'computedFrom', ['var1', 'range', '2', 'var5'], [78, 80, 82, 84]
'range', 78, 'comesFrom', ['range'], [78]
'var1', 80, 'comesFrom', ['var1'], [0]
'2', 82, 'comesFrom', [], []
'var5', 84, 'comesFrom', ['var5'], [65]
'var4', 87, 'computedFrom', ['var2', 'var6', 'var3'], [89, 91, 93]
'var2', 89, 'comesFrom', ['var2'], [2]
'var3', 91, 'comesFrom', ['var3'], [16]
'var6', 93, 'comesFrom', ['var6'], [76]
'var4', 97, 'comesFrom', ['var4'], [87]
'var4', 101, 'computedFrom', ['0'], [103]
'0', 103, 'comesFrom', [], []
'var5', 104, 'computedFrom', ['bisect', 'bisect', 'var3', 'var2'], [106, 108, 110, 112]
'bisect', 106, 'comesFrom', ['bisect'], [37]
'bisect', 108, 'comesFrom', ['bisect'], [37]
'var3', 110, 'comesFrom', ['var3'], [16]
'var2', 112, 'comesFrom', ['var2'], [2]
'var6', 115, 'computedFrom', ['var5', 'var1', 'range', '1', '2'], [117, 119, 121, 123, 125]
'range', 117, 'comesFrom', ['range'], [117]
'var5', 119, 'comesFrom', ['var5'], [104]
'var1', 121, 'comesFrom', ['var1'], [0]
'2', 123, 'comesFrom', [], []
'1', 125, 'comesFrom', [], []
'var4', 128, 'computedFrom', ['var2', 'var6', 'var3'], [130, 132, 135]
'var3', 130, 'comesFrom', ['var3'], [16]
'var6', 132, 'comesFrom', ['var6'], [115]
'var2', 135, 'comesFrom', ['var2'], [2]
'var4', 138, 'comesFrom', ['var4'], [128]","{'inputs': ['3 10\n5 5 10\n', '1 1\n100000\n', '3 8\n6 5 8\n', '7 20\n21 15 12 11 20 19 12\n', '1 1\n1\n'], 'outputs': ['5\n', '99999\n', '2\n', '6\n', '0\n']}","#### Reference Example 1:
### Python Program:
```python
import bisect
var1 = int(input())
var2 = list(enumerate([tuple(map(int, input().split(' '))) for var3 in range(var1)]))
var4 = int(input())
var5 = list(map(int, input().split(' ')))
var6 = {var7: [(var8 + 1) for var8, var4 in enumerate(var5) if var4 == var7] for var7 in var5}
var2.sort(key=lambda var9: var9[1][1])
var5.sort()
var10 = len(var5)
var11, var12 = 0, list()
while len(var2) > 0:
    var8, (var13, var14) = var2.pop()
    var15 = bisect.bisect_left(var5, var13)
    if var15 < len(var5):
        var11 += var14
        var12.append((var8 + 1, var6[var5[var15]].pop()))
        del var5[var15]
print('{} {}'.format(var10 - len(var5), var11))
for var16 in var12:
    print('{} {}'.format(*var16))
```

### Input/Output Unit Test Cases:
```Input/Output Unit Test Cases
## Test Case 1:
Input: '3
10 10
3 5
5 8
3
3 4 10'
Output: '2 15
1 3
2 1'

## Test Case 2:
Input: '2
10 10
5 5
1
5'
Output: '1 5
2 1'

## Test Case 3:
Input: '2
2 100
1 1000
1
2'
Output: '1 1000
2 1'

## Test Case 4:
Input: '6
397 946
871 126
800 290
505 429
239 43
320 292
9
387 925 9 440 395 320 58 707 994'
Output: '6 2126
1 4
4 8
6 6
3 2
2 9
5 1'

## Test Case 5:
Input: '3
10 50
2 100
5 30
3
4 6 9'
Output: '2 130
2 1
3 2'

```

#### Reference Example 2:
### Python Program:
```python
import bisect
var1, var2 = map(int, input().strip().split())
var2 = var2 - 1
var3 = list(map(int, input().strip().split()))
var4 = list(map(int, input().strip().split()))
var5 = len(var3)
var6 = var3[var2] + var4.pop(0)
var4.sort()
var3.sort()
var7 = bisect.bisect(var3, var6)
var8 = bisect.bisect(var3, var3[var5 - 1 - var2])
var9 = 0
for var10 in range(var8, var7):
    var11 = var6 - var3[var10]
    var12 = bisect.bisect(var4, var11) - 1
    if var12 < 0:
        var9 += 1
        continue
    else:
        var4.pop(var12)
print(len(var3) - var7 + var9 + 1)
```

### Input/Output Unit Test Cases:
```Input/Output Unit Test Cases
## Test Case 1:
Input: '4 4
29 25 13 9
3 2 1 0'
Output: '4'

## Test Case 2:
Input: '4 4
29 25 13 10
20 9 8 0'
Output: '2'

## Test Case 3:
Input: '4 4
29 25 13 0
20 9 8 0'
Output: '3'

## Test Case 4:
Input: '4 1
29 25 13 9
3 2 1 0'
Output: '1'

## Test Case 5:
Input: '4 2
29 28 27 9
1 1 1 0'
Output: '1'

```

#### Reference Example 3:
### Python Program:
```python
import bisect
var1 = int(input())
var2 = [int(var3) for var3 in input().split()]
var2.sort()
var4 = int(input())
var5 = [int(var3) for var3 in input().split()]
var5.sort()
var6 = var1 * 3 - var4 * 3
var7 = [var1 * 3, var4 * 3]
for var8 in range(var1):
    var9 = bisect.bisect_left(var5, var2[var8])
    var10 = var8 * 2 + (var1 - var8) * 3 - (var9 * 2 + (var4 - var9) * 3)
    if var10 > var6 or var10 == var6 and var8 * 2 + (var1 - var8) * 3 > var7[0]:
        var6 = var10
        var7 = [var8 * 2 + (var1 - var8) * 3, var9 * 2 + (var4 - var9) * 3]
if var1 * 2 - var4 * 2 > var6 or var1 * 2 - var4 * 2 == var6 and var1 * 2 > var7[0]:
    var7 = [var1 * 2, var4 * 2]
print(':'.join(list(map(str, var7))))
```

### Input/Output Unit Test Cases:
```Input/Output Unit Test Cases
## Test Case 1:
Input: '3
1 2 3
3
6 4 5'
Output: '9:9'

## Test Case 2:
Input: '1
7
6
6 7 8 9 10 11'
Output: '2:12'

## Test Case 3:
Input: '3
1 2 3
3
1 2 3'
Output: '9:9'

## Test Case 4:
Input: '5
6 7 8 9 10
5
1 2 3 4 5'
Output: '15:10'

## Test Case 5:
Input: '1
1
2
1 2'
Output: '2:4'

```

#### Reference Example 4:
### Python Program:
```python
var1, var2 = map(int, input().split())
var3 = sorted(list(map(int, input().split())))
import bisect
if var2 == var3[var1 // 2]:
    print(0)
elif var2 > var3[var1 // 2]:
    var4 = 0
    var5 = bisect.bisect_left(var3, var2)
    for var6 in range(var1 // 2, var5):
        var4 += var2 - var3[var6]
    print(var4)
else:
    var4 = 0
    var5 = bisect.bisect(var3, var2)
    for var6 in range(var5, var1 // 2 + 1):
        var4 += var3[var6] - var2
    print(var4)
```

### Input/Output Unit Test Cases:
```Input/Output Unit Test Cases
## Test Case 1:
Input: '3 10
5 5 10'
Output: '5'

## Test Case 2:
Input: '1 1
100000'
Output: '99999'

## Test Case 3:
Input: '3 8
6 5 8'
Output: '2'

## Test Case 4:
Input: '7 20
21 15 12 11 20 19 12'
Output: '6'

## Test Case 5:
Input: '1 1
1'
Output: '0'

```

"
u671060652,p02952,python,s923935687,s007434774,222,60,40940,61860,Accepted,Accepted,72.97,"n = int(eval(input()))





def countKeta(num):

    count = 1

    while num / 10 >= 1:

        count += 1

        num = num // 10

    return count





count = 0



for i in range(1, n+1):

    if(countKeta(i) % 2 == 1):

        count += 1



print(count)","n = int(eval(input()))



if n < 10:

    print(n)

elif n < 100:

    print((9))

elif n < 1000:

    print((n-90))

elif n < 10000:

    print((909))

elif n < 100000:

    print((n-9090))

elif n < 1000000:

    print((90909))",18,14,255,213,"n = int(eval(input()))


def countKeta(num):
    count = 1
    while num / 10 >= 1:
        count += 1
        num = num // 10
    return count


count = 0
for i in range(1, n + 1):
    if countKeta(i) % 2 == 1:
        count += 1
print(count)
","n = int(eval(input()))
if n < 10:
    print(n)
elif n < 100:
    print((9))
elif n < 1000:
    print((n - 90))
elif n < 10000:
    print((909))
elif n < 100000:
    print((n - 9090))
elif n < 1000000:
    print((90909))
",False,22.22222222,"['-', '-', '-def countKeta(num):', '-    count = 1', '-    while num / 10 >= 1:', '-        count += 1', '-        num = num // 10', '-    return count', '-', '-', '-count = 0', '-for i in range(1, n + 1):', '-    if countKeta(i) % 2 == 1:', '-        count += 1', '-print(count)', '+if n < 10:', '+    print(n)', '+elif n < 100:', '+    print((9))', '+elif n < 1000:', '+    print((n - 90))', '+elif n < 10000:', '+    print((909))', '+elif n < 100000:', '+    print((n - 9090))', '+elif n < 1000000:', '+    print((90909))']",False,0.269353598,0.192955421,1.395936934,"['s923935687', 's007434774']","{'inputs': ['100000\n', '11\n', '136\n'], 'outputs': ['90909\n', '9\n', '46\n']}","{'inputs': ['163\n', '133\n', '121\n', '251\n', '102\n', '8\n', '212\n', '166\n', '168\n', '122\n', '164\n', '145\n', '110\n', '0\n', '143\n', '190\n', '160\n', '359\n', '105\n', '174\n', '179\n', '3\n', '4\n', '159\n', '114\n', '198\n', '128\n', '252\n', '224\n', '289\n', '182\n', '263\n', '213\n', '215\n', '123\n', '218\n', '36\n', '1\n', '2\n', '176\n', '230\n', '103\n', '100\n', '201\n', '106\n', '152\n', '149\n', '161\n', '282\n', '130\n', '154\n', '158\n', '100010\n', '137\n', '236\n', '184\n', '135\n', '155\n', '210\n', '107\n', '362\n', '129\n', '124\n', '132\n', '395\n', '339\n', '126\n', '151\n', '5\n', '109\n', '277\n', '214\n', '312\n', '127\n', '228\n', '112\n', '165\n', '187\n', '108\n', '199\n', '113\n', '104\n', '6\n', '287\n', '162\n', '157\n', '125\n', '134\n', '148\n', '101\n', '140\n', '116\n', '172\n', '194\n', '7\n', '220\n', '189\n', '273\n', '167\n', '111\n'], 'outputs': ['73\n', '43\n', '31\n', '161\n', '12\n', '8\n', '122\n', '76\n', '78\n', '32\n', '74\n', '55\n', '20\n', '0\n', '53\n', '100\n', '70\n', '269\n', '15\n', '84\n', '89\n', '3\n', '4\n', '69\n', '24\n', '108\n', '38\n', '162\n', '134\n', '199\n', '92\n', '173\n', '123\n', '125\n', '33\n', '128\n', '9\n', '1\n', '2\n', '86\n', '140\n', '13\n', '10\n', '111\n', '16\n', '62\n', '59\n', '71\n', '192\n', '40\n', '64\n', '68\n', '90909\n', '47\n', '146\n', '94\n', '45\n', '65\n', '120\n', '17\n', '272\n', '39\n', '34\n', '42\n', '305\n', '249\n', '36\n', '61\n', '5\n', '19\n', '187\n', '124\n', '222\n', '37\n', '138\n', '22\n', '75\n', '97\n', '18\n', '109\n', '23\n', '14\n', '6\n', '197\n', '72\n', '67\n', '35\n', '44\n', '58\n', '11\n', '50\n', '26\n', '82\n', '104\n', '7\n', '130\n', '99\n', '183\n', '77\n', '21\n']}",1,14318.39,1,24.08,1.0,482.25,1.0,21.91,"n = int(eval(input()))
def countKeta(num):
    count = 1
    while num / 10 >= 1:
        count += 1
        num = num // 10
    return count
count = 0
for i in range(1, n + 1):
    if countKeta(i) % 2 == 1:
        count += 1
print(count)","var1 = int(eval(input()))
def function1(var2):
    var3 = 1
    while var2 / 10 >= 1:
        var3 += 1
        var2 = var2 // 10
    return var3
var3 = 0
for var4 in range(1, var1 + 1):
    if function1(var4) % 2 == 1:
        var3 += 1
print(var3)","n = int(eval(input()))
if n < 10:
    print(n)
elif n < 100:
    print(9)
elif n < 1000:
    print(n - 90)
elif n < 10000:
    print(909)
elif n < 100000:
    print(n - 9090)
elif n < 1000000:
    print(90909)","'n', 0, 'computedFrom', ['int', 'eval', 'input'], [2, 4, 6]
'int', 2, 'comesFrom', [], []
'eval', 4, 'comesFrom', [], []
'input', 6, 'comesFrom', [], []
'countKeta', 12, 'comesFrom', [], []
'num', 14, 'comesFrom', [], []
'count', 17, 'computedFrom', ['1'], [19]
'1', 19, 'comesFrom', [], []
'num', 21, 'comesFrom', ['num'], [14, 30]
'count', 27, 'computedFrom', ['1'], [29]
'1', 29, 'comesFrom', [], []
'num', 30, 'computedFrom', ['10', 'num'], [32, 34]
'num', 32, 'comesFrom', ['num'], [14, 30]
'10', 34, 'comesFrom', [], []
'count', 36, 'comesFrom', ['count'], [27]
'count', 37, 'computedFrom', ['0'], [39]
'0', 39, 'comesFrom', [], []
'i', 41, 'computedFrom', ['range', 'n', '1'], [43, 45, 47, 49]
'range', 43, 'comesFrom', ['range'], [43]
'1', 45, 'comesFrom', [], []
'n', 47, 'comesFrom', ['n'], [0]
'1', 49, 'comesFrom', [], []
'countKeta', 53, 'comesFrom', ['countKeta'], [12]
'i', 55, 'comesFrom', ['i'], [41]
'count', 62, 'computedFrom', ['1'], [64]
'1', 64, 'comesFrom', [], []
'count', 67, 'comesFrom', ['count'], [37, 62]","'var1', 0, 'computedFrom', ['int', 'eval', 'input'], [2, 4, 6]
'int', 2, 'comesFrom', [], []
'eval', 4, 'comesFrom', [], []
'input', 6, 'comesFrom', [], []
'function1', 12, 'comesFrom', [], []
'var2', 14, 'comesFrom', [], []
'var3', 17, 'computedFrom', ['1'], [19]
'1', 19, 'comesFrom', [], []
'var2', 21, 'comesFrom', ['var2'], [14, 30]
'var3', 27, 'computedFrom', ['1'], [29]
'1', 29, 'comesFrom', [], []
'var2', 30, 'computedFrom', ['var2', '10'], [32, 34]
'var2', 32, 'comesFrom', ['var2'], [14, 30]
'10', 34, 'comesFrom', [], []
'var3', 36, 'comesFrom', ['var3'], [27]
'var3', 37, 'computedFrom', ['0'], [39]
'0', 39, 'comesFrom', [], []
'var4', 41, 'computedFrom', ['range', 'var1', '1'], [43, 45, 47, 49]
'range', 43, 'comesFrom', ['range'], [43]
'1', 45, 'comesFrom', [], []
'var1', 47, 'comesFrom', ['var1'], [0]
'1', 49, 'comesFrom', [], []
'function1', 53, 'comesFrom', ['function1'], [12]
'var4', 55, 'comesFrom', ['var4'], [41]
'var3', 62, 'computedFrom', ['1'], [64]
'1', 64, 'comesFrom', [], []
'var3', 67, 'comesFrom', ['var3'], [37, 62]",152156,"var1, var2, var3 = map(int, input().split())


def function1(var4, var5):
    while var4 < var5:
        if var6[var4] != var6[var5]:
            return False
        var4 += 1
        var5 -= 1
    return True


var6 = [0] * var1


def function2(var7):
    if var7 == var1:
        for var8 in range(var1 - var3 + 1):
            if not function1(var8, var8 + var3 - 1):
                return
        var9 = ''
        for var8 in range(var1):
            var9 = var9 + str(var6[var8]) + ' '
        print(var9)
    else:
        for var8 in range(var2):
            var6[var7] = var8
            function2(var7 + 1)


var10 = 0
var11 = 1000000000.0 + 7
var11 = int(var11)
if var3 > var1 or var3 == 1:
    var10 = 1
    for var8 in range(var1):
        var10 = var10 * var2 % var11
    print(var10)
elif var1 == var3:
    var10 = 1
    for var8 in range((var1 + 1) // 2):
        var10 = var10 * var2 % var11
    print(var10)
elif var1 > var3:
    var10 = var2
    if var3 % 2 == 1:
        var10 += var2 * (var2 - 1)
    print(var10 % var11)","'var1', 0, 'computedFrom', ['map', 'int', 'input', 'split'], [6, 8, 10, 14]
'var2', 2, 'computedFrom', ['map', 'int', 'input', 'split'], [6, 8, 10, 14]
'var3', 4, 'computedFrom', ['map', 'int', 'input', 'split'], [6, 8, 10, 14]
'map', 6, 'comesFrom', [], []
'int', 8, 'comesFrom', [], []
'input', 10, 'comesFrom', [], []
'split', 14, 'comesFrom', [], []
'function1', 19, 'comesFrom', [], []
'var4', 21, 'comesFrom', [], []
'var5', 23, 'comesFrom', [], []
'var4', 27, 'comesFrom', ['var4'], [21, 44]
'var5', 29, 'comesFrom', ['var5'], [23, 47]
'var6', 32, 'comesFrom', ['var6'], [32]
'var4', 34, 'comesFrom', ['var4'], [21, 44]
'var6', 37, 'comesFrom', ['var6'], [32]
'var5', 39, 'comesFrom', ['var5'], [23, 47]
'var4', 44, 'computedFrom', ['1'], [46]
'1', 46, 'comesFrom', [], []
'var5', 47, 'computedFrom', ['1'], [49]
'1', 49, 'comesFrom', [], []
'var6', 52, 'computedFrom', ['0', 'var1'], [55, 58]
'0', 55, 'comesFrom', [], []
'var1', 58, 'comesFrom', ['var1'], [0]
'function2', 60, 'comesFrom', [], []
'var7', 62, 'comesFrom', [], []
'var7', 66, 'comesFrom', ['var7'], [62]
'var1', 68, 'comesFrom', ['var1'], [0]
'var8', 71, 'computedFrom', ['1', 'var1', 'range', 'var3'], [73, 75, 77, 79]
'range', 73, 'comesFrom', ['range'], [73]
'var1', 75, 'comesFrom', ['var1'], [0]
'var3', 77, 'comesFrom', ['var3'], [4]
'1', 79, 'comesFrom', [], []
'function1', 84, 'comesFrom', ['function1'], [19]
'var8', 86, 'comesFrom', ['var8'], [71]
'var8', 88, 'comesFrom', ['var8'], [71]
'var3', 90, 'comesFrom', ['var3'], [4]
'var9', 96, 'computedFrom', [""''""], [98]
""''"", 98, 'comesFrom', [], []
'var8', 100, 'computedFrom', ['var1', 'range'], [102, 104]
'range', 102, 'comesFrom', ['range'], [73]
'var1', 104, 'comesFrom', ['var1'], [0]
'var9', 107, 'computedFrom', ['var9', 'var6', 'str', ""' '"", 'var8'], [109, 111, 113, 115, 119]
'var9', 109, 'comesFrom', ['var9'], [96, 107]
'str', 111, 'comesFrom', ['str'], [111]
'var6', 113, 'comesFrom', ['var6'], [52]
'var8', 115, 'comesFrom', ['var8'], [100]
""' '"", 119, 'comesFrom', [], []
'print', 120, 'comesFrom', [], []
'var9', 122, 'comesFrom', ['var9'], [107]
'var8', 127, 'computedFrom', ['var2', 'range'], [129, 131]
'range', 129, 'comesFrom', ['range'], [129]
'var2', 131, 'comesFrom', ['var2'], [2]
'var6', 134, 'computedFrom', ['var8'], [139]
'var7', 136, 'computedFrom', ['var8'], [139]
'var8', 139, 'comesFrom', ['var8'], [127]
'function2', 140, 'comesFrom', ['function2'], [60]
'var7', 142, 'comesFrom', ['var7'], [136]
'var10', 146, 'computedFrom', ['0'], [148]
'0', 148, 'comesFrom', [], []
'var11', 149, 'computedFrom', ['1000000000.0', '7'], [151, 153]
'1000000000.0', 151, 'comesFrom', [], []
'7', 153, 'comesFrom', [], []
'var11', 154, 'computedFrom', ['int', 'var11'], [156, 158]
'int', 156, 'comesFrom', ['int'], [8]
'var11', 158, 'comesFrom', ['var11'], [149]
'var3', 161, 'comesFrom', ['var3'], [4]
'var1', 163, 'comesFrom', ['var1'], [0]
'var3', 165, 'comesFrom', ['var3'], [4]
'var10', 169, 'computedFrom', ['1'], [171]
'1', 171, 'comesFrom', [], []
'var8', 173, 'computedFrom', ['var1', 'range'], [175, 177]
'range', 175, 'comesFrom', ['range'], [73, 129]
'var1', 177, 'comesFrom', ['var1'], [0]
'var10', 180, 'computedFrom', ['var2', 'var10', 'var11'], [182, 184, 186]
'var10', 182, 'comesFrom', ['var10'], [169, 180]
'var2', 184, 'comesFrom', ['var2'], [2]
'var11', 186, 'comesFrom', ['var11'], [154]
'print', 187, 'comesFrom', ['print'], [120]
'var10', 189, 'comesFrom', ['var10'], [180]
'var1', 192, 'comesFrom', ['var1'], [0]
'var3', 194, 'comesFrom', ['var3'], [4]
'var10', 196, 'computedFrom', ['1'], [198]
'1', 198, 'comesFrom', [], []
'var8', 200, 'computedFrom', ['1', 'var1', 'range', '2'], [202, 205, 207, 210]
'range', 202, 'comesFrom', ['range'], [73, 129]
'var1', 205, 'comesFrom', ['var1'], [0]
'1', 207, 'comesFrom', [], []
'2', 210, 'comesFrom', [], []
'var10', 213, 'computedFrom', ['var2', 'var10', 'var11'], [215, 217, 219]
'var10', 215, 'comesFrom', ['var10'], [196, 213]
'var2', 217, 'comesFrom', ['var2'], [2]
'var11', 219, 'comesFrom', ['var11'], [154]
'print', 220, 'comesFrom', ['print'], [120]
'var10', 222, 'comesFrom', ['var10'], [213]
'var1', 225, 'comesFrom', ['var1'], [0]
'var3', 227, 'comesFrom', ['var3'], [4]
'var10', 229, 'computedFrom', ['var2'], [231]
'var2', 231, 'comesFrom', ['var2'], [2]
'var3', 233, 'comesFrom', ['var3'], [4]
'var10', 239, 'computedFrom', ['var2', 'var2', '1'], [241, 244, 246]
'var2', 241, 'comesFrom', ['var2'], [2]
'var2', 244, 'comesFrom', ['var2'], [2]
'1', 246, 'comesFrom', [], []
'print', 248, 'comesFrom', ['print'], [120]
'var10', 250, 'comesFrom', ['var10'], [229, 239]
'var11', 252, 'comesFrom', ['var11'], [154]","{'inputs': ['1451 239 1451\n', '11 2 11\n', '7 10 7\n', '997 1752 1000\n', '11 2 5\n'], 'outputs': ['968856942\n', '64\n', '10000\n', '184834849\n', '4\n']}",152346,"var1, var2 = list(map(int, input().split()))
var3 = list(map(int, input().split()))
var4 = [(0) for var5 in range(1, var1 + 1)]


def function1():
    for var5 in range(1, var1 + 1):
        if not var5 in var4:
            return var5


for var5 in range(var2 - 1):
    var6 = var3[var5 + 1] - var3[var5]
    if var6 <= 0:
        var6 += var1
    var4[var3[var5] - 1] = var6
for var5 in range(var1):
    if var4[var5] == 0:
        var4[var5] = function1()
var7 = [0] * 100
for var5 in range(var1):
    var7[var4[var5] - 1] += 1


def function2():
    for var5 in range(var1):
        if var7[var5] > 1:
            print(-1)
            return
    var8 = var3[0] - 1
    var9 = var4[var8]
    for var5 in range(var2 - 1):
        var8 = (var8 + var9) % var1
        var9 = var4[var8]
        if var8 + 1 != var3[var5 + 1]:
            print(-1)
            return
    for var5 in range(var1):
        print(var4[var5], end=' ')


function2()","'var1', 0, 'computedFrom', ['list'], [4]
'var2', 2, 'computedFrom', ['map', 'int', 'input', 'split'], [6, 8, 10, 14]
'list', 4, 'comesFrom', [], []
'map', 6, 'comesFrom', [], []
'int', 8, 'comesFrom', [], []
'input', 10, 'comesFrom', [], []
'split', 14, 'comesFrom', [], []
'var3', 19, 'computedFrom', ['list', 'map', 'int', 'input', 'split'], [21, 23, 25, 27, 31]
'list', 21, 'comesFrom', ['list'], [4]
'map', 23, 'comesFrom', ['map'], [6]
'int', 25, 'comesFrom', ['int'], [8]
'input', 27, 'comesFrom', ['input'], [10]
'split', 31, 'comesFrom', ['split'], [14]
'var4', 36, 'computedFrom', ['0', 'var5', 'range', '1', 'var1', '1'], [40, 43, 45, 47, 49, 51]
'0', 40, 'comesFrom', [], []
'var5', 43, 'computedFrom', ['range', '1', 'var1', '1'], [45, 47, 49, 51]
'range', 45, 'comesFrom', [], []
'1', 47, 'comesFrom', [], []
'var1', 49, 'comesFrom', ['var1'], [0]
'1', 51, 'comesFrom', [], []
'function1', 55, 'comesFrom', [], []
'var5', 60, 'computedFrom', ['1', 'var1', 'range'], [62, 64, 66, 68]
'range', 62, 'comesFrom', ['range'], [45]
'1', 64, 'comesFrom', [], []
'var1', 66, 'comesFrom', ['var1'], [0]
'1', 68, 'comesFrom', [], []
'var5', 73, 'comesFrom', ['var5'], [60]
'var4', 75, 'comesFrom', ['var4'], [36]
'var5', 78, 'comesFrom', ['var5'], [60]
'var5', 80, 'computedFrom', ['1', 'var2', 'range'], [82, 84, 86]
'range', 82, 'comesFrom', ['range'], [45]
'var2', 84, 'comesFrom', ['var2'], [2]
'1', 86, 'comesFrom', ['1'], [117]
'var6', 89, 'computedFrom', ['1', 'var5', 'var3'], [91, 93, 95, 98, 100]
'var3', 91, 'comesFrom', ['var3'], [19, 112]
'var5', 93, 'comesFrom', ['var5'], [80]
'1', 95, 'comesFrom', ['1'], [117]
'var3', 98, 'comesFrom', ['var3'], [19, 112]
'var5', 100, 'comesFrom', ['var5'], [80]
'var6', 103, 'comesFrom', ['var6'], [89]
'var6', 107, 'computedFrom', ['var1'], [109]
'var1', 109, 'comesFrom', ['var1'], [0]
'var4', 110, 'computedFrom', ['var6'], [120]
'var3', 112, 'computedFrom', ['var6'], [120]
'var5', 114, 'computedFrom', ['var6'], [120]
'1', 117, 'computedFrom', ['var6'], [120]
'var6', 120, 'comesFrom', ['var6'], [89, 107]
'var5', 122, 'computedFrom', ['var1', 'range'], [124, 126]
'range', 124, 'comesFrom', ['range'], [45]
'var1', 126, 'comesFrom', ['var1'], [0]
'var4', 130, 'comesFrom', ['var4'], [110, 137]
'var5', 132, 'comesFrom', ['var5'], [122]
'var4', 137, 'computedFrom', ['function1'], [142]
'var5', 139, 'computedFrom', ['function1'], [142]
'function1', 142, 'comesFrom', ['function1'], [55]
'var7', 145, 'computedFrom', ['0', '100'], [148, 151]
'0', 148, 'comesFrom', [], []
'100', 151, 'comesFrom', [], []
'var5', 153, 'computedFrom', ['var1', 'range'], [155, 157]
'range', 155, 'comesFrom', ['range'], [45]
'var1', 157, 'comesFrom', ['var1'], [0]
'var7', 160, 'computedFrom', ['1'], [170]
'var4', 162, 'computedFrom', ['1'], [170]
'var5', 164, 'computedFrom', ['1'], [170]
'1', 167, 'computedFrom', ['1'], [170]
'1', 170, 'comesFrom', ['1'], [117, 167]
'function2', 172, 'comesFrom', [], []
'var5', 177, 'computedFrom', ['var1', 'range'], [179, 181]
'range', 179, 'comesFrom', ['range'], [45]
'var1', 181, 'comesFrom', ['var1'], [0]
'var7', 185, 'comesFrom', ['var7'], [160]
'var5', 187, 'comesFrom', ['var5'], [177]
'1', 190, 'comesFrom', ['1'], [167]
'print', 192, 'comesFrom', ['print'], [192]
'1', 195, 'comesFrom', ['1'], [167]
'var8', 198, 'computedFrom', ['var3', '0', '1'], [200, 202, 205]
'var3', 200, 'comesFrom', ['var3'], [112]
'0', 202, 'comesFrom', [], []
'1', 205, 'comesFrom', ['1'], [167]
'var9', 206, 'computedFrom', ['var4', 'var8'], [208, 210]
'var4', 208, 'comesFrom', ['var4'], [162]
'var8', 210, 'comesFrom', ['var8'], [198]
'var5', 213, 'computedFrom', ['1', 'var2', 'range'], [215, 217, 219]
'range', 215, 'comesFrom', ['range'], [45]
'var2', 217, 'comesFrom', ['var2'], [2]
'1', 219, 'comesFrom', ['1'], [167]
'var8', 222, 'computedFrom', ['var8', 'var9', 'var1'], [225, 227, 230]
'var8', 225, 'comesFrom', ['var8'], [198, 222]
'var9', 227, 'comesFrom', ['var9'], [206, 231]
'var1', 230, 'comesFrom', ['var1'], [0]
'var9', 231, 'computedFrom', ['var8', 'var4'], [233, 235]
'var4', 233, 'comesFrom', ['var4'], [162]
'var8', 235, 'comesFrom', ['var8'], [222]
'var8', 238, 'comesFrom', ['var8'], [222]
'1', 240, 'comesFrom', ['1'], [167]
'var3', 242, 'comesFrom', ['var3'], [112]
'var5', 244, 'comesFrom', ['var5'], [213]
'1', 246, 'comesFrom', ['1'], [167]
'print', 249, 'comesFrom', ['print'], [192]
'1', 252, 'comesFrom', ['1'], [167]
'var5', 256, 'computedFrom', ['var1', 'range'], [258, 260]
'range', 258, 'comesFrom', ['range'], [45]
'var1', 260, 'comesFrom', ['var1'], [0]
'print', 263, 'comesFrom', ['print'], [192]
'var4', 265, 'comesFrom', ['var4'], [162]
'var5', 267, 'comesFrom', ['var5'], [256]
'end', 270, 'comesFrom', ['end'], [270]
'function2', 274, 'comesFrom', ['function2'], [172]","{'inputs': ['100 100\n96 73 23 74 35 44 75 13 62 50 76 63 29 45 24 63 29 45 24 63 29 45 24 63 29 45 24 63 29 45 24 63 29 45 24 63 29 45 24 63 29 45 24 63 29 45 24 63 29 45 24 63 29 45 24 63 29 45 24 63 29 45 24 63 29 45 24 63 29 45 24 63 29 45 24 63 29 45 24 63 29 45 24 63 29 45 24 63 29 45 24 63 29 45 24 63 29 45 24 63\n', '100 100\n82 51 81 14 37 17 78 92 64 15 8 86 89 8 87 77 66 10 15 12 100 25 92 47 21 78 20 63 13 49 41 36 41 79 16 87 87 69 3 76 80 60 100 49 70 59 72 8 38 71 45 97 71 14 76 54 81 4 59 46 39 29 92 3 49 22 53 99 59 52 74 31 92 43 42 23 44 9 82 47 7 40 12 9 3 55 37 85 46 22 84 52 98 41 21 77 63 17 62 91\n', '10 4\n5 6 5 7\n', '6 8\n2 5 4 2 5 4 2 5\n', '5 7\n4 3 4 3 3 4 5\n'], 'outputs': ['1 2 3 4 5 6 7 8 10 11 12 13 49 14 15 17 18 19 20 21 22 23 51 39 24 25 27 28 16 29 30 32 33 34 9 35 36 37 40 41 42 43 44 31 79 45 46 47 48 26 52 53 54 55 56 57 58 59 60 62 63 88 66 64 65 67 68 69 70 71 72 73 50 61 38 87 74 75 76 78 80 81 82 83 84 85 86 89 90 91 92 93 94 95 96 77 97 98 99 100\n', '-1\n', '-1\n', '1 3 2 4 5 6\n', '-1\n']}",130855,"var1, var2 = map(int, input().split())
var3 = ''
var4 = [0] * 109
var5 = 0


def function1(var6, var7):
    for var8 in range(var7):
        var6 += '0'
    return var6


if var2 == 0 and var1 == 1:
    print('0 0')
    return
if var2 == 0 or var2 > var1 * 9:
    print('-1 -1')
    return
var9 = var2
for var8 in range(9, 0, -1):
    while var9 - var8 >= 0:
        var9 -= var8
        var3 += chr(var8 + 48)
var7 = var10 = var1 - 1
var9 = var2
for var8 in range(1, 10):
    if var7 == 0:
        break
    while var9 - var8 >= 0 and var5 == 0:
        if var7 == 0:
            break
        var11 = (var9 - var8) // var7 + ((var9 - var8) % var7 != 0)
        if var11 <= 9:
            var4[0] = var8
            var9 -= var8
            var7 -= 1
            var5 = 1
        else:
            break
for var8 in range(9, 0, -1):
    while var9 - var8 >= 0:
        var9 -= var8
        var4[var10] = var8
        var10 -= 1
var3 = function1(var3, var1 - len(var3))
for var8 in range(var1):
    print(var4[var8], end='', sep='')
print(' ' + var3)","'var1', 0, 'computedFrom', ['map'], [4]
'var2', 2, 'computedFrom', ['int', 'input', 'split'], [6, 8, 12]
'map', 4, 'comesFrom', [], []
'int', 6, 'comesFrom', [], []
'input', 8, 'comesFrom', [], []
'split', 12, 'comesFrom', [], []
'var3', 16, 'computedFrom', [""''""], [18]
""''"", 18, 'comesFrom', [], []
'var4', 19, 'computedFrom', ['0', '109'], [22, 25]
'0', 22, 'comesFrom', [], []
'109', 25, 'comesFrom', [], []
'var5', 26, 'computedFrom', ['0'], [28]
'0', 28, 'comesFrom', [], []
'function1', 30, 'comesFrom', [], []
'var7', 34, 'comesFrom', [], []
'var8', 38, 'computedFrom', ['var7', 'range'], [40, 42]
'range', 40, 'comesFrom', ['range'], [40]
'var7', 42, 'comesFrom', ['var7'], [34]
'var6', 45, 'computedFrom', [""'0'""], [47]
""'0'"", 47, 'comesFrom', [], []
'var6', 49, 'comesFrom', ['var6'], [45]
'var2', 51, 'comesFrom', ['var2'], [2]
'var1', 55, 'comesFrom', ['var1'], [0]
'print', 59, 'comesFrom', [], []
'var2', 65, 'comesFrom', ['var2'], [2]
'var2', 69, 'comesFrom', ['var2'], [2]
'var1', 71, 'comesFrom', ['var1'], [0]
'print', 75, 'comesFrom', ['print'], [59]
'var9', 80, 'computedFrom', ['var2'], [82]
'var2', 82, 'comesFrom', ['var2'], [2]
'var8', 84, 'computedFrom', ['1', '0', 'range', '9'], [86, 88, 90, 93]
'range', 86, 'comesFrom', ['range'], [40]
'9', 88, 'comesFrom', [], []
'0', 90, 'comesFrom', [], []
'1', 93, 'comesFrom', [], []
'var9', 97, 'comesFrom', ['var9'], [80, 103]
'var8', 99, 'comesFrom', ['var8'], [84]
'var9', 103, 'computedFrom', ['var8'], [105]
'var8', 105, 'comesFrom', ['var8'], [84]
'var3', 106, 'computedFrom', ['chr', '48', 'var8'], [108, 110, 112]
'chr', 108, 'comesFrom', ['chr'], [108]
'var8', 110, 'comesFrom', ['var8'], [84]
'48', 112, 'comesFrom', [], []
'var7', 114, 'computedFrom', ['var10', 'var1', '1'], [116, 118, 120]
'var10', 116, 'computedFrom', ['var1', '1'], [118, 120]
'var1', 118, 'comesFrom', ['var1'], [0]
'1', 120, 'comesFrom', [], []
'var9', 121, 'computedFrom', ['var2'], [123]
'var2', 123, 'comesFrom', ['var2'], [2]
'var8', 125, 'computedFrom', ['10', '1', 'range'], [127, 129, 131]
'range', 127, 'comesFrom', ['range'], [40]
'1', 129, 'comesFrom', [], []
'10', 131, 'comesFrom', [], []
'var7', 135, 'comesFrom', ['var7'], [114, 192]
'0', 137, 'comesFrom', ['0'], [185]
'var9', 141, 'comesFrom', ['var9'], [121, 189]
'var8', 143, 'comesFrom', ['var8'], [125]
'0', 145, 'comesFrom', ['0'], [185]
'var5', 147, 'comesFrom', ['var5'], [26, 195]
'0', 149, 'comesFrom', ['0'], [185]
'var7', 152, 'comesFrom', ['var7'], [114, 192]
'0', 154, 'comesFrom', ['0'], [185]
'var11', 157, 'computedFrom', ['var8', 'var9', '0', 'var7'], [160, 162, 165, 169, 171, 174, 176]
'var9', 160, 'comesFrom', ['var9'], [121, 189]
'var8', 162, 'comesFrom', ['var8'], [125]
'var7', 165, 'comesFrom', ['var7'], [114, 192]
'var9', 169, 'comesFrom', ['var9'], [121, 189]
'var8', 171, 'comesFrom', ['var8'], [125]
'var7', 174, 'comesFrom', ['var7'], [114, 192]
'0', 176, 'comesFrom', ['0'], [185]
'var11', 179, 'comesFrom', ['var11'], [157]
'var4', 183, 'computedFrom', ['var8'], [188]
'0', 185, 'computedFrom', ['var8'], [188]
'var8', 188, 'comesFrom', ['var8'], [125]
'var9', 189, 'computedFrom', ['var8'], [191]
'var8', 191, 'comesFrom', ['var8'], [125]
'var7', 192, 'computedFrom', ['1'], [194]
'1', 194, 'comesFrom', [], []
'var5', 195, 'computedFrom', ['1'], [197]
'1', 197, 'comesFrom', [], []
'var8', 202, 'computedFrom', ['1', '0', 'range', '9'], [204, 206, 208, 211]
'range', 204, 'comesFrom', ['range'], [40]
'9', 206, 'comesFrom', [], []
'0', 208, 'comesFrom', ['0'], [185]
'1', 211, 'comesFrom', [], []
'var9', 215, 'comesFrom', ['var9'], [121, 189, 221]
'var8', 217, 'comesFrom', ['var8'], [202]
'0', 219, 'comesFrom', ['0'], [185]
'var9', 221, 'computedFrom', ['var8'], [223]
'var8', 223, 'comesFrom', ['var8'], [202]
'var4', 224, 'computedFrom', ['var8'], [229]
'var10', 226, 'computedFrom', ['var8'], [229]
'var8', 229, 'comesFrom', ['var8'], [202]
'var10', 230, 'computedFrom', ['1'], [232]
'1', 232, 'comesFrom', [], []
'var3', 233, 'computedFrom', ['function1', 'var3', 'var1', 'len', 'var3'], [235, 237, 239, 241, 243]
'function1', 235, 'comesFrom', ['function1'], [30]
'var3', 237, 'comesFrom', ['var3'], [106]
'var1', 239, 'comesFrom', ['var1'], [0]
'len', 241, 'comesFrom', [], []
'var3', 243, 'comesFrom', ['var3'], [106]
'var8', 247, 'computedFrom', ['var1', 'range'], [249, 251]
'range', 249, 'comesFrom', ['range'], [40]
'var1', 251, 'comesFrom', ['var1'], [0]
'print', 254, 'comesFrom', ['print'], [59]
'var4', 256, 'comesFrom', ['var4'], [224]
'var8', 258, 'comesFrom', ['var8'], [247]
'end', 261, 'comesFrom', ['end'], [261]
'sep', 265, 'comesFrom', ['sep'], [265]
'print', 269, 'comesFrom', ['print'], [59]
'var3', 273, 'comesFrom', ['var3'], [233]","{'inputs': ['96 364\n', '3 100\n', '3 27\n', '100 301\n', '3 26\n'], 'outputs': ['100000000000000000000000000000000000000000000000000000039999999999999999999999999999999999999999 999999999999999999999999999999999999999940000000000000000000000000000000000000000000000000000000\n', '-1 -1\n', '999 999\n', '1000000000000000000000000000000000000000000000000000000000000000003999999999999999999999999999999999 9999999999999999999999999999999994000000000000000000000000000000000000000000000000000000000000000000\n', '899 998\n']}",149429,"var1, var2 = map(int, input().split())
var3 = 0
var4 = 0
for var5 in range(1, var1 + 1):
    var6 = pow(var5 / var1, var2) - var4
    var4 += var6
    var3 += var5 * var6
print(var3)
return


def function1(var7, var8):
    if var8 == 1:
        return 1 / var1
    var3 = 0.0
    for var5 in range(1, var7):
        var3 += function1(var5, var8 - 1) / var1
    var3 += function1(var7, var8 - 1) * var7 / var1
    return var3


def function2():
    var3 = 0
    for var5 in range(1, var1 + 1):
        var3 += var5 * function1(var5, var2)
    var9 = 0
    var4 = 0
    for var5 in range(1, var1 + 1):
        var6 = pow(var5 / var1, var2) - var4
        var4 += var6
        var9 += var5 * var6
    print('ans2', var9)
    print('ans ', var3)
    return var3


var10 = 6
for var5 in range(1, var10):
    for var11 in range(1, var10):
        var1, var2 = var5, var11
        function2()
    print()","'var1', 0, 'computedFrom', ['map'], [4]
'var2', 2, 'computedFrom', ['int', 'input', 'split'], [6, 8, 12]
'map', 4, 'comesFrom', [], []
'int', 6, 'comesFrom', [], []
'input', 8, 'comesFrom', [], []
'split', 12, 'comesFrom', [], []
'var3', 16, 'computedFrom', ['0'], [18]
'0', 18, 'comesFrom', [], []
'var4', 19, 'computedFrom', ['0'], [21]
'0', 21, 'comesFrom', [], []
'var5', 23, 'computedFrom', ['1', 'var1', 'range'], [25, 27, 29, 31]
'range', 25, 'comesFrom', ['range'], [25]
'1', 27, 'comesFrom', [], []
'var1', 29, 'comesFrom', ['var1'], [0]
'1', 31, 'comesFrom', [], []
'var6', 34, 'computedFrom', ['var5', 'pow', 'var4', 'var1', 'var2'], [36, 38, 40, 42, 45]
'pow', 36, 'comesFrom', ['pow'], [36]
'var5', 38, 'comesFrom', ['var5'], [23]
'var1', 40, 'comesFrom', ['var1'], [0]
'var2', 42, 'comesFrom', ['var2'], [2]
'var4', 45, 'comesFrom', ['var4'], [19, 46]
'var4', 46, 'computedFrom', ['var6'], [48]
'var6', 48, 'comesFrom', ['var6'], [34]
'var3', 49, 'computedFrom', ['var5', 'var6'], [51, 53]
'var5', 51, 'comesFrom', ['var5'], [23]
'var6', 53, 'comesFrom', ['var6'], [34]
'print', 54, 'comesFrom', [], []
'var3', 56, 'comesFrom', ['var3'], [49]
'function1', 60, 'comesFrom', [], []
'var7', 62, 'comesFrom', [], []
'var8', 64, 'comesFrom', [], []
'var8', 68, 'comesFrom', ['var8'], [64]
'var1', 75, 'comesFrom', ['var1'], [0]
'var3', 76, 'computedFrom', ['0.0'], [78]
'0.0', 78, 'comesFrom', [], []
'var5', 80, 'computedFrom', ['var7', '1', 'range'], [82, 84, 86]
'range', 82, 'comesFrom', ['range'], [25]
'1', 84, 'comesFrom', [], []
'var7', 86, 'comesFrom', ['var7'], [62]
'var3', 89, 'computedFrom', ['function1', 'var5', 'var1', 'var8', '1'], [91, 93, 95, 97, 100]
'function1', 91, 'comesFrom', ['function1'], [60]
'var5', 93, 'comesFrom', ['var5'], [80]
'var8', 95, 'comesFrom', ['var8'], [64]
'1', 97, 'comesFrom', [], []
'var1', 100, 'comesFrom', ['var1'], [0]
'var3', 101, 'computedFrom', ['function1', 'var7', 'var8', '1', 'var7', 'var1'], [103, 105, 107, 109, 112, 114]
'function1', 103, 'comesFrom', ['function1'], [60]
'var7', 105, 'comesFrom', ['var7'], [62]
'var8', 107, 'comesFrom', ['var8'], [64]
'1', 109, 'comesFrom', [], []
'var7', 112, 'comesFrom', ['var7'], [62]
'var1', 114, 'comesFrom', ['var1'], [0]
'var3', 116, 'comesFrom', ['var3'], [101]
'function2', 118, 'comesFrom', [], []
'var3', 122, 'computedFrom', ['0'], [124]
'0', 124, 'comesFrom', [], []
'var5', 126, 'computedFrom', ['1', 'var1', 'range'], [128, 130, 132, 134]
'range', 128, 'comesFrom', ['range'], [25]
'1', 130, 'comesFrom', [], []
'var1', 132, 'comesFrom', ['var1'], [0]
'1', 134, 'comesFrom', [], []
'var3', 137, 'computedFrom', ['var2', 'function1', 'var5'], [139, 141, 143, 145]
'var5', 139, 'comesFrom', ['var5'], [126]
'function1', 141, 'comesFrom', ['function1'], [60]
'var5', 143, 'comesFrom', ['var5'], [126]
'var2', 145, 'comesFrom', ['var2'], [2]
'var9', 147, 'computedFrom', ['0'], [149]
'0', 149, 'comesFrom', [], []
'var4', 150, 'computedFrom', ['0'], [152]
'0', 152, 'comesFrom', [], []
'var5', 154, 'computedFrom', ['1', 'var1', 'range'], [156, 158, 160, 162]
'range', 156, 'comesFrom', ['range'], [25]
'1', 158, 'comesFrom', [], []
'var1', 160, 'comesFrom', ['var1'], [0]
'1', 162, 'comesFrom', [], []
'var6', 165, 'computedFrom', ['var5', 'pow', 'var4', 'var1', 'var2'], [167, 169, 171, 173, 176]
'pow', 167, 'comesFrom', ['pow'], [36]
'var5', 169, 'comesFrom', ['var5'], [154]
'var1', 171, 'comesFrom', ['var1'], [0]
'var2', 173, 'comesFrom', ['var2'], [2]
'var4', 176, 'comesFrom', ['var4'], [150, 177]
'var4', 177, 'computedFrom', ['var6'], [179]
'var6', 179, 'comesFrom', ['var6'], [165]
'var9', 180, 'computedFrom', ['var5', 'var6'], [182, 184]
'var5', 182, 'comesFrom', ['var5'], [154]
'var6', 184, 'comesFrom', ['var6'], [165]
'print', 185, 'comesFrom', ['print'], [54]
'var9', 189, 'comesFrom', ['var9'], [180]
'print', 191, 'comesFrom', ['print'], [54]
'var3', 195, 'comesFrom', ['var3'], [137]
'var3', 198, 'comesFrom', ['var3'], [137]
'var10', 199, 'computedFrom', ['6'], [201]
'6', 201, 'comesFrom', [], []
'var5', 203, 'computedFrom', ['1', 'range', 'var10'], [205, 207, 209]
'range', 205, 'comesFrom', ['range'], [25]
'1', 207, 'comesFrom', [], []
'var10', 209, 'comesFrom', ['var10'], [199]
'var11', 213, 'computedFrom', ['1', 'range', 'var10'], [215, 217, 219]
'range', 215, 'comesFrom', ['range'], [25]
'1', 217, 'comesFrom', [], []
'var10', 219, 'comesFrom', ['var10'], [199]
'var1', 222, 'computedFrom', ['var5'], [226]
'var2', 224, 'computedFrom', ['var11'], [228]
'var5', 226, 'comesFrom', ['var5'], [203]
'var11', 228, 'comesFrom', ['var11'], [213]
'function2', 229, 'comesFrom', ['function2'], [118]
'print', 232, 'comesFrom', ['print'], [54]","{'inputs': ['88888 88888\n', '53033 3\n', '5 8\n', '6 3\n', '4 25132\n'], 'outputs': ['88887.418034499773\n', '39775.249995286234\n', '4.814773760000\n', '4.958333333333\n', '4.000000000000\n']}","#### Reference Example 1:
### Python Program:
```python
var1, var2, var3 = map(int, input().split())


def function1(var4, var5):
    while var4 < var5:
        if var6[var4] != var6[var5]:
            return False
        var4 += 1
        var5 -= 1
    return True


var6 = [0] * var1


def function2(var7):
    if var7 == var1:
        for var8 in range(var1 - var3 + 1):
            if not function1(var8, var8 + var3 - 1):
                return
        var9 = ''
        for var8 in range(var1):
            var9 = var9 + str(var6[var8]) + ' '
        print(var9)
    else:
        for var8 in range(var2):
            var6[var7] = var8
            function2(var7 + 1)


var10 = 0
var11 = 1000000000.0 + 7
var11 = int(var11)
if var3 > var1 or var3 == 1:
    var10 = 1
    for var8 in range(var1):
        var10 = var10 * var2 % var11
    print(var10)
elif var1 == var3:
    var10 = 1
    for var8 in range((var1 + 1) // 2):
        var10 = var10 * var2 % var11
    print(var10)
elif var1 > var3:
    var10 = var2
    if var3 % 2 == 1:
        var10 += var2 * (var2 - 1)
    print(var10 % var11)
```

### Input/Output Unit Test Cases:
```Input/Output Unit Test Cases
## Test Case 1:
Input: '1451 239 1451'
Output: '968856942'

## Test Case 2:
Input: '11 2 11'
Output: '64'

## Test Case 3:
Input: '7 10 7'
Output: '10000'

## Test Case 4:
Input: '997 1752 1000'
Output: '184834849'

## Test Case 5:
Input: '11 2 5'
Output: '4'

```

#### Reference Example 2:
### Python Program:
```python
var1, var2 = list(map(int, input().split()))
var3 = list(map(int, input().split()))
var4 = [(0) for var5 in range(1, var1 + 1)]


def function1():
    for var5 in range(1, var1 + 1):
        if not var5 in var4:
            return var5


for var5 in range(var2 - 1):
    var6 = var3[var5 + 1] - var3[var5]
    if var6 <= 0:
        var6 += var1
    var4[var3[var5] - 1] = var6
for var5 in range(var1):
    if var4[var5] == 0:
        var4[var5] = function1()
var7 = [0] * 100
for var5 in range(var1):
    var7[var4[var5] - 1] += 1


def function2():
    for var5 in range(var1):
        if var7[var5] > 1:
            print(-1)
            return
    var8 = var3[0] - 1
    var9 = var4[var8]
    for var5 in range(var2 - 1):
        var8 = (var8 + var9) % var1
        var9 = var4[var8]
        if var8 + 1 != var3[var5 + 1]:
            print(-1)
            return
    for var5 in range(var1):
        print(var4[var5], end=' ')


function2()
```

### Input/Output Unit Test Cases:
```Input/Output Unit Test Cases
## Test Case 1:
Input: '100 100
96 73 23 74 35 44 75 13 62 50 76 63 29 45 24 63 29 45 24 63 29 45 24 63 29 45 24 63 29 45 24 63 29 45 24 63 29 45 24 63 29 45 24 63 29 45 24 63 29 45 24 63 29 45 24 63 29 45 24 63 29 45 24 63 29 45 24 63 29 45 24 63 29 45 24 63 29 45 24 63 29 45 24 63 29 45 24 63 29 45 24 63 29 45 24 63 29 45 24 63'
Output: '1 2 3 4 5 6 7 8 10 11 12 13 49 14 15 17 18 19 20 21 22 23 51 39 24 25 27 28 16 29 30 32 33 34 9 35 36 37 40 41 42 43 44 31 79 45 46 47 48 26 52 53 54 55 56 57 58 59 60 62 63 88 66 64 65 67 68 69 70 71 72 73 50 61 38 87 74 75 76 78 80 81 82 83 84 85 86 89 90 91 92 93 94 95 96 77 97 98 99 100'

## Test Case 2:
Input: '100 100
82 51 81 14 37 17 78 92 64 15 8 86 89 8 87 77 66 10 15 12 100 25 92 47 21 78 20 63 13 49 41 36 41 79 16 87 87 69 3 76 80 60 100 49 70 59 72 8 38 71 45 97 71 14 76 54 81 4 59 46 39 29 92 3 49 22 53 99 59 52 74 31 92 43 42 23 44 9 82 47 7 40 12 9 3 55 37 85 46 22 84 52 98 41 21 77 63 17 62 91'
Output: '-1'

## Test Case 3:
Input: '10 4
5 6 5 7'
Output: '-1'

## Test Case 4:
Input: '6 8
2 5 4 2 5 4 2 5'
Output: '1 3 2 4 5 6'

## Test Case 5:
Input: '5 7
4 3 4 3 3 4 5'
Output: '-1'

```

#### Reference Example 3:
### Python Program:
```python
var1, var2 = map(int, input().split())
var3 = ''
var4 = [0] * 109
var5 = 0


def function1(var6, var7):
    for var8 in range(var7):
        var6 += '0'
    return var6


if var2 == 0 and var1 == 1:
    print('0 0')
    return
if var2 == 0 or var2 > var1 * 9:
    print('-1 -1')
    return
var9 = var2
for var8 in range(9, 0, -1):
    while var9 - var8 >= 0:
        var9 -= var8
        var3 += chr(var8 + 48)
var7 = var10 = var1 - 1
var9 = var2
for var8 in range(1, 10):
    if var7 == 0:
        break
    while var9 - var8 >= 0 and var5 == 0:
        if var7 == 0:
            break
        var11 = (var9 - var8) // var7 + ((var9 - var8) % var7 != 0)
        if var11 <= 9:
            var4[0] = var8
            var9 -= var8
            var7 -= 1
            var5 = 1
        else:
            break
for var8 in range(9, 0, -1):
    while var9 - var8 >= 0:
        var9 -= var8
        var4[var10] = var8
        var10 -= 1
var3 = function1(var3, var1 - len(var3))
for var8 in range(var1):
    print(var4[var8], end='', sep='')
print(' ' + var3)
```

### Input/Output Unit Test Cases:
```Input/Output Unit Test Cases
## Test Case 1:
Input: '96 364'
Output: '100000000000000000000000000000000000000000000000000000039999999999999999999999999999999999999999 999999999999999999999999999999999999999940000000000000000000000000000000000000000000000000000000'

## Test Case 2:
Input: '3 100'
Output: '-1 -1'

## Test Case 3:
Input: '3 27'
Output: '999 999'

## Test Case 4:
Input: '100 301'
Output: '1000000000000000000000000000000000000000000000000000000000000000003999999999999999999999999999999999 9999999999999999999999999999999994000000000000000000000000000000000000000000000000000000000000000000'

## Test Case 5:
Input: '3 26'
Output: '899 998'

```

#### Reference Example 4:
### Python Program:
```python
var1, var2 = map(int, input().split())
var3 = 0
var4 = 0
for var5 in range(1, var1 + 1):
    var6 = pow(var5 / var1, var2) - var4
    var4 += var6
    var3 += var5 * var6
print(var3)
return


def function1(var7, var8):
    if var8 == 1:
        return 1 / var1
    var3 = 0.0
    for var5 in range(1, var7):
        var3 += function1(var5, var8 - 1) / var1
    var3 += function1(var7, var8 - 1) * var7 / var1
    return var3


def function2():
    var3 = 0
    for var5 in range(1, var1 + 1):
        var3 += var5 * function1(var5, var2)
    var9 = 0
    var4 = 0
    for var5 in range(1, var1 + 1):
        var6 = pow(var5 / var1, var2) - var4
        var4 += var6
        var9 += var5 * var6
    print('ans2', var9)
    print('ans ', var3)
    return var3


var10 = 6
for var5 in range(1, var10):
    for var11 in range(1, var10):
        var1, var2 = var5, var11
        function2()
    print()
```

### Input/Output Unit Test Cases:
```Input/Output Unit Test Cases
## Test Case 1:
Input: '88888 88888'
Output: '88887.418034499773'

## Test Case 2:
Input: '53033 3'
Output: '39775.249995286234'

## Test Case 3:
Input: '5 8'
Output: '4.814773760000'

## Test Case 4:
Input: '6 3'
Output: '4.958333333333'

## Test Case 5:
Input: '4 25132'
Output: '4.000000000000'

```

"
u837286475,p02996,python,s244057022,s796254109,1201,941,53532,53600,Accepted,Accepted,21.65,"



n = int(eval(input()))



abn = [list(map(int,input().split())) for _ in range(n)]





abn.sort()

abn.sort(key = lambda x:x[1])





#print(abn)



ts = 0 # time_stamp

enable = True

for abi in abn:

    a, b = abi



    if not ts + a <= b:

        enable = False

        break

    else:

        ts += a



print(('Yes' if enable else 'No'))","

n = int(eval(input()))



abn = [list(map(int,input().split())) for _ in range(n)]





#abn.sort()

abn.sort(key = lambda x:x[1])





#print(abn)



ts = 0 # time_stamp

enable = True

for abi in abn:

    a, b = abi



    if not ts + a <= b:

        enable = False

        break

    else:

        ts += a



print(('Yes' if enable else 'No'))",25,24,345,344,"n = int(eval(input()))
abn = [list(map(int, input().split())) for _ in range(n)]
abn.sort()
abn.sort(key=lambda x: x[1])
# print(abn)
ts = 0  # time_stamp
enable = True
for abi in abn:
    a, b = abi
    if not ts + a <= b:
        enable = False
        break
    else:
        ts += a
print((""Yes"" if enable else ""No""))
","n = int(eval(input()))
abn = [list(map(int, input().split())) for _ in range(n)]
# abn.sort()
abn.sort(key=lambda x: x[1])
# print(abn)
ts = 0  # time_stamp
enable = True
for abi in abn:
    a, b = abi
    if not ts + a <= b:
        enable = False
        break
    else:
        ts += a
print((""Yes"" if enable else ""No""))
",False,4.0,"['-abn.sort()', '+# abn.sort()']",False,0.205832685,0.006162455,33.40108478,"['s244057022', 's796254109']","{'inputs': ['5\n2 4\n1 9\n1 8\n4 9\n3 12\n', '30\n384 8895\n1725 9791\n170 1024\n4 11105\n2 6\n578 1815\n702 3352\n143 5141\n1420 6980\n24 1602\n849 999\n76 7586\n85 5570\n444 4991\n719 11090\n470 10708\n1137 4547\n455 9003\n110 9901\n15 8578\n368 3692\n104 1286\n3 4\n366 12143\n7 6649\n610 2374\n152 7324\n4 7042\n292 11386\n334 5720\n', '3\n334 1000\n334 1000\n334 1000\n'], 'outputs': ['Yes\n', 'Yes\n', 'No\n']}","{'inputs': ['30\n226 14752\n1725 13964\n170 1024\n4 11105\n2 6\n578 1815\n88 3352\n1 5141\n1420 11731\n24 2491\n849 999\n76 7586\n61 5570\n639 4991\n719 11090\n545 10708\n1083 4547\n455 9003\n110 4240\n26 8578\n718 1885\n4 903\n1 2\n366 464\n1 6649\n610 2374\n152 7324\n4 7042\n166 11386\n53 5720\n', '5\n0 4\n4 34\n0 1\n8 17\n2 2\n', '30\n226 8895\n1725 9791\n170 1024\n4 11105\n2 6\n578 1815\n702 3352\n143 5141\n1420 11731\n24 1602\n849 999\n76 7586\n85 5570\n444 4991\n719 11090\n470 10708\n1083 4547\n455 9003\n110 9901\n15 8578\n718 3692\n4 1286\n1 4\n366 12143\n7 6649\n610 2374\n152 7324\n4 7042\n292 11386\n53 5720\n', '3\n334 1100\n146 1000\n631 0000\n', '30\n226 8895\n1725 9791\n170 1024\n4 11105\n2 6\n578 1815\n702 3352\n143 5141\n1420 11731\n24 1602\n849 999\n76 7586\n85 5570\n444 4991\n719 11090\n470 10708\n1083 4547\n455 9003\n110 9901\n15 8578\n718 3692\n4 1286\n1 4\n366 12143\n7 6649\n610 2374\n152 7324\n4 7042\n166 11386\n53 5720\n', '30\n226 14752\n1725 13964\n170 1024\n4 11105\n2 6\n578 1815\n88 3352\n1 5141\n1420 11731\n24 1602\n849 999\n76 7586\n61 5570\n639 4991\n719 11090\n545 10708\n1083 4547\n455 9003\n110 9901\n15 8578\n718 4327\n4 1961\n1 2\n366 464\n1 6649\n610 2374\n152 7324\n4 7042\n166 11386\n53 5720\n', '30\n384 8895\n1725 9791\n170 1024\n4 11105\n2 6\n578 1815\n702 3352\n143 5141\n1420 11731\n24 1602\n849 999\n76 7586\n85 5570\n444 4991\n719 11090\n470 10708\n1137 4547\n455 9003\n110 9901\n15 8578\n718 3692\n104 1286\n3 4\n366 12143\n7 6649\n610 2374\n152 7324\n4 7042\n292 11386\n334 5720\n', '30\n226 8895\n1725 13964\n170 1024\n4 11105\n2 6\n578 1815\n88 3352\n143 5141\n1420 11731\n24 1602\n849 999\n76 7586\n85 5570\n639 4991\n719 11090\n304 10708\n1083 4547\n455 9003\n110 9901\n15 8578\n718 3692\n4 1961\n1 2\n366 12143\n1 6649\n610 2374\n152 7324\n4 7042\n166 11386\n53 5720\n', '3\n244 1110\n2 1000\n29 1010\n', '3\n174 1010\n18 1010\n523 1010\n', '3\n334 1100\n146 1000\n631 1000\n', '30\n187 14752\n1725 13964\n170 1024\n4 11105\n2 6\n578 1815\n88 3352\n1 5141\n1420 11731\n24 2491\n849 999\n133 7586\n61 5570\n639 4991\n719 10113\n545 10708\n1083 4547\n455 9003\n110 4240\n26 8578\n718 1885\n4 903\n1 2\n366 464\n1 6649\n610 2374\n152 7324\n4 7042\n166 11386\n53 5720\n', '30\n226 8895\n1725 13964\n170 1024\n4 11105\n2 6\n578 1815\n702 3352\n143 5141\n1420 11731\n24 1602\n849 999\n76 7586\n85 5570\n444 4991\n719 11090\n470 10708\n1083 4547\n455 9003\n110 9901\n15 8578\n718 3692\n4 1961\n1 4\n366 12143\n1 6649\n610 2374\n152 7324\n4 7042\n166 11386\n53 5720\n', '5\n0 4\n1 12\n0 5\n8 10\n0 5\n', '3\n361 1000\n146 1100\n631 1000\n', '30\n226 8895\n1725 13964\n170 1024\n4 11105\n2 6\n578 1815\n88 3352\n143 5141\n1420 11731\n24 1602\n849 999\n76 7586\n85 5570\n444 4991\n719 11090\n470 10708\n1083 4547\n455 9003\n110 9901\n15 8578\n718 3692\n4 1961\n1 4\n366 12143\n1 6649\n610 2374\n152 7324\n4 7042\n166 11386\n53 5720\n', '30\n187 14752\n1725 13964\n170 1024\n4 11105\n2 6\n578 1815\n88 3352\n1 2412\n1420 11731\n24 2491\n849 999\n133 7586\n61 5570\n639 4991\n719 10113\n545 10708\n1083 4547\n455 9003\n110 4240\n26 8578\n718 1885\n4 903\n1 2\n366 464\n1 6649\n610 2941\n152 7324\n4 7042\n166 11386\n53 5720\n', '3\n174 1010\n18 1000\n523 1010\n', '5\n1 4\n2 34\n1 2\n8 17\n2 2\n', '3\n174 1000\n18 1010\n523 1010\n', '5\n1 4\n2 34\n1 0\n3 26\n2 2\n', '3\n334 1000\n146 1100\n631 1000\n', '30\n226 14752\n1725 13964\n170 1024\n4 11105\n2 6\n578 1815\n88 3352\n1 5141\n1420 11731\n24 1602\n849 999\n76 7586\n61 5570\n639 4991\n719 11090\n545 10708\n1083 4547\n455 9003\n110 9901\n15 8578\n718 4327\n4 1961\n1 2\n366 12143\n1 6649\n610 2374\n152 7324\n4 7042\n166 11386\n53 5720\n', '5\n0 4\n1 19\n0 5\n8 17\n1 2\n', '3\n244 1110\n3 1000\n29 1010\n', '5\n2 4\n1 12\n0 8\n4 10\n0 4\n', '3\n334 1000\n334 1100\n334 1100\n', '5\n0 4\n1 34\n0 5\n8 17\n2 2\n', '3\n334 1000\n146 1000\n631 0000\n', '3\n244 1110\n3 1000\n54 0010\n', '5\n1 6\n2 34\n1 0\n3 26\n2 2\n', '30\n187 14752\n1725 13964\n170 1024\n4 11105\n2 6\n578 1815\n88 3352\n1 5141\n1420 11731\n24 2491\n849 999\n76 7586\n61 5570\n639 4991\n719 10113\n545 10708\n1083 4547\n455 9003\n110 4240\n26 8578\n718 1885\n4 903\n1 2\n366 464\n1 6649\n610 2374\n152 7324\n4 7042\n166 11386\n53 5720\n', '3\n154 1000\n146 1100\n631 1000\n', '30\n226 8895\n1725 9791\n170 1024\n4 11105\n2 6\n578 1815\n702 3352\n143 5141\n1420 11731\n24 1602\n849 999\n76 7586\n85 5570\n444 4991\n719 11090\n470 10708\n1137 4547\n455 9003\n110 9901\n15 8578\n718 3692\n4 1286\n3 4\n366 12143\n7 6649\n610 2374\n152 7324\n4 7042\n292 11386\n334 5720\n', '3\n244 1110\n3 1000\n29 0010\n', '5\n0 4\n2 34\n0 1\n8 17\n2 2\n', '3\n174 1000\n146 1000\n631 1010\n', '3\n174 1000\n146 1000\n631 1000\n', '5\n1 4\n1 12\n0 8\n4 9\n0 4\n', '30\n226 14752\n1725 13964\n170 1024\n4 11105\n2 6\n578 1815\n88 3352\n1 5141\n1420 11731\n24 1602\n849 999\n76 7586\n61 5570\n639 4991\n719 11090\n304 10708\n1083 4547\n455 9003\n110 9901\n15 8578\n718 4327\n4 1961\n1 2\n366 12143\n1 6649\n610 2374\n152 7324\n4 7042\n166 11386\n53 5720\n', '5\n0 4\n1 19\n0 5\n8 10\n0 5\n', '3\n361 1100\n146 1000\n631 1000\n', '5\n1 4\n1 12\n0 8\n4 9\n5 4\n', '5\n1 6\n2 58\n1 0\n3 26\n2 2\n', '30\n226 8895\n1725 13964\n170 1024\n4 11105\n2 6\n578 1815\n88 3352\n1 5141\n1420 11731\n24 1602\n849 999\n76 7586\n85 5570\n639 4991\n719 11090\n304 10708\n1083 4547\n455 9003\n110 9901\n15 8578\n718 4327\n4 1961\n1 2\n366 12143\n1 6649\n610 2374\n152 7324\n4 7042\n166 11386\n53 5720\n', '5\n1 4\n4 34\n0 1\n8 17\n2 2\n', '30\n226 8895\n1725 13964\n170 1024\n4 11105\n2 6\n578 1815\n88 3352\n143 5141\n1420 11731\n24 1602\n849 999\n76 7586\n85 5570\n639 4991\n719 11090\n304 10708\n1083 4547\n455 9003\n110 9901\n15 8578\n718 4327\n4 1961\n1 2\n366 12143\n1 6649\n610 2374\n152 7324\n4 7042\n166 11386\n53 5720\n', '5\n1 4\n4 34\n1 1\n8 17\n2 2\n', '30\n226 14752\n1725 13964\n170 1024\n4 11105\n2 6\n578 1815\n88 3352\n1 5141\n1420 11731\n24 2491\n849 999\n76 7586\n61 5570\n639 4991\n719 11090\n545 10708\n1083 4547\n455 9003\n110 4240\n26 8578\n718 4327\n4 903\n1 2\n366 464\n1 6649\n610 2374\n152 7324\n4 7042\n166 11386\n53 5720\n', '5\n2 4\n1 12\n0 8\n4 9\n0 4\n', '5\n2 4\n1 12\n0 8\n4 9\n3 4\n', '30\n226 8895\n1725 9791\n170 1024\n4 11105\n2 6\n578 1815\n702 3352\n143 5141\n1420 11731\n24 1602\n849 999\n76 7586\n85 5570\n444 4991\n719 11090\n470 10708\n1083 4547\n455 9003\n110 9901\n15 8578\n718 3692\n4 1961\n1 4\n366 12143\n1 6649\n610 2374\n152 7324\n4 7042\n166 11386\n53 5720\n', '5\n0 4\n1 19\n0 5\n8 10\n0 2\n', '3\n221 1000\n146 1100\n631 1000\n', '3\n334 1000\n146 1000\n631 1000\n', '3\n174 1000\n146 1010\n631 1010\n', '5\n0 4\n1 19\n0 5\n8 17\n2 2\n', '3\n174 1000\n146 1100\n631 1000\n', '30\n226 8895\n1725 9791\n170 1024\n4 11105\n2 6\n578 1815\n702 3352\n143 5141\n1420 11731\n24 1602\n849 999\n76 7586\n85 5570\n444 4991\n719 11090\n470 10708\n1083 4547\n455 9003\n110 9901\n15 8578\n718 3692\n4 1286\n3 4\n366 12143\n7 6649\n610 2374\n152 7324\n4 7042\n292 11386\n334 5720\n', '5\n1 4\n2 34\n1 1\n8 17\n2 2\n', '5\n0 4\n1 12\n0 5\n4 10\n0 5\n', '3\n174 1000\n146 1010\n1771 1010\n', '5\n0 4\n1 12\n0 5\n4 10\n0 4\n', '3\n174 1110\n2 1000\n29 1010\n', '5\n1 4\n2 34\n1 1\n8 26\n2 2\n', '3\n334 1000\n334 1000\n334 1100\n', '30\n226 14752\n1725 13964\n170 1024\n4 11105\n2 6\n578 1815\n88 3352\n1 5141\n1420 11731\n24 1602\n849 999\n76 7586\n85 5570\n639 4991\n719 11090\n304 10708\n1083 4547\n455 9003\n110 9901\n15 8578\n718 4327\n4 1961\n1 2\n366 12143\n1 6649\n610 2374\n152 7324\n4 7042\n166 11386\n53 5720\n', '3\n174 1110\n2 1000\n523 1010\n', '3\n334 1000\n146 1100\n334 1100\n', '30\n226 14752\n1725 13964\n170 1024\n4 11105\n2 6\n578 1815\n88 3352\n1 5141\n1420 11731\n24 2491\n849 999\n76 7586\n61 5570\n639 4991\n719 11090\n545 10708\n1083 4547\n455 9003\n110 9901\n26 8578\n718 4327\n4 903\n1 2\n366 464\n1 6649\n610 2374\n152 7324\n4 7042\n166 11386\n53 5720\n', '30\n226 14752\n1725 13964\n170 1024\n4 11105\n2 6\n578 1815\n88 3352\n1 5141\n1420 11731\n24 1602\n849 999\n76 7586\n61 5570\n639 4991\n719 11090\n545 10708\n1083 4547\n455 9003\n110 9901\n26 8578\n718 4327\n4 903\n1 2\n366 464\n1 6649\n610 2374\n152 7324\n4 7042\n166 11386\n53 5720\n', '3\n361 1100\n146 1100\n631 1000\n', '3\n174 1000\n146 1010\n1260 1010\n', '3\n174 1010\n4 1000\n523 1010\n', '3\n174 1010\n4 1001\n523 1010\n', '30\n226 14752\n1725 13964\n170 1024\n4 11105\n2 6\n578 1815\n88 3352\n1 5141\n1420 11731\n24 1602\n849 999\n76 7586\n61 5570\n639 4991\n719 11090\n545 10708\n1083 4547\n455 9003\n110 9901\n15 8578\n718 4327\n4 903\n1 2\n366 464\n1 6649\n610 2374\n152 7324\n4 7042\n166 11386\n53 5720\n', '5\n2 4\n1 12\n0 5\n4 10\n0 4\n', '30\n226 14752\n1725 13964\n170 1024\n4 11105\n2 6\n578 1815\n88 3352\n1 5141\n1420 11731\n24 2491\n849 999\n76 7586\n61 5570\n639 4991\n719 11090\n545 10708\n1083 4547\n455 9003\n110 4240\n26 8578\n718 978\n4 903\n1 2\n366 464\n1 6649\n610 2374\n152 7324\n4 7042\n166 11386\n53 5720\n', '30\n384 8895\n1725 9791\n170 1024\n4 11105\n2 6\n578 1815\n702 3352\n143 5141\n1420 11731\n24 1602\n849 999\n76 7586\n85 5570\n444 4991\n719 11090\n470 10708\n1137 4547\n455 9003\n110 9901\n15 8578\n718 3692\n4 1286\n3 4\n366 12143\n7 6649\n610 2374\n152 7324\n4 7042\n292 11386\n334 5720\n', '5\n2 4\n1 12\n0 8\n4 9\n5 4\n', '30\n187 14752\n1725 13964\n170 1024\n4 11105\n2 6\n578 1815\n88 3352\n1 2412\n1420 11731\n24 2491\n849 999\n133 7586\n61 5570\n639 4991\n719 10113\n545 10708\n1083 4547\n455 9003\n110 4240\n26 8578\n718 1885\n5 903\n1 2\n366 464\n1 6649\n610 2941\n152 7324\n4 7042\n166 11386\n53 5720\n', '3\n334 1000\n146 1100\n334 1000\n', '30\n226 8895\n1725 13964\n170 1024\n4 11105\n2 6\n578 1815\n88 3352\n143 5141\n1420 11731\n24 1602\n849 999\n76 7586\n85 5570\n444 4991\n719 11090\n470 10708\n1083 4547\n455 9003\n110 9901\n15 8578\n718 3692\n4 1961\n1 2\n366 12143\n1 6649\n610 2374\n152 7324\n4 7042\n166 11386\n53 5720\n', '30\n226 8895\n1725 9791\n170 1024\n4 11105\n2 6\n578 1815\n702 3352\n143 5141\n1420 11731\n24 1602\n849 999\n76 7586\n85 5570\n444 4991\n719 11090\n470 10708\n1083 4547\n455 9003\n110 9901\n15 8578\n718 3692\n4 1961\n1 4\n366 12143\n7 6649\n610 2374\n152 7324\n4 7042\n166 11386\n53 5720\n', '5\n0 4\n1 19\n0 5\n8 17\n0 2\n', '3\n174 1000\n146 1010\n523 1010\n', '3\n174 1110\n4 1000\n523 1010\n', '30\n226 8895\n1725 13964\n170 1024\n4 11105\n2 6\n578 1815\n88 3352\n143 5141\n1420 11731\n24 1602\n849 999\n76 7586\n85 5570\n444 4991\n719 11090\n304 10708\n1083 4547\n455 9003\n110 9901\n15 8578\n718 3692\n4 1961\n1 2\n366 12143\n1 6649\n610 2374\n152 7324\n4 7042\n166 11386\n53 5720\n', '5\n1 4\n2 34\n1 1\n2 26\n2 2\n', '30\n187 14752\n1725 13964\n170 1024\n4 11105\n2 6\n578 1815\n88 3352\n1 2412\n1420 11731\n24 2491\n849 999\n133 7586\n61 5570\n639 4991\n719 10113\n545 10708\n1083 4547\n455 9003\n110 4240\n26 8578\n718 1885\n4 903\n1 2\n366 464\n1 6649\n610 2374\n152 7324\n4 7042\n166 11386\n53 5720\n', '5\n1 4\n2 34\n1 0\n2 26\n2 2\n', '5\n2 4\n1 8\n1 8\n4 9\n3 12\n', '5\n2 4\n1 8\n0 8\n4 9\n3 4\n', '3\n174 1110\n4 1001\n523 1010\n', '30\n226 8895\n1725 9791\n170 1024\n4 11105\n2 6\n578 1815\n702 3352\n143 5141\n1420 11731\n24 1602\n849 999\n76 7586\n85 5570\n444 4991\n719 11090\n470 10708\n1083 4547\n455 9003\n110 9901\n15 8578\n718 3692\n4 1286\n3 4\n366 12143\n7 6649\n610 2374\n152 7324\n4 7042\n292 11386\n53 5720\n', '30\n384 8895\n1725 9791\n170 1024\n4 11105\n2 6\n578 1815\n702 3352\n143 5141\n1420 6980\n24 1602\n849 999\n76 7586\n85 5570\n444 4991\n719 11090\n470 10708\n1137 4547\n455 9003\n110 9901\n15 8578\n718 3692\n104 1286\n3 4\n366 12143\n7 6649\n610 2374\n152 7324\n4 7042\n292 11386\n334 5720\n', '30\n187 14752\n1725 13964\n170 1024\n4 11105\n2 6\n578 1815\n88 3352\n1 5141\n1420 11731\n24 2491\n849 999\n76 7586\n61 5570\n639 4991\n719 11090\n545 10708\n1083 4547\n455 9003\n110 4240\n26 8578\n718 1885\n4 903\n1 2\n366 464\n1 6649\n610 2374\n152 7324\n4 7042\n166 11386\n53 5720\n', '5\n0 4\n2 34\n0 5\n8 17\n2 2\n', '5\n1 6\n2 45\n1 0\n3 26\n2 2\n', '5\n2 4\n1 8\n0 8\n4 9\n3 12\n'], 'outputs': ['No\n', 'Yes\n', 'No\n', 'No\n', 'No\n', 'No\n', 'No\n', 'Yes\n', 'Yes\n', 'Yes\n', 'No\n', 'No\n', 'No\n', 'Yes\n', 'No\n', 'Yes\n', 'No\n', 'Yes\n', 'No\n', 'Yes\n', 'No\n', 'No\n', 'Yes\n', 'Yes\n', 'Yes\n', 'Yes\n', 'Yes\n', 'Yes\n', 'No\n', 'No\n', 'No\n', 'No\n', 'Yes\n', 'No\n', 'No\n', 'Yes\n', 'Yes\n', 'Yes\n', 'Yes\n', 'Yes\n', 'Yes\n', 'No\n', 'No\n', 'No\n', 'Yes\n', 'Yes\n', 'Yes\n', 'No\n', 'No\n', 'Yes\n', 'No\n', 'No\n', 'Yes\n', 'Yes\n', 'No\n', 'Yes\n', 'Yes\n', 'Yes\n', 'No\n', 'No\n', 'Yes\n', 'No\n', 'Yes\n', 'Yes\n', 'No\n', 'Yes\n', 'Yes\n', 'Yes\n', 'Yes\n', 'No\n', 'No\n', 'No\n', 'No\n', 'Yes\n', 'Yes\n', 'No\n', 'Yes\n', 'No\n', 'No\n', 'No\n', 'No\n', 'Yes\n', 'Yes\n', 'No\n', 'Yes\n', 'Yes\n', 'Yes\n', 'Yes\n', 'No\n', 'No\n', 'No\n', 'Yes\n', 'No\n', 'Yes\n', 'No\n', 'No\n', 'No\n', 'Yes\n', 'No\n', 'Yes\n']}",1,45.67,1,42.92,1.0,40.97,1.0,38.9,"n = int(eval(input()))
abn = [list(map(int, input().split())) for _ in range(n)]
abn.sort()
abn.sort(key=lambda x: x[1])
ts = 0
enable = True
for abi in abn:
    a, b = abi
    if not ts + a <= b:
        enable = False
        break
    else:
        ts += a
print('Yes' if enable else 'No')","var1 = int(eval(input()))
var2 = [list(map(int, input().split())) for var3 in range(var1)]
var2.sort()
var2.sort(key=lambda var4: var4[1])
var5 = 0
var6 = True
for var7 in var2:
    var8, var9 = var7
    if not var5 + var8 <= var9:
        var6 = False
        break
    else:
        var5 += var8
print('Yes' if var6 else 'No')","n = int(eval(input()))
abn = [list(map(int, input().split())) for _ in range(n)]
abn.sort(key=lambda x: x[1])
ts = 0
enable = True
for abi in abn:
    a, b = abi
    if not ts + a <= b:
        enable = False
        break
    else:
        ts += a
print('Yes' if enable else 'No')","'n', 0, 'computedFrom', ['int', 'eval', 'input'], [2, 4, 6]
'int', 2, 'comesFrom', [], []
'eval', 4, 'comesFrom', [], []
'input', 6, 'comesFrom', [], []
'abn', 11, 'computedFrom', ['list', 'map', 'int', 'input', 'split', '_', 'range', 'n'], [14, 16, 18, 20, 24, 30, 32, 34]
'list', 14, 'comesFrom', [], []
'map', 16, 'comesFrom', [], []
'int', 18, 'comesFrom', ['int'], [2]
'input', 20, 'comesFrom', ['input'], [6]
'split', 24, 'comesFrom', [], []
'_', 30, 'computedFrom', ['range', 'n'], [32, 34]
'range', 32, 'comesFrom', [], []
'n', 34, 'comesFrom', ['n'], [0]
'abn', 37, 'comesFrom', ['abn'], [11]
'sort', 39, 'comesFrom', [], []
'abn', 42, 'comesFrom', ['abn'], [11]
'sort', 44, 'comesFrom', ['sort'], [39]
'x', 49, 'comesFrom', [], []
'x', 51, 'comesFrom', ['x'], [49]
'ts', 56, 'computedFrom', ['0'], [58]
'0', 58, 'comesFrom', [], []
'enable', 59, 'computedFrom', ['True'], [61]
'True', 61, 'comesFrom', [], []
'abi', 63, 'computedFrom', ['abn'], [65]
'abn', 65, 'comesFrom', ['abn'], [11]
'a', 67, 'computedFrom', ['abi'], [71]
'b', 69, 'computedFrom', ['abi'], [71]
'abi', 71, 'comesFrom', ['abi'], [63]
'ts', 74, 'comesFrom', ['ts'], [56, 86]
'a', 76, 'comesFrom', ['a'], [67]
'b', 78, 'comesFrom', ['b'], [69]
'enable', 80, 'computedFrom', ['False'], [82]
'False', 82, 'comesFrom', [], []
'ts', 86, 'computedFrom', ['a'], [88]
'a', 88, 'comesFrom', ['a'], [67]
'enable', 93, 'comesFrom', ['enable'], [59, 80]","'var1', 0, 'computedFrom', ['int', 'eval', 'input'], [2, 4, 6]
'int', 2, 'comesFrom', [], []
'eval', 4, 'comesFrom', [], []
'input', 6, 'comesFrom', [], []
'var2', 11, 'computedFrom', ['list', 'map', 'int', 'input', 'split', 'var3', 'range', 'var1'], [14, 16, 18, 20, 24, 30, 32, 34]
'list', 14, 'comesFrom', [], []
'map', 16, 'comesFrom', [], []
'int', 18, 'comesFrom', ['int'], [2]
'input', 20, 'comesFrom', ['input'], [6]
'split', 24, 'comesFrom', [], []
'var3', 30, 'computedFrom', ['range', 'var1'], [32, 34]
'range', 32, 'comesFrom', [], []
'var1', 34, 'comesFrom', ['var1'], [0]
'var2', 37, 'comesFrom', ['var2'], [11]
'sort', 39, 'comesFrom', [], []
'var2', 42, 'comesFrom', ['var2'], [11]
'sort', 44, 'comesFrom', ['sort'], [39]
'var4', 49, 'comesFrom', [], []
'var4', 51, 'comesFrom', ['var4'], [49]
'var5', 56, 'computedFrom', ['0'], [58]
'0', 58, 'comesFrom', [], []
'var6', 59, 'computedFrom', ['True'], [61]
'True', 61, 'comesFrom', [], []
'var7', 63, 'computedFrom', ['var2'], [65]
'var2', 65, 'comesFrom', ['var2'], [11]
'var8', 67, 'computedFrom', ['var7'], [71]
'var9', 69, 'computedFrom', ['var7'], [71]
'var7', 71, 'comesFrom', ['var7'], [63]
'var5', 74, 'comesFrom', ['var5'], [56, 86]
'var8', 76, 'comesFrom', ['var8'], [67]
'var9', 78, 'comesFrom', ['var9'], [69]
'var6', 80, 'computedFrom', ['False'], [82]
'False', 82, 'comesFrom', [], []
'var5', 86, 'computedFrom', ['var8'], [88]
'var8', 88, 'comesFrom', ['var8'], [67]
'var6', 93, 'comesFrom', ['var6'], [59, 80]",144847,"var1, var2 = map(int, input().split())
var3 = []
var4 = []
var5 = 0
for var6 in range(var1):
    var3.append(list(map(int, input().split())))
for var6 in range(var1):
    var4.append(list(map(int, input().split())))
for var6 in range(var1):
    var7 = 0
    var8 = []
    var9 = []
    while 1:
        if var6 - var7 >= 0 and var7 < var2:
            var8.append(var3[var6 - var7][var7])
            var9.append(var4[var6 - var7][var7])
        else:
            break
        var7 += 1
    var8.sort()
    var9.sort()
    for var6 in range(len(var8)):
        if var8[var6] != var9[var6]:
            var5 = 1
for var10 in range(var2):
    var7 = 0
    var8 = []
    var9 = []
    while 1:
        if var10 + var7 <= var2 - 1 and var1 - 1 - var7 >= 0:
            var8.append(var3[var1 - 1 - var7][var10 + var7])
            var9.append(var4[var1 - 1 - var7][var10 + var7])
        else:
            break
        var7 += 1
    var8.sort()
    var9.sort()
    for var6 in range(len(var8)):
        if var8[var6] != var9[var6]:
            var5 = 1
if var5 == 0:
    print('YES')
else:
    print('NO')","'var1', 0, 'computedFrom', ['map'], [4]
'var2', 2, 'computedFrom', ['int', 'input', 'split'], [6, 8, 12]
'map', 4, 'comesFrom', [], []
'int', 6, 'comesFrom', [], []
'input', 8, 'comesFrom', [], []
'split', 12, 'comesFrom', [], []
'var3', 16, 'computedFrom', [], []
'var4', 20, 'computedFrom', [], []
'var5', 24, 'computedFrom', ['0'], [26]
'0', 26, 'comesFrom', [], []
'var6', 28, 'computedFrom', ['var1', 'range'], [30, 32]
'range', 30, 'comesFrom', ['range'], [30]
'var1', 32, 'comesFrom', ['var1'], [0]
'var3', 35, 'comesFrom', ['var3'], [16]
'append', 37, 'comesFrom', ['append'], [37]
'list', 39, 'comesFrom', ['list'], [39]
'map', 41, 'comesFrom', ['map'], [4]
'int', 43, 'comesFrom', ['int'], [6]
'input', 45, 'comesFrom', ['input'], [8]
'split', 49, 'comesFrom', ['split'], [12]
'var6', 56, 'computedFrom', ['var1', 'range'], [58, 60]
'range', 58, 'comesFrom', ['range'], [30]
'var1', 60, 'comesFrom', ['var1'], [0]
'var4', 63, 'comesFrom', ['var4'], [20]
'append', 65, 'comesFrom', ['append'], [37]
'list', 67, 'comesFrom', ['list'], [39]
'map', 69, 'comesFrom', ['map'], [4]
'int', 71, 'comesFrom', ['int'], [6]
'input', 73, 'comesFrom', ['input'], [8]
'split', 77, 'comesFrom', ['split'], [12]
'var6', 84, 'computedFrom', ['var1', 'range'], [86, 88]
'range', 86, 'comesFrom', ['range'], [30]
'var1', 88, 'comesFrom', ['var1'], [0]
'var7', 91, 'computedFrom', ['0'], [93]
'0', 93, 'comesFrom', [], []
'var8', 94, 'computedFrom', [], []
'var9', 98, 'computedFrom', [], []
'var6', 106, 'comesFrom', ['var6'], [84]
'var7', 108, 'comesFrom', ['var7'], [91, 147]
'var7', 112, 'comesFrom', ['var7'], [91, 147]
'var2', 114, 'comesFrom', ['var2'], [2]
'var8', 116, 'comesFrom', ['var8'], [94]
'append', 118, 'comesFrom', ['append'], [37]
'var3', 120, 'comesFrom', ['var3'], [16]
'var6', 122, 'comesFrom', ['var6'], [84]
'var7', 124, 'comesFrom', ['var7'], [91, 147]
'var7', 127, 'comesFrom', ['var7'], [91, 147]
'var9', 130, 'comesFrom', ['var9'], [98]
'append', 132, 'comesFrom', ['append'], [37]
'var4', 134, 'comesFrom', ['var4'], [20]
'var6', 136, 'comesFrom', ['var6'], [84]
'var7', 138, 'comesFrom', ['var7'], [91, 147]
'var7', 141, 'comesFrom', ['var7'], [91, 147]
'var7', 147, 'computedFrom', ['1'], [149]
'1', 149, 'comesFrom', [], []
'var8', 150, 'comesFrom', ['var8'], [94]
'sort', 152, 'comesFrom', ['sort'], [152]
'var9', 155, 'comesFrom', ['var9'], [98]
'sort', 157, 'comesFrom', ['sort'], [152]
'var6', 161, 'computedFrom', ['len', 'range', 'var8'], [163, 165, 167]
'range', 163, 'comesFrom', ['range'], [30]
'len', 165, 'comesFrom', ['len'], [165]
'var8', 167, 'comesFrom', ['var8'], [94]
'var8', 172, 'comesFrom', ['var8'], [94]
'var6', 174, 'comesFrom', ['var6'], [161]
'var9', 177, 'comesFrom', ['var9'], [98]
'var6', 179, 'comesFrom', ['var6'], [161]
'var5', 182, 'computedFrom', ['1'], [184]
'1', 184, 'comesFrom', [], []
'var10', 186, 'computedFrom', ['var2', 'range'], [188, 190]
'range', 188, 'comesFrom', ['range'], [30]
'var2', 190, 'comesFrom', ['var2'], [2]
'var7', 193, 'computedFrom', ['0'], [195]
'0', 195, 'comesFrom', [], []
'var8', 196, 'computedFrom', [], []
'var9', 200, 'computedFrom', [], []
'var10', 208, 'comesFrom', ['var10'], [186]
'var7', 210, 'comesFrom', ['var7'], [193, 263]
'var2', 212, 'comesFrom', ['var2'], [2]
'var1', 216, 'comesFrom', ['var1'], [0]
'var7', 220, 'comesFrom', ['var7'], [193, 263]
'var8', 224, 'comesFrom', ['var8'], [196]
'append', 226, 'comesFrom', ['append'], [37]
'var3', 228, 'comesFrom', ['var3'], [16]
'var1', 230, 'comesFrom', ['var1'], [0]
'var7', 234, 'comesFrom', ['var7'], [193, 263]
'var10', 237, 'comesFrom', ['var10'], [186]
'var7', 239, 'comesFrom', ['var7'], [193, 263]
'var9', 242, 'comesFrom', ['var9'], [200]
'append', 244, 'comesFrom', ['append'], [37]
'var4', 246, 'comesFrom', ['var4'], [20]
'var1', 248, 'comesFrom', ['var1'], [0]
'var7', 252, 'comesFrom', ['var7'], [193, 263]
'var10', 255, 'comesFrom', ['var10'], [186]
'var7', 257, 'comesFrom', ['var7'], [193, 263]
'var7', 263, 'computedFrom', ['1'], [265]
'1', 265, 'comesFrom', [], []
'var8', 266, 'comesFrom', ['var8'], [196]
'sort', 268, 'comesFrom', ['sort'], [152]
'var9', 271, 'comesFrom', ['var9'], [200]
'sort', 273, 'comesFrom', ['sort'], [152]
'var6', 277, 'computedFrom', ['len', 'range', 'var8'], [279, 281, 283]
'range', 279, 'comesFrom', ['range'], [30]
'len', 281, 'comesFrom', ['len'], [165]
'var8', 283, 'comesFrom', ['var8'], [196]
'var8', 288, 'comesFrom', ['var8'], [196]
'var6', 290, 'comesFrom', ['var6'], [277]
'var9', 293, 'comesFrom', ['var9'], [200]
'var6', 295, 'comesFrom', ['var6'], [277]
'var5', 298, 'computedFrom', ['1'], [300]
'1', 300, 'comesFrom', [], []
'var5', 302, 'comesFrom', ['var5'], [24, 182, 298]","{'inputs': ['3 3\n1 1 2\n1 1 1\n2 1 1\n1 1 1\n1 1 1\n2 1 1\n', '3 3\n1 2 3\n2 3 2\n2 2 1\n1 2 3\n2 2 2\n2 2 1\n', '3 3\n1 2 3\n2 3 4\n2 3 4\n1 2 3\n2 2 4\n2 3 4\n', '3 2\n5 3\n5 5\n2 3\n5 5\n3 5\n2 3\n', '3 3\n1 1 1\n1 2 1\n2 1 1\n1 1 1\n1 2 1\n3 1 1\n'], 'outputs': ['NO\n', 'NO\n', 'NO\n', 'YES\n', 'NO\n']}",100473,"var1, var2 = map(int, input().rstrip().split())
var3 = list(input().rstrip())
var4 = {}
var5 = {}
for var6 in range(var1):
    if var3[var6] not in var4.keys():
        var4[var3[var6]] = var6
for var6 in range(var1 - 1, -1, -1):
    if var3[var6] not in var5.keys():
        var5[var3[var6]] = var6
var7 = [(var8, 'o') for var8 in var4.values()] + [(var8, 'x') for var8 in var5.values()]
var7.sort(key=lambda var8: var8[1])
var7.sort(key=lambda var8: var8[0])
var9 = 0
var10 = False
for var6 in range(len(var7)):
    if var7[var6][1] == 'o':
        var9 += 1
    else:
        var9 -= 1
    if var9 > var2:
        var10 = True
        break
if var10:
    print('YES')
else:
    print('NO')","'var1', 0, 'computedFrom', ['map'], [4]
'var2', 2, 'computedFrom', ['int', 'input', 'rstrip', 'split'], [6, 8, 12, 16]
'map', 4, 'comesFrom', [], []
'int', 6, 'comesFrom', [], []
'input', 8, 'comesFrom', [], []
'rstrip', 12, 'comesFrom', [], []
'split', 16, 'comesFrom', [], []
'var3', 20, 'computedFrom', ['list', 'input', 'rstrip'], [22, 24, 28]
'list', 22, 'comesFrom', [], []
'input', 24, 'comesFrom', ['input'], [8]
'rstrip', 28, 'comesFrom', ['rstrip'], [12]
'var4', 32, 'computedFrom', [], []
'var5', 36, 'computedFrom', [], []
'var6', 41, 'computedFrom', ['var1', 'range'], [43, 45]
'range', 43, 'comesFrom', ['range'], [43]
'var1', 45, 'comesFrom', ['var1'], [0]
'var3', 49, 'comesFrom', ['var3'], [20, 63]
'var6', 51, 'comesFrom', ['var6'], [41]
'var4', 55, 'comesFrom', ['var4'], [32, 61]
'keys', 57, 'comesFrom', ['keys'], [57]
'var4', 61, 'computedFrom', ['var6'], [69]
'var3', 63, 'computedFrom', ['var6'], [69]
'var6', 65, 'computedFrom', ['var6'], [69]
'var6', 69, 'comesFrom', ['var6'], [41]
'var6', 71, 'computedFrom', ['1', 'var1', 'range'], [73, 75, 77, 80, 83]
'range', 73, 'comesFrom', ['range'], [43]
'var1', 75, 'comesFrom', ['var1'], [0]
'1', 77, 'comesFrom', [], []
'1', 80, 'comesFrom', [], []
'1', 83, 'comesFrom', [], []
'var3', 87, 'comesFrom', ['var3'], [20, 63, 101]
'var6', 89, 'comesFrom', ['var6'], [71]
'var5', 93, 'comesFrom', ['var5'], [36, 99]
'keys', 95, 'comesFrom', ['keys'], [57]
'var5', 99, 'computedFrom', ['var6'], [107]
'var3', 101, 'computedFrom', ['var6'], [107]
'var6', 103, 'computedFrom', ['var6'], [107]
'var6', 107, 'comesFrom', ['var6'], [71]
'var7', 108, 'computedFrom', ['var8', ""'o'"", 'var8', 'var4', 'values', 'var8', ""'x'"", 'var8', 'var5', 'values'], [112, 114, 117, 119, 121, 128, 130, 133, 135, 137]
'var8', 112, 'comesFrom', ['var8'], [117]
""'o'"", 114, 'comesFrom', [], []
'var8', 117, 'computedFrom', ['var4', 'values'], [119, 121]
'var4', 119, 'comesFrom', ['var4'], [32, 61]
'values', 121, 'comesFrom', [], []
'var8', 128, 'comesFrom', ['var8'], [133]
""'x'"", 130, 'comesFrom', [], []
'var8', 133, 'computedFrom', ['var5', 'values'], [135, 137]
'var5', 135, 'comesFrom', ['var5'], [36, 99]
'values', 137, 'comesFrom', ['values'], [121]
'var7', 141, 'comesFrom', ['var7'], [108]
'sort', 143, 'comesFrom', [], []
'key', 145, 'comesFrom', [], []
'var8', 148, 'comesFrom', ['var8'], [133]
'var8', 150, 'comesFrom', ['var8'], [133]
'var7', 155, 'comesFrom', ['var7'], [108]
'sort', 157, 'comesFrom', ['sort'], [143]
'key', 159, 'comesFrom', ['key'], [145]
'var8', 162, 'comesFrom', ['var8'], [133]
'var8', 164, 'comesFrom', ['var8'], [133]
'var9', 169, 'computedFrom', ['0'], [171]
'0', 171, 'comesFrom', [], []
'var10', 172, 'computedFrom', ['False'], [174]
'False', 174, 'comesFrom', [], []
'var6', 176, 'computedFrom', ['len', 'var7', 'range'], [178, 180, 182]
'range', 178, 'comesFrom', ['range'], [43]
'len', 180, 'comesFrom', ['len'], [180]
'var7', 182, 'comesFrom', ['var7'], [108]
'var7', 187, 'comesFrom', ['var7'], [108]
'var6', 189, 'comesFrom', ['var6'], [176]
'var9', 197, 'computedFrom', ['1'], [199]
'1', 199, 'comesFrom', [], []
'var9', 202, 'computedFrom', ['1'], [204]
'1', 204, 'comesFrom', [], []
'var9', 206, 'comesFrom', ['var9'], [197, 202]
'var2', 208, 'comesFrom', ['var2'], [2]
'var10', 210, 'computedFrom', ['True'], [212]
'True', 212, 'comesFrom', [], []
'var10', 215, 'comesFrom', ['var10'], [172, 210]","{'inputs': ['73 2\nDEBECECBBADAADEAABEAEEEAEBEAEBCDDBABBAEBACCBEEBBAEADEECACEDEEDABACDCDBBBD\n', '26 1\nABCDEFGHIJKLMNOPQRSTUVWXYZ\n', '433 3\nFZDDHMJGBZCHFUXBBPIEBBEFDWOMXXEPOMDGSMPIUZOMRZQNSJAVNATGIWPDFISKFQXJNVFXPHOZDAEZFDAHDXXQKZMGNSGKQNWGNGJGJZVVITKNFLVCPMZSDMCHBTVAWYVZLIXXIADXNYILEYNIQHKMOGMVOCWGHCWIYMPEPADSJAAKEGTUSEDWAHMNYJDIHBKHVUHLYGNGZDBULRXLSAJHPCMNWCEAAPYMHDTYWPADOTJTXTXUKLCHWKUSZRHEKQEFPVJEJJHRWCKYOIWALRTIBUMNOCRXLSIKQCJVQXEPGOHRUDJDKMUUUDORURWXJNVRVMNOUNRFKSVMTMZGOIJLXEPAMVGESOADYIGZXRBJDIWKNOWTCSROAQTBECHTOZVSQUOOJRZIBAUHMKAXDCIMDZJFMABGRNTGPUJAUNFPFWCJG\n', '5 1\nAABBB\n', '3 26\nAAB\n'], 'outputs': ['YES\n', 'NO\n', 'YES\n', 'NO\n', 'NO\n']}",144888,"var1, var2 = map(int, input().split())
var3 = []
for var4 in range(var1):
    var5 = list(map(int, input().split()))
    var3.append(var5)
var6 = []
for var4 in range(var1):
    var5 = list(map(int, input().split()))
    var6.append(var5)
var7 = []
for var4 in range(var1 + var2 - 1):
    var7.append([])
var8 = []
for var4 in range(var1 + var2 - 1):
    var8.append([])
for var4 in range(var1):
    for var9 in range(var2):
        var7[var4 + var9].append(var3[var4][var9])
for var4 in range(var1):
    for var9 in range(var2):
        var8[var4 + var9].append(var6[var4][var9])
var10 = True
for var4 in range(len(var7)):
    var7[var4].sort()
    var8[var4].sort()
    if var7[var4] != var8[var4]:
        var10 = False
        break
if var10:
    print('YES')
else:
    print('NO')","'var1', 0, 'computedFrom', ['map'], [4]
'var2', 2, 'computedFrom', ['int', 'input', 'split'], [6, 8, 12]
'map', 4, 'comesFrom', [], []
'int', 6, 'comesFrom', [], []
'input', 8, 'comesFrom', [], []
'split', 12, 'comesFrom', [], []
'var3', 16, 'computedFrom', [], []
'var4', 21, 'computedFrom', ['var1', 'range'], [23, 25]
'range', 23, 'comesFrom', ['range'], [23]
'var1', 25, 'comesFrom', ['var1'], [0]
'var5', 28, 'computedFrom', ['input', 'list', 'split', 'int', 'map'], [30, 32, 34, 36, 40]
'list', 30, 'comesFrom', ['list'], [30]
'map', 32, 'comesFrom', ['map'], [4]
'int', 34, 'comesFrom', ['int'], [6]
'input', 36, 'comesFrom', ['input'], [8]
'split', 40, 'comesFrom', ['split'], [12]
'var3', 45, 'comesFrom', ['var3'], [16]
'append', 47, 'comesFrom', ['append'], [47]
'var5', 49, 'comesFrom', ['var5'], [28]
'var6', 51, 'computedFrom', [], []
'var4', 56, 'computedFrom', ['var1', 'range'], [58, 60]
'range', 58, 'comesFrom', ['range'], [23]
'var1', 60, 'comesFrom', ['var1'], [0]
'var5', 63, 'computedFrom', ['input', 'list', 'split', 'int', 'map'], [65, 67, 69, 71, 75]
'list', 65, 'comesFrom', ['list'], [30]
'map', 67, 'comesFrom', ['map'], [4]
'int', 69, 'comesFrom', ['int'], [6]
'input', 71, 'comesFrom', ['input'], [8]
'split', 75, 'comesFrom', ['split'], [12]
'var6', 80, 'comesFrom', ['var6'], [51]
'append', 82, 'comesFrom', ['append'], [47]
'var5', 84, 'comesFrom', ['var5'], [63]
'var7', 86, 'computedFrom', [], []
'var4', 91, 'computedFrom', ['1', 'var1', 'var2', 'range'], [93, 95, 97, 99]
'range', 93, 'comesFrom', ['range'], [23]
'var1', 95, 'comesFrom', ['var1'], [0]
'var2', 97, 'comesFrom', ['var2'], [2]
'1', 99, 'comesFrom', [], []
'var7', 102, 'comesFrom', ['var7'], [86]
'append', 104, 'comesFrom', ['append'], [47]
'var8', 109, 'computedFrom', [], []
'var4', 114, 'computedFrom', ['1', 'var1', 'var2', 'range'], [116, 118, 120, 122]
'range', 116, 'comesFrom', ['range'], [23]
'var1', 118, 'comesFrom', ['var1'], [0]
'var2', 120, 'comesFrom', ['var2'], [2]
'1', 122, 'comesFrom', [], []
'var8', 125, 'comesFrom', ['var8'], [109]
'append', 127, 'comesFrom', ['append'], [47]
'var4', 133, 'computedFrom', ['var1', 'range'], [135, 137]
'range', 135, 'comesFrom', ['range'], [23]
'var1', 137, 'comesFrom', ['var1'], [0]
'var9', 141, 'computedFrom', ['var2', 'range'], [143, 145]
'range', 143, 'comesFrom', ['range'], [23]
'var2', 145, 'comesFrom', ['var2'], [2]
'var7', 148, 'comesFrom', ['var7'], [86]
'var4', 150, 'comesFrom', ['var4'], [133]
'var9', 152, 'comesFrom', ['var9'], [141]
'append', 155, 'comesFrom', ['append'], [47]
'var3', 157, 'comesFrom', ['var3'], [16]
'var4', 159, 'comesFrom', ['var4'], [133]
'var9', 162, 'comesFrom', ['var9'], [141]
'var4', 166, 'computedFrom', ['var1', 'range'], [168, 170]
'range', 168, 'comesFrom', ['range'], [23]
'var1', 170, 'comesFrom', ['var1'], [0]
'var9', 174, 'computedFrom', ['var2', 'range'], [176, 178]
'range', 176, 'comesFrom', ['range'], [23]
'var2', 178, 'comesFrom', ['var2'], [2]
'var8', 181, 'comesFrom', ['var8'], [109]
'var4', 183, 'comesFrom', ['var4'], [166]
'var9', 185, 'comesFrom', ['var9'], [174]
'append', 188, 'comesFrom', ['append'], [47]
'var6', 190, 'comesFrom', ['var6'], [51]
'var4', 192, 'comesFrom', ['var4'], [166]
'var9', 195, 'comesFrom', ['var9'], [174]
'var10', 198, 'computedFrom', ['True'], [200]
'True', 200, 'comesFrom', [], []
'var4', 202, 'computedFrom', ['len', 'var7', 'range'], [204, 206, 208]
'range', 204, 'comesFrom', ['range'], [23]
'len', 206, 'comesFrom', ['len'], [206]
'var7', 208, 'comesFrom', ['var7'], [86]
'var7', 212, 'comesFrom', ['var7'], [86]
'var4', 214, 'comesFrom', ['var4'], [202]
'sort', 217, 'comesFrom', ['sort'], [217]
'var8', 220, 'comesFrom', ['var8'], [109]
'var4', 222, 'comesFrom', ['var4'], [202]
'sort', 225, 'comesFrom', ['sort'], [217]
'var7', 229, 'comesFrom', ['var7'], [86]
'var4', 231, 'comesFrom', ['var4'], [202]
'var8', 234, 'comesFrom', ['var8'], [109]
'var4', 236, 'comesFrom', ['var4'], [202]
'var10', 239, 'computedFrom', ['False'], [241]
'False', 241, 'comesFrom', [], []
'var10', 244, 'comesFrom', ['var10'], [198, 239]","{'inputs': ['3 3\n1 1 2\n1 1 1\n2 1 1\n1 1 1\n1 1 1\n2 1 1\n', '3 3\n1 2 3\n2 3 2\n2 2 1\n1 2 3\n2 2 2\n2 2 1\n', '3 3\n1 2 3\n2 3 4\n2 3 4\n1 2 3\n2 2 4\n2 3 4\n', '3 2\n5 3\n5 5\n2 3\n5 5\n3 5\n2 3\n', '3 3\n1 1 1\n1 2 1\n2 1 1\n1 1 1\n1 2 1\n3 1 1\n'], 'outputs': ['NO\n', 'NO\n', 'NO\n', 'YES\n', 'NO\n']}",158382,"var1, var2 = map(int, input().split())
var3 = []
var4 = []
for var5 in range(var1):
    var6, var7 = map(int, input().split())
    if var7 > 0:
        var3.append((var6, var7))
    else:
        var4.append((var6, var7))
var3.sort()
var8 = True
for var9 in var3:
    var6, var7 = var9
    if var2 < var6:
        var8 = False
        break
    var2 += var7
if not var8:
    print('NO')
else:
    var4.sort(key=lambda var10: var10[0] + var10[1], reverse=True)

    def function1():
        for var9 in range(len(var4)):
            if var2 >= abs(var4[var9][0]):
                return var9
        else:
            return -1
    while True:
        var11 = function1()
        if var11 == -1:
            break
        var2 += var4[var11][1]
        if var2 < 0:
            break
        del var4[var11]
    if var4 != []:
        print('NO')
    else:
        print('YES')","'var1', 0, 'computedFrom', ['map'], [4]
'var2', 2, 'computedFrom', ['int', 'input', 'split'], [6, 8, 12]
'map', 4, 'comesFrom', [], []
'int', 6, 'comesFrom', [], []
'input', 8, 'comesFrom', [], []
'split', 12, 'comesFrom', [], []
'var3', 16, 'computedFrom', [], []
'var4', 20, 'computedFrom', [], []
'var5', 25, 'computedFrom', ['var1', 'range'], [27, 29]
'range', 27, 'comesFrom', ['range'], [27]
'var1', 29, 'comesFrom', ['var1'], [0]
'var6', 32, 'computedFrom', ['map'], [36]
'var7', 34, 'computedFrom', ['split', 'int', 'input'], [38, 40, 44]
'map', 36, 'comesFrom', ['map'], [4]
'int', 38, 'comesFrom', ['int'], [6]
'input', 40, 'comesFrom', ['input'], [8]
'split', 44, 'comesFrom', ['split'], [12]
'var7', 49, 'comesFrom', ['var7'], [34]
'var3', 53, 'comesFrom', ['var3'], [16]
'append', 55, 'comesFrom', ['append'], [55, 67]
'var6', 58, 'comesFrom', ['var6'], [32]
'var7', 60, 'comesFrom', ['var7'], [34]
'var4', 65, 'comesFrom', ['var4'], [20]
'append', 67, 'comesFrom', ['append'], [55, 67]
'var6', 70, 'comesFrom', ['var6'], [32]
'var7', 72, 'comesFrom', ['var7'], [34]
'var3', 75, 'comesFrom', ['var3'], [16]
'sort', 77, 'comesFrom', [], []
'var8', 80, 'computedFrom', ['True'], [82]
'True', 82, 'comesFrom', [], []
'var9', 84, 'computedFrom', ['var3'], [86]
'var3', 86, 'comesFrom', ['var3'], [16]
'var6', 88, 'computedFrom', ['var9'], [92]
'var7', 90, 'computedFrom', ['var9'], [92]
'var9', 92, 'comesFrom', ['var9'], [84]
'var2', 94, 'comesFrom', ['var2'], [2, 102]
'var6', 96, 'comesFrom', ['var6'], [88]
'var8', 98, 'computedFrom', ['False'], [100]
'False', 100, 'comesFrom', [], []
'var2', 102, 'computedFrom', ['var7'], [104]
'var7', 104, 'comesFrom', ['var7'], [90]
'var8', 107, 'comesFrom', ['var8'], [80, 98]
'var4', 115, 'comesFrom', ['var4'], [20]
'sort', 117, 'comesFrom', ['sort'], [77]
'var10', 122, 'comesFrom', [], []
'var10', 124, 'comesFrom', ['var10'], [122]
'var10', 129, 'comesFrom', ['var10'], [122]
'function1', 139, 'comesFrom', [], []
'var9', 144, 'computedFrom', ['len', 'range', 'var4'], [146, 148, 150]
'range', 146, 'comesFrom', ['range'], [27]
'len', 148, 'comesFrom', ['len'], [148]
'var4', 150, 'comesFrom', ['var4'], [20]
'var11', 178, 'computedFrom', ['function1'], [180]
'function1', 180, 'comesFrom', ['function1'], [139]
'var11', 184, 'comesFrom', ['var11'], [178]
'var2', 190, 'computedFrom', ['1', 'var4', 'var11'], [192, 194, 197]
'var4', 192, 'comesFrom', ['var4'], [20]
'var11', 194, 'comesFrom', ['var11'], [178]
'1', 197, 'comesFrom', [], []
'var2', 200, 'comesFrom', ['var2'], [190]
'var4', 206, 'comesFrom', ['var4'], [20]
'var11', 208, 'comesFrom', ['var11'], [178]
'var4', 211, 'comesFrom', ['var4'], [20]","{'inputs': ['3 20\n7 -13\n5 -4\n4 -3\n', '3 4\n4 6\n10 -2\n8 -1\n', '10 300\n300 -1\n299 -1\n298 -1\n297 -1\n296 -1\n295 -1\n294 -1\n293 -1\n292 -1\n291 -1\n', '3 5\n4 -5\n4 -2\n1 3\n', '9 9\n9 -6\n1 -9\n5 -8\n7 -3\n4 1\n9 1\n1 -1\n1 -8\n7 8\n'], 'outputs': ['YES\n', 'YES\n', 'YES\n', 'YES\n', 'NO\n']}","#### Reference Example 1:
### Python Program:
```python
var1, var2 = map(int, input().split())
var3 = []
var4 = []
var5 = 0
for var6 in range(var1):
    var3.append(list(map(int, input().split())))
for var6 in range(var1):
    var4.append(list(map(int, input().split())))
for var6 in range(var1):
    var7 = 0
    var8 = []
    var9 = []
    while 1:
        if var6 - var7 >= 0 and var7 < var2:
            var8.append(var3[var6 - var7][var7])
            var9.append(var4[var6 - var7][var7])
        else:
            break
        var7 += 1
    var8.sort()
    var9.sort()
    for var6 in range(len(var8)):
        if var8[var6] != var9[var6]:
            var5 = 1
for var10 in range(var2):
    var7 = 0
    var8 = []
    var9 = []
    while 1:
        if var10 + var7 <= var2 - 1 and var1 - 1 - var7 >= 0:
            var8.append(var3[var1 - 1 - var7][var10 + var7])
            var9.append(var4[var1 - 1 - var7][var10 + var7])
        else:
            break
        var7 += 1
    var8.sort()
    var9.sort()
    for var6 in range(len(var8)):
        if var8[var6] != var9[var6]:
            var5 = 1
if var5 == 0:
    print('YES')
else:
    print('NO')
```

### Input/Output Unit Test Cases:
```Input/Output Unit Test Cases
## Test Case 1:
Input: '3 3
1 1 2
1 1 1
2 1 1
1 1 1
1 1 1
2 1 1'
Output: 'NO'

## Test Case 2:
Input: '3 3
1 2 3
2 3 2
2 2 1
1 2 3
2 2 2
2 2 1'
Output: 'NO'

## Test Case 3:
Input: '3 3
1 2 3
2 3 4
2 3 4
1 2 3
2 2 4
2 3 4'
Output: 'NO'

## Test Case 4:
Input: '3 2
5 3
5 5
2 3
5 5
3 5
2 3'
Output: 'YES'

## Test Case 5:
Input: '3 3
1 1 1
1 2 1
2 1 1
1 1 1
1 2 1
3 1 1'
Output: 'NO'

```

#### Reference Example 2:
### Python Program:
```python
var1, var2 = map(int, input().rstrip().split())
var3 = list(input().rstrip())
var4 = {}
var5 = {}
for var6 in range(var1):
    if var3[var6] not in var4.keys():
        var4[var3[var6]] = var6
for var6 in range(var1 - 1, -1, -1):
    if var3[var6] not in var5.keys():
        var5[var3[var6]] = var6
var7 = [(var8, 'o') for var8 in var4.values()] + [(var8, 'x') for var8 in var5.values()]
var7.sort(key=lambda var8: var8[1])
var7.sort(key=lambda var8: var8[0])
var9 = 0
var10 = False
for var6 in range(len(var7)):
    if var7[var6][1] == 'o':
        var9 += 1
    else:
        var9 -= 1
    if var9 > var2:
        var10 = True
        break
if var10:
    print('YES')
else:
    print('NO')
```

### Input/Output Unit Test Cases:
```Input/Output Unit Test Cases
## Test Case 1:
Input: '73 2
DEBECECBBADAADEAABEAEEEAEBEAEBCDDBABBAEBACCBEEBBAEADEECACEDEEDABACDCDBBBD'
Output: 'YES'

## Test Case 2:
Input: '26 1
ABCDEFGHIJKLMNOPQRSTUVWXYZ'
Output: 'NO'

## Test Case 3:
Input: '433 3
FZDDHMJGBZCHFUXBBPIEBBEFDWOMXXEPOMDGSMPIUZOMRZQNSJAVNATGIWPDFISKFQXJNVFXPHOZDAEZFDAHDXXQKZMGNSGKQNWGNGJGJZVVITKNFLVCPMZSDMCHBTVAWYVZLIXXIADXNYILEYNIQHKMOGMVOCWGHCWIYMPEPADSJAAKEGTUSEDWAHMNYJDIHBKHVUHLYGNGZDBULRXLSAJHPCMNWCEAAPYMHDTYWPADOTJTXTXUKLCHWKUSZRHEKQEFPVJEJJHRWCKYOIWALRTIBUMNOCRXLSIKQCJVQXEPGOHRUDJDKMUUUDORURWXJNVRVMNOUNRFKSVMTMZGOIJLXEPAMVGESOADYIGZXRBJDIWKNOWTCSROAQTBECHTOZVSQUOOJRZIBAUHMKAXDCIMDZJFMABGRNTGPUJAUNFPFWCJG'
Output: 'YES'

## Test Case 4:
Input: '5 1
AABBB'
Output: 'NO'

## Test Case 5:
Input: '3 26
AAB'
Output: 'NO'

```

#### Reference Example 3:
### Python Program:
```python
var1, var2 = map(int, input().split())
var3 = []
for var4 in range(var1):
    var5 = list(map(int, input().split()))
    var3.append(var5)
var6 = []
for var4 in range(var1):
    var5 = list(map(int, input().split()))
    var6.append(var5)
var7 = []
for var4 in range(var1 + var2 - 1):
    var7.append([])
var8 = []
for var4 in range(var1 + var2 - 1):
    var8.append([])
for var4 in range(var1):
    for var9 in range(var2):
        var7[var4 + var9].append(var3[var4][var9])
for var4 in range(var1):
    for var9 in range(var2):
        var8[var4 + var9].append(var6[var4][var9])
var10 = True
for var4 in range(len(var7)):
    var7[var4].sort()
    var8[var4].sort()
    if var7[var4] != var8[var4]:
        var10 = False
        break
if var10:
    print('YES')
else:
    print('NO')
```

### Input/Output Unit Test Cases:
```Input/Output Unit Test Cases
## Test Case 1:
Input: '3 3
1 1 2
1 1 1
2 1 1
1 1 1
1 1 1
2 1 1'
Output: 'NO'

## Test Case 2:
Input: '3 3
1 2 3
2 3 2
2 2 1
1 2 3
2 2 2
2 2 1'
Output: 'NO'

## Test Case 3:
Input: '3 3
1 2 3
2 3 4
2 3 4
1 2 3
2 2 4
2 3 4'
Output: 'NO'

## Test Case 4:
Input: '3 2
5 3
5 5
2 3
5 5
3 5
2 3'
Output: 'YES'

## Test Case 5:
Input: '3 3
1 1 1
1 2 1
2 1 1
1 1 1
1 2 1
3 1 1'
Output: 'NO'

```

#### Reference Example 4:
### Python Program:
```python
var1, var2 = map(int, input().split())
var3 = []
var4 = []
for var5 in range(var1):
    var6, var7 = map(int, input().split())
    if var7 > 0:
        var3.append((var6, var7))
    else:
        var4.append((var6, var7))
var3.sort()
var8 = True
for var9 in var3:
    var6, var7 = var9
    if var2 < var6:
        var8 = False
        break
    var2 += var7
if not var8:
    print('NO')
else:
    var4.sort(key=lambda var10: var10[0] + var10[1], reverse=True)

    def function1():
        for var9 in range(len(var4)):
            if var2 >= abs(var4[var9][0]):
                return var9
        else:
            return -1
    while True:
        var11 = function1()
        if var11 == -1:
            break
        var2 += var4[var11][1]
        if var2 < 0:
            break
        del var4[var11]
    if var4 != []:
        print('NO')
    else:
        print('YES')
```

### Input/Output Unit Test Cases:
```Input/Output Unit Test Cases
## Test Case 1:
Input: '3 20
7 -13
5 -4
4 -3'
Output: 'YES'

## Test Case 2:
Input: '3 4
4 6
10 -2
8 -1'
Output: 'YES'

## Test Case 3:
Input: '10 300
300 -1
299 -1
298 -1
297 -1
296 -1
295 -1
294 -1
293 -1
292 -1
291 -1'
Output: 'YES'

## Test Case 4:
Input: '3 5
4 -5
4 -2
1 3'
Output: 'YES'

## Test Case 5:
Input: '9 9
9 -6
1 -9
5 -8
7 -3
4 1
9 1
1 -1
1 -8
7 8'
Output: 'NO'

```

"
u546285759,p00053,python,s431311473,s975765781,360,100,8104,9480,Accepted,Accepted,72.22,"def isPrime(x):

    if x == 2:

        return True

    if x < 2 or x % 2 == 0:

        return False

    i, root_x = 3, int(pow(x, 0.5))

    while i <= root_x:

        if x % i == 0:

            return False

        i += 2

    return True



primes = [2]

for i in range(3, 104730):

    if isPrime(i):

        primes.append(primes[-1]+i)

while True:

    n = int(eval(input()))

    if n == 0:

        break

    print((primes[n-1]))","primes = [0, 0] + [1] * 150000

for i in range(2, 388):

    if primes[i]:

        for j in range(i*i, 150001, i):

            primes[j] = 0



values = [i for i, v in enumerate(primes) if v]

while True:

    n = int(eval(input()))

    if n == 0:

        break

    print((sum(values[:n])))",21,12,438,287,"def isPrime(x):
    if x == 2:
        return True
    if x < 2 or x % 2 == 0:
        return False
    i, root_x = 3, int(pow(x, 0.5))
    while i <= root_x:
        if x % i == 0:
            return False
        i += 2
    return True


primes = [2]
for i in range(3, 104730):
    if isPrime(i):
        primes.append(primes[-1] + i)
while True:
    n = int(eval(input()))
    if n == 0:
        break
    print((primes[n - 1]))
","primes = [0, 0] + [1] * 150000
for i in range(2, 388):
    if primes[i]:
        for j in range(i * i, 150001, i):
            primes[j] = 0
values = [i for i, v in enumerate(primes) if v]
while True:
    n = int(eval(input()))
    if n == 0:
        break
    print((sum(values[:n])))
",False,42.85714286,"['-def isPrime(x):', '-    if x == 2:', '-        return True', '-    if x < 2 or x % 2 == 0:', '-        return False', '-    i, root_x = 3, int(pow(x, 0.5))', '-    while i <= root_x:', '-        if x % i == 0:', '-            return False', '-        i += 2', '-    return True', '-', '-', '-primes = [2]', '-for i in range(3, 104730):', '-    if isPrime(i):', '-        primes.append(primes[-1] + i)', '+primes = [0, 0] + [1] * 150000', '+for i in range(2, 388):', '+    if primes[i]:', '+        for j in range(i * i, 150001, i):', '+            primes[j] = 0', '+values = [i for i, v in enumerate(primes) if v]', '-    print((primes[n - 1]))', '+    print((sum(values[:n])))']",False,1.418036709,0.501784197,2.825989176,"['s431311473', 's975765781']","{'inputs': ['2\n9\n0\n'], 'outputs': ['5\n100\n']}","{'inputs': ['2\n54\n0\n', '2\n51\n0\n', '2\n73\n0\n', '2\n46\n0\n', '2\n53\n0\n', '2\n38\n0\n', '2\n219\n0\n', '2\n80\n0\n', '2\n113\n0\n', '2\n1\n0\n', '2\n522\n0\n', '2\n56\n0\n', '2\n16\n0\n', '2\n100\n0\n', '2\n68\n0\n', '2\n119\n0\n', '2\n28\n0\n', '2\n6\n0\n', '2\n22\n0\n', '2\n0\n0\n', '2\n55\n0\n', '2\n94\n0\n', '2\n3\n0\n', '2\n144\n0\n', '2\n104\n0\n', '2\n61\n0\n', '2\n182\n0\n', '2\n58\n0\n', '2\n48\n0\n', '2\n40\n0\n', '2\n87\n0\n', '2\n10\n0\n', '2\n18\n0\n', '2\n27\n0\n', '2\n76\n0\n', '2\n279\n0\n', '2\n195\n0\n', '2\n349\n0\n', '2\n92\n0\n', '2\n39\n0\n', '2\n66\n0\n', '2\n34\n0\n', '2\n20\n0\n', '2\n32\n0\n', '2\n4\n0\n', '2\n130\n0\n', '2\n25\n0\n', '2\n127\n0\n', '2\n74\n0\n', '2\n65\n0\n', '2\n69\n0\n', '2\n72\n0\n', '2\n8\n0\n', '2\n47\n0\n', '2\n23\n0\n', '2\n199\n0\n', '2\n24\n0\n', '2\n264\n0\n', '2\n11\n0\n', '2\n33\n0\n', '2\n108\n0\n', '2\n21\n0\n', '2\n64\n0\n', '2\n361\n0\n', '2\n233\n0\n', '2\n31\n0\n', '2\n37\n0\n', '2\n29\n0\n', '2\n77\n0\n', '2\n138\n0\n', '2\n7\n0\n', '2\n42\n0\n', '2\n5\n0\n', '2\n110\n0\n', '2\n26\n0\n', '2\n107\n0\n', '2\n123\n0\n', '2\n19\n0\n', '2\n35\n0\n', '2\n2\n0\n', '2\n41\n0\n', '2\n30\n0\n', '2\n62\n0\n', '2\n103\n0\n', '2\n84\n0\n', '2\n14\n0\n', '2\n75\n0\n', '2\n118\n0\n', '2\n17\n0\n', '2\n50\n0\n', '2\n45\n0\n', '2\n79\n0\n', '2\n12\n0\n', '2\n15\n0\n', '2\n13\n0\n', '2\n52\n0\n', '2\n78\n0\n', '2\n44\n0\n', '2\n132\n0\n', '2\n36\n0\n'], 'outputs': ['5\n6081\n', '5\n5350\n', '5\n11966\n', '5\n4227\n', '5\n5830\n', '5\n2747\n', '5\n136114\n', '5\n14697\n', '5\n31734\n', '5\n2\n', '5\n905217\n', '5\n6601\n', '5\n381\n', '5\n24133\n', '5\n10191\n', '5\n35568\n', '5\n1371\n', '5\n41\n', '5\n791\n', '5\n', '5\n6338\n', '5\n21037\n', '5\n10\n', '5\n54169\n', '5\n26369\n', '5\n7982\n', '5\n90763\n', '5\n7141\n', '5\n4661\n', '5\n3087\n', '5\n17732\n', '5\n129\n', '5\n501\n', '5\n1264\n', '5\n13101\n', '5\n231208\n', '5\n105540\n', '5\n377310\n', '5\n20059\n', '5\n2914\n', '5\n9523\n', '5\n2127\n', '5\n639\n', '5\n1851\n', '5\n17\n', '5\n43201\n', '5\n1060\n', '5\n41022\n', '5\n12339\n', '5\n9206\n', '5\n10538\n', '5\n11599\n', '5\n77\n', '5\n4438\n', '5\n874\n', '5\n110364\n', '5\n963\n', '5\n204989\n', '5\n160\n', '5\n1988\n', '5\n28697\n', '5\n712\n', '5\n8893\n', '5\n406048\n', '5\n156108\n', '5\n1720\n', '5\n2584\n', '5\n1480\n', '5\n13490\n', '5\n49281\n', '5\n58\n', '5\n3447\n', '5\n28\n', '5\n29897\n', '5\n1161\n', '5\n28104\n', '5\n38238\n', '5\n568\n', '5\n2276\n', '5\n5\n', '5\n3266\n', '5\n1593\n', '5\n8275\n', '5\n25800\n', '5\n16401\n', '5\n281\n', '5\n12718\n', '5\n34915\n', '5\n440\n', '5\n5117\n', '5\n4028\n', '5\n14288\n', '5\n197\n', '5\n328\n', '5\n238\n', '5\n5589\n', '5\n13887\n', '5\n3831\n', '5\n44683\n', '5\n2427\n']}",1,91234.6,1,12792.51,1.0,91036.11,1.0,12762.86,"def isPrime(x):
    if x == 2:
        return True
    if x < 2 or x % 2 == 0:
        return False
    i, root_x = 3, int(pow(x, 0.5))
    while i <= root_x:
        if x % i == 0:
            return False
        i += 2
    return True
primes = [2]
for i in range(3, 104730):
    if isPrime(i):
        primes.append(primes[-1] + i)
while True:
    n = int(eval(input()))
    if n == 0:
        break
    print(primes[n - 1])","def function1(var1):
    if var1 == 2:
        return True
    if var1 < 2 or var1 % 2 == 0:
        return False
    var2, var3 = 3, int(pow(var1, 0.5))
    while var2 <= var3:
        if var1 % var2 == 0:
            return False
        var2 += 2
    return True
var4 = [2]
for var2 in range(3, 104730):
    if function1(var2):
        var4.append(var4[-1] + var2)
while True:
    var5 = int(eval(input()))
    if var5 == 0:
        break
    print(var4[var5 - 1])","primes = [0, 0] + [1] * 150000
for i in range(2, 388):
    if primes[i]:
        for j in range(i * i, 150001, i):
            primes[j] = 0
values = [i for i, v in enumerate(primes) if v]
while True:
    n = int(eval(input()))
    if n == 0:
        break
    print(sum(values[:n]))","'isPrime', 1, 'comesFrom', [], []
'x', 3, 'comesFrom', [], []
'x', 7, 'comesFrom', ['x'], [3]
'x', 14, 'comesFrom', ['x'], [3]
'x', 18, 'comesFrom', ['x'], [3]
'i', 26, 'computedFrom', ['3'], [30]
'root_x', 28, 'computedFrom', ['int', 'pow', 'x', '0.5'], [32, 34, 36, 38]
'3', 30, 'comesFrom', [], []
'int', 32, 'comesFrom', [], []
'pow', 34, 'comesFrom', [], []
'x', 36, 'comesFrom', ['x'], [3]
'0.5', 38, 'comesFrom', [], []
'i', 42, 'comesFrom', ['i'], [26, 55]
'root_x', 44, 'comesFrom', ['root_x'], [28]
'x', 47, 'comesFrom', ['x'], [3]
'i', 49, 'comesFrom', ['i'], [26, 55]
'i', 55, 'computedFrom', ['2'], [57]
'2', 57, 'comesFrom', [], []
'primes', 60, 'computedFrom', ['2'], [63]
'2', 63, 'comesFrom', [], []
'i', 66, 'computedFrom', ['range', '3', '104730'], [68, 70, 72]
'range', 68, 'comesFrom', ['range'], [68]
'3', 70, 'comesFrom', [], []
'104730', 72, 'comesFrom', [], []
'isPrime', 76, 'comesFrom', ['isPrime'], [1]
'i', 78, 'comesFrom', ['i'], [66]
'primes', 81, 'comesFrom', ['primes'], [60]
'append', 83, 'comesFrom', ['append'], [83]
'primes', 85, 'comesFrom', ['primes'], [60]
'i', 91, 'comesFrom', ['i'], [66]
'n', 96, 'computedFrom', ['input', 'int', 'eval'], [98, 100, 102]
'int', 98, 'comesFrom', ['int'], [32]
'eval', 100, 'comesFrom', ['eval'], [100]
'input', 102, 'comesFrom', ['input'], [102]
'n', 108, 'comesFrom', ['n'], [96]
'print', 113, 'comesFrom', ['print'], [113]
'primes', 115, 'comesFrom', ['primes'], [60]
'n', 117, 'comesFrom', ['n'], [96]","'function1', 1, 'comesFrom', [], []
'var1', 3, 'comesFrom', [], []
'var1', 7, 'comesFrom', ['var1'], [3]
'var1', 14, 'comesFrom', ['var1'], [3]
'var1', 18, 'comesFrom', ['var1'], [3]
'var2', 26, 'computedFrom', ['3'], [30]
'var3', 28, 'computedFrom', ['int', 'pow', 'var1', '0.5'], [32, 34, 36, 38]
'3', 30, 'comesFrom', [], []
'int', 32, 'comesFrom', [], []
'pow', 34, 'comesFrom', [], []
'var1', 36, 'comesFrom', ['var1'], [3]
'0.5', 38, 'comesFrom', [], []
'var2', 42, 'comesFrom', ['var2'], [26, 55]
'var3', 44, 'comesFrom', ['var3'], [28]
'var1', 47, 'comesFrom', ['var1'], [3]
'var2', 49, 'comesFrom', ['var2'], [26, 55]
'var2', 55, 'computedFrom', ['2'], [57]
'2', 57, 'comesFrom', [], []
'var4', 60, 'computedFrom', ['2'], [63]
'2', 63, 'comesFrom', [], []
'var2', 66, 'computedFrom', ['range', '3', '104730'], [68, 70, 72]
'range', 68, 'comesFrom', ['range'], [68]
'3', 70, 'comesFrom', [], []
'104730', 72, 'comesFrom', [], []
'function1', 76, 'comesFrom', ['function1'], [1]
'var2', 78, 'comesFrom', ['var2'], [66]
'var4', 81, 'comesFrom', ['var4'], [60]
'append', 83, 'comesFrom', ['append'], [83]
'var4', 85, 'comesFrom', ['var4'], [60]
'var2', 91, 'comesFrom', ['var2'], [66]
'var5', 96, 'computedFrom', ['input', 'int', 'eval'], [98, 100, 102]
'int', 98, 'comesFrom', ['int'], [32]
'eval', 100, 'comesFrom', ['eval'], [100]
'input', 102, 'comesFrom', ['input'], [102]
'var5', 108, 'comesFrom', ['var5'], [96]
'print', 113, 'comesFrom', ['print'], [113]
'var4', 115, 'comesFrom', ['var4'], [60]
'var5', 117, 'comesFrom', ['var5'], [96]",138723,"import math


def function1():
    return int(input())


def function2(var1):
    if var1 < 2:
        return list()
    var2 = [(True) for var3 in range(var1 + 1)]
    var4 = 3
    while var4 * var4 <= var1:
        if var2[var4]:
            for var5 in range(var4 * 2, var1 + 1, var4):
                var2[var5] = False
        var4 += 2
    var6 = [2]
    for var4 in range(3, var1 + 1, 2):
        if var2[var4]:
            var6.append(var4)
    return var6


def function3(var1):
    if var1 == 2:
        return True
    if var1 % 2 == 0 or var1 <= 1:
        return False
    var7 = int(math.sqrt(var1)) + 1
    for var8 in range(3, var7, 2):
        if var1 % var8 == 0:
            return False
    return True


var4 = function1()
var9 = []
for var5 in range(1, var4):
    if math.gcd(var5, var4) == 1:
        var9.append(var5)
var10 = len(var9)
var6 = function2(var10)
for var5 in var6:
    if var10 % var5 == 0:
        var10 = var10 * (var5 - 1) // var5
print(int(var10))","'math', 1, 'comesFrom', [], []
'function1', 3, 'comesFrom', [], []
'int', 8, 'comesFrom', [], []
'function2', 15, 'comesFrom', [], []
'var1', 17, 'comesFrom', [], []
'var1', 21, 'comesFrom', ['var1'], [17]
'var2', 29, 'computedFrom', ['True', 'var3', 'range', 'var1', '1'], [33, 36, 38, 40, 42]
'True', 33, 'comesFrom', [], []
'var3', 36, 'computedFrom', ['range', 'var1', '1'], [38, 40, 42]
'range', 38, 'comesFrom', [], []
'var1', 40, 'comesFrom', ['var1'], [17]
'1', 42, 'comesFrom', [], []
'var4', 45, 'computedFrom', ['3'], [47]
'3', 47, 'comesFrom', [], []
'var4', 49, 'comesFrom', ['var4'], [45, 83]
'var4', 51, 'comesFrom', ['var4'], [45, 83]
'var1', 53, 'comesFrom', ['var1'], [17]
'var2', 56, 'comesFrom', ['var2'], [29, 77]
'var4', 58, 'comesFrom', ['var4'], [45, 83]
'var5', 62, 'computedFrom', ['var4', 'var1', 'range', '1', '2'], [64, 66, 68, 70, 72, 74]
'range', 64, 'comesFrom', ['range'], [38]
'var4', 66, 'comesFrom', ['var4'], [45, 83]
'2', 68, 'comesFrom', [], []
'var1', 70, 'comesFrom', ['var1'], [17]
'1', 72, 'comesFrom', [], []
'var4', 74, 'comesFrom', ['var4'], [45, 83]
'var2', 77, 'computedFrom', ['False'], [82]
'var5', 79, 'computedFrom', ['False'], [82]
'False', 82, 'comesFrom', [], []
'var4', 83, 'computedFrom', ['2'], [85]
'2', 85, 'comesFrom', [], []
'var6', 86, 'computedFrom', ['2'], [89]
'2', 89, 'comesFrom', [], []
'var4', 92, 'computedFrom', ['var1', 'range', '3', '1', '2'], [94, 96, 98, 100, 102]
'range', 94, 'comesFrom', ['range'], [38]
'3', 96, 'comesFrom', [], []
'var1', 98, 'comesFrom', ['var1'], [17]
'1', 100, 'comesFrom', [], []
'2', 102, 'comesFrom', [], []
'var2', 106, 'comesFrom', ['var2'], [29, 77]
'var4', 108, 'comesFrom', ['var4'], [92]
'var6', 111, 'comesFrom', ['var6'], [86]
'append', 113, 'comesFrom', ['append'], [113]
'var4', 115, 'comesFrom', ['var4'], [92]
'var6', 118, 'comesFrom', ['var6'], [86]
'var1', 122, 'comesFrom', ['var1'], [17]
'var1', 126, 'comesFrom', ['var1'], [17]
'var1', 133, 'comesFrom', ['var1'], [17]
'var1', 139, 'comesFrom', ['var1'], [17]
'var7', 145, 'computedFrom', ['int', 'math', 'sqrt', 'var1', '1'], [147, 149, 151, 153, 157]
'int', 147, 'comesFrom', ['int'], [8]
'math', 149, 'comesFrom', ['math'], [1]
'sqrt', 151, 'comesFrom', [], []
'var1', 153, 'comesFrom', ['var1'], [17]
'1', 157, 'comesFrom', [], []
'var8', 159, 'computedFrom', ['var7', '3', 'range', '2'], [161, 163, 165, 167]
'range', 161, 'comesFrom', ['range'], [38]
'3', 163, 'comesFrom', [], []
'var7', 165, 'comesFrom', ['var7'], [145]
'2', 167, 'comesFrom', [], []
'var1', 171, 'comesFrom', ['var1'], [17]
'var8', 173, 'comesFrom', ['var8'], [159]
'var4', 181, 'computedFrom', ['function1'], [183]
'function1', 183, 'comesFrom', ['function1'], [3]
'var9', 186, 'computedFrom', [], []
'var5', 191, 'computedFrom', ['1', 'range', 'var4'], [193, 195, 197]
'range', 193, 'comesFrom', ['range'], [38]
'1', 195, 'comesFrom', [], []
'var4', 197, 'comesFrom', ['var4'], [181]
'math', 201, 'comesFrom', ['math'], [1]
'gcd', 203, 'comesFrom', ['gcd'], [203]
'var5', 205, 'comesFrom', ['var5'], [191]
'var4', 207, 'comesFrom', ['var4'], [181]
'var9', 212, 'comesFrom', ['var9'], [186]
'append', 214, 'comesFrom', ['append'], [113]
'var5', 216, 'comesFrom', ['var5'], [191]
'var10', 218, 'computedFrom', ['len', 'var9'], [220, 222]
'len', 220, 'comesFrom', [], []
'var9', 222, 'comesFrom', ['var9'], [186]
'var6', 224, 'computedFrom', ['function2', 'var10'], [226, 228]
'function2', 226, 'comesFrom', ['function2'], [15]
'var10', 228, 'comesFrom', ['var10'], [218]
'var5', 231, 'computedFrom', ['var6'], [233]
'var6', 233, 'comesFrom', ['var6'], [224]
'var10', 236, 'comesFrom', ['var10'], [218, 242]
'var5', 238, 'comesFrom', ['var5'], [231]
'var10', 242, 'computedFrom', ['1', 'var5', 'var10'], [244, 247, 249, 252]
'var10', 244, 'comesFrom', ['var10'], [218, 242]
'var5', 247, 'comesFrom', ['var5'], [231]
'1', 249, 'comesFrom', [], []
'var5', 252, 'comesFrom', ['var5'], [231]
'int', 255, 'comesFrom', ['int'], [8]
'var10', 257, 'comesFrom', ['var10'], [218, 242]","{'inputs': ['1997\n', '127\n', '997\n', '17\n', '11\n'], 'outputs': ['996\n', '36\n', '328\n', '8\n', '4\n']}",123631,"def function1(var1):
    if var1 <= 1:
        return False
    if var1 <= 3:
        return True
    if var1 % 2 == 0 or var1 % 3 == 0:
        return False
    var2 = 5
    while var2 * var2 <= var1:
        if var1 % var2 == 0 or var1 % (var2 + 2) == 0:
            return False
        var2 = var2 + 6
    return True


def function2(var1):
    var3 = int(var1 ** 0.5)
    for var2 in range(3, var3 + 1, 2):
        if var1 % var2 == 0:
            return var2
            break


var1 = int(input())
var4 = [1] * (var1 + 1)
var5 = 2
for var2 in range(3, var1 + 1, 2):
    if function1(var2):
        var4[var2] = var5
        var5 = var5 + 1
    else:
        var6 = function2(var2)
        var4[var2] = var4[var6]
for var2 in range(2, var1 + 1):
    print(var4[var2], end=' ')
print('')","'function1', 1, 'comesFrom', [], []
'var1', 3, 'comesFrom', [], []
'var1', 7, 'comesFrom', ['var1'], [3]
'var1', 14, 'comesFrom', ['var1'], [3]
'var1', 21, 'comesFrom', ['var1'], [3]
'var1', 27, 'comesFrom', ['var1'], [3]
'var2', 35, 'computedFrom', ['5'], [37]
'5', 37, 'comesFrom', [], []
'var2', 39, 'comesFrom', ['var2'], [35, 64]
'var2', 41, 'comesFrom', ['var2'], [35, 64]
'var1', 43, 'comesFrom', ['var1'], [3]
'var1', 46, 'comesFrom', ['var1'], [3]
'var2', 48, 'comesFrom', ['var2'], [35, 64]
'var1', 52, 'comesFrom', ['var1'], [3]
'var2', 55, 'comesFrom', ['var2'], [35, 64]
'var2', 64, 'computedFrom', ['var2', '6'], [66, 68]
'var2', 66, 'comesFrom', ['var2'], [35, 64]
'6', 68, 'comesFrom', [], []
'function2', 72, 'comesFrom', [], []
'var1', 74, 'comesFrom', ['var1'], [3]
'var3', 77, 'computedFrom', ['int', 'var1', '0.5'], [79, 81, 83]
'int', 79, 'comesFrom', [], []
'var1', 81, 'comesFrom', ['var1'], [3]
'0.5', 83, 'comesFrom', [], []
'var2', 86, 'computedFrom', ['range', 'var3', '3', '1', '2'], [88, 90, 92, 94, 96]
'range', 88, 'comesFrom', ['range'], [88]
'3', 90, 'comesFrom', [], []
'var3', 92, 'comesFrom', ['var3'], [77]
'1', 94, 'comesFrom', [], []
'2', 96, 'comesFrom', [], []
'var1', 100, 'comesFrom', ['var1'], [3]
'var2', 102, 'comesFrom', ['var2'], [86]
'var2', 107, 'comesFrom', ['var2'], [86]
'var1', 109, 'computedFrom', ['int', 'input'], [111, 113]
'int', 111, 'comesFrom', ['int'], [79]
'input', 113, 'comesFrom', [], []
'var4', 117, 'computedFrom', ['1', 'var1', '1'], [120, 124, 126]
'1', 120, 'comesFrom', [], []
'var1', 124, 'comesFrom', ['var1'], [109]
'1', 126, 'comesFrom', [], []
'var5', 128, 'computedFrom', ['2'], [130]
'2', 130, 'comesFrom', [], []
'var2', 132, 'computedFrom', ['var1', 'range', '3', '1', '2'], [134, 136, 138, 140, 142]
'range', 134, 'comesFrom', ['range'], [88]
'3', 136, 'comesFrom', [], []
'var1', 138, 'comesFrom', ['var1'], [109]
'1', 140, 'comesFrom', [], []
'2', 142, 'comesFrom', [], []
'function1', 146, 'comesFrom', ['function1'], [1]
'var2', 148, 'comesFrom', ['var2'], [132]
'var4', 151, 'computedFrom', ['var5'], [156]
'var2', 153, 'computedFrom', ['var5'], [156]
'var5', 156, 'comesFrom', ['var5'], [128, 157]
'var5', 157, 'computedFrom', ['1', 'var5'], [159, 161]
'var5', 159, 'comesFrom', ['var5'], [128, 157]
'1', 161, 'comesFrom', [], []
'var6', 164, 'computedFrom', ['var2', 'function2'], [166, 168]
'function2', 166, 'comesFrom', ['function2'], [72]
'var2', 168, 'comesFrom', ['var2'], [132]
'var4', 170, 'computedFrom', ['var4'], [175]
'var2', 172, 'computedFrom', ['var6'], [177]
'var4', 175, 'comesFrom', ['var4'], [117, 151, 170]
'var6', 177, 'comesFrom', ['var6'], [164]
'var2', 180, 'computedFrom', ['1', 'var1', 'range', '2'], [182, 184, 186, 188]
'range', 182, 'comesFrom', ['range'], [88]
'2', 184, 'comesFrom', [], []
'var1', 186, 'comesFrom', ['var1'], [109]
'1', 188, 'comesFrom', [], []
'print', 191, 'comesFrom', ['print'], [191]
'var4', 193, 'comesFrom', ['var4'], [151, 170]
'var2', 195, 'comesFrom', ['var2'], [180]
'end', 198, 'comesFrom', ['end'], [198]
'print', 202, 'comesFrom', ['print'], [191]","{'inputs': ['67\n', '34\n', '89\n', '2\n', '72\n'], 'outputs': ['1 2 1 3 2 4 1 2 3 5 2 6 4 3 1 7 2 8 3 4 5 9 2 3 6 2 4 10 3 11 1 5 7 4 2 12 8 6 3 13 4 14 5 3 9 15 2 4 3 7 6 16 2 5 4 8 10 17 3 18 11 4 1 6 5 19\n', '1 2 1 3 2 4 1 2 3 5 2 6 4 3 1 7 2 8 3 4 5 9 2 3 6 2 4 10 3 11 1 5 7\n', '1 2 1 3 2 4 1 2 3 5 2 6 4 3 1 7 2 8 3 4 5 9 2 3 6 2 4 10 3 11 1 5 7 4 2 12 8 6 3 13 4 14 5 3 9 15 2 4 3 7 6 16 2 5 4 8 10 17 3 18 11 4 1 6 5 19 7 9 4 20 2 21 12 3 8 5 6 22 3 2 13 23 4 7 14 10 5 24\n', '1\n', '1 2 1 3 2 4 1 2 3 5 2 6 4 3 1 7 2 8 3 4 5 9 2 3 6 2 4 10 3 11 1 5 7 4 2 12 8 6 3 13 4 14 5 3 9 15 2 4 3 7 6 16 2 5 4 8 10 17 3 18 11 4 1 6 5 19 7 9 4 20 2\n']}",100332,"def function1(var1):
    var1 = int(var1)
    if var1 <= 1:
        return 0
    var2 = [2, 3, 5, 7, 11, 13, 17, 37]
    for var3 in var2:
        if var1 == var3:
            return 1
        if var1 % var3 == 0:
            return 0
    var4 = 0
    var5 = var1 - 1
    while var5 % 2 == 0:
        var4 += 1
        var5 //= 2
    for var3 in var2:
        var6 = pow(var3, var5, var1)
        if var6 == 1 or var6 == var1 - 1:
            continue
        for var7 in range(var4 - 1):
            var6 = pow(var6, 2, var1)
            if var6 == var1 - 1:
                break
            if var6 == 1:
                return 0
        if not var6 * var6 % var1 == 1:
            return 0
    return 1


var8 = int(input())
for var9 in range(var8):
    [var10, var11] = list(map(int, input().rstrip().split()))
    print('YES' if function1(var10 ** 2 - var11 ** 2) else 'NO')","'function1', 1, 'comesFrom', [], []
'var1', 3, 'comesFrom', [], []
'var1', 6, 'computedFrom', ['int', 'var1'], [8, 10]
'int', 8, 'comesFrom', [], []
'var1', 10, 'comesFrom', ['var1'], [3]
'var1', 13, 'comesFrom', ['var1'], [6]
'var2', 19, 'computedFrom', ['2', '3', '5', '7', '11', '13', '17', '37'], [22, 24, 26, 28, 30, 32, 34, 36]
'2', 22, 'comesFrom', [], []
'3', 24, 'comesFrom', [], []
'5', 26, 'comesFrom', [], []
'7', 28, 'comesFrom', [], []
'11', 30, 'comesFrom', [], []
'13', 32, 'comesFrom', [], []
'17', 34, 'comesFrom', [], []
'37', 36, 'comesFrom', [], []
'var3', 39, 'computedFrom', ['var2'], [41]
'var2', 41, 'comesFrom', ['var2'], [19]
'var1', 44, 'comesFrom', ['var1'], [6]
'var3', 46, 'comesFrom', ['var3'], [39]
'var1', 51, 'comesFrom', ['var1'], [6]
'var3', 53, 'comesFrom', ['var3'], [39]
'var4', 59, 'computedFrom', ['0'], [61]
'0', 61, 'comesFrom', [], []
'var5', 62, 'computedFrom', ['var1', '1'], [64, 66]
'var1', 64, 'comesFrom', ['var1'], [6]
'1', 66, 'comesFrom', [], []
'var5', 68, 'comesFrom', ['var5'], [62, 77]
'var4', 74, 'computedFrom', ['1'], [76]
'1', 76, 'comesFrom', [], []
'var5', 77, 'computedFrom', ['2'], [79]
'2', 79, 'comesFrom', [], []
'var3', 81, 'computedFrom', ['var2'], [83]
'var2', 83, 'comesFrom', ['var2'], [19]
'var6', 85, 'computedFrom', ['var1', 'var5', 'pow', 'var3'], [87, 89, 91, 93]
'pow', 87, 'comesFrom', ['pow'], [87]
'var3', 89, 'comesFrom', ['var3'], [81]
'var5', 91, 'comesFrom', ['var5'], [77]
'var1', 93, 'comesFrom', ['var1'], [6]
'var6', 96, 'comesFrom', ['var6'], [85]
'var6', 100, 'comesFrom', ['var6'], [85]
'var1', 102, 'comesFrom', ['var1'], [6]
'var7', 108, 'computedFrom', ['1', 'range', 'var4'], [110, 112, 114]
'range', 110, 'comesFrom', ['range'], [110]
'var4', 112, 'comesFrom', ['var4'], [74]
'1', 114, 'comesFrom', [], []
'var6', 117, 'computedFrom', ['pow', 'var1', 'var6', '2'], [119, 121, 123, 125]
'pow', 119, 'comesFrom', ['pow'], [87]
'var6', 121, 'comesFrom', ['var6'], [85, 117]
'2', 123, 'comesFrom', [], []
'var1', 125, 'comesFrom', ['var1'], [6]
'var6', 128, 'comesFrom', ['var6'], [117]
'var1', 130, 'comesFrom', ['var1'], [6]
'var6', 136, 'comesFrom', ['var6'], [117]
'var6', 144, 'comesFrom', ['var6'], [117]
'var6', 146, 'comesFrom', ['var6'], [117]
'var1', 148, 'comesFrom', ['var1'], [6]
'var8', 156, 'computedFrom', ['int', 'input'], [158, 160]
'int', 158, 'comesFrom', ['int'], [8]
'input', 160, 'comesFrom', [], []
'var9', 165, 'computedFrom', ['var8', 'range'], [167, 169]
'range', 167, 'comesFrom', ['range'], [110]
'var8', 169, 'comesFrom', ['var8'], [156]
'var10', 173, 'computedFrom', ['input', 'list', 'split', 'int', 'map', 'rstrip'], [178, 180, 182, 184, 188, 192]
'var11', 175, 'computedFrom', ['input', 'list', 'split', 'int', 'map', 'rstrip'], [178, 180, 182, 184, 188, 192]
'list', 178, 'comesFrom', ['list'], [178]
'map', 180, 'comesFrom', ['map'], [180]
'int', 182, 'comesFrom', ['int'], [8]
'input', 184, 'comesFrom', ['input'], [160]
'rstrip', 188, 'comesFrom', ['rstrip'], [188]
'split', 192, 'comesFrom', ['split'], [192]
'print', 197, 'comesFrom', ['print'], [197]
'function1', 201, 'comesFrom', ['function1'], [1]
'var10', 203, 'comesFrom', ['var10'], [173]
'var11', 207, 'comesFrom', ['var11'], [175]","{'inputs': ['5\n4606204 4606203\n1620972 1620971\n67109344913 14791364910\n8894157 3383382\n4110450 4110449\n', '1\n96793840086 96793840085\n', '1\n18 14\n', '1\n61 60\n', '5\n24095027715 9551467282\n34945375 34945374\n16603803 16603802\n58997777 26551505\n39762660 39762659\n'], 'outputs': ['NO\nYES\nNO\nNO\nYES\n', 'NO\n', 'NO\n', 'NO\n', 'NO\nYES\nNO\nNO\nYES\n']}",152670,"import re


def function1(var1):
    var2 = var1.split('.')
    if len(var2[-1]) == 2:
        var2.append(var2[-1])
        var2[-2] = '.'
    return eval(''.join(var2))


var1 = input()
var3 = re.findall('[.0-9]+', var1)
for var4 in range(len(var3)):
    if '.' in var3[var4]:
        var3[var4] = function1(var3[var4])
    else:
        var3[var4] = eval(var3[var4])
var5 = eval('%0.2f' % sum(var3))
if var5 - int(var5) == 0:
    var5 = int(var5)
var5 = str(var5)
var6 = []
var7 = 0
if '.' in var5:
    var6.append(var5[-3:len(var5)])
    for var4 in range(4, len(var5) + 1):
        var7 += 1
        var6.append(var5[-var4])
        if var7 % 3 == 0 and var4 != len(var5):
            var7 = 0
            var6.append('.')
else:
    for var4 in range(1, len(var5) + 1):
        var7 += 1
        var6.append(var5[-var4])
        if var7 % 3 == 0 and var4 != len(var5):
            var7 = 0
            var6.append('.')
var5 = ''.join(var6[::-1])
if len(var5) >= 3 and var5[-2] == '.':
    print(var5 + '0')
else:
    print(var5)","'re', 1, 'comesFrom', [], []
'function1', 3, 'comesFrom', [], []
'var1', 5, 'comesFrom', [], []
'var2', 8, 'computedFrom', ['var1', 'split', ""'.'""], [10, 12, 14]
'var1', 10, 'comesFrom', ['var1'], [5]
'split', 12, 'comesFrom', [], []
""'.'"", 14, 'comesFrom', [], []
'len', 17, 'comesFrom', [], []
'var2', 19, 'comesFrom', ['var2'], [8]
'var2', 28, 'comesFrom', ['var2'], [8]
'append', 30, 'comesFrom', [], []
'var2', 32, 'comesFrom', ['var2'], [8]
'var2', 38, 'computedFrom', [""'.'""], [44]
'2', 41, 'computedFrom', [""'.'""], [44]
""'.'"", 44, 'comesFrom', [], []
'eval', 46, 'comesFrom', [], []
'join', 50, 'comesFrom', [], []
'var2', 52, 'comesFrom', ['var2'], [8, 38]
'var1', 55, 'computedFrom', ['input'], [57]
'input', 57, 'comesFrom', [], []
'var3', 60, 'computedFrom', ['re', 'findall', ""'[.0-9]+'"", 'var1'], [62, 64, 66, 68]
're', 62, 'comesFrom', ['re'], [1]
'findall', 64, 'comesFrom', [], []
""'[.0-9]+'"", 66, 'comesFrom', [], []
'var1', 68, 'comesFrom', ['var1'], [55]
'var4', 71, 'computedFrom', ['len', 'range', 'var3'], [73, 75, 77]
'range', 73, 'comesFrom', ['range'], [73]
'len', 75, 'comesFrom', ['len'], [17]
'var3', 77, 'comesFrom', ['var3'], [60, 89, 103]
'var3', 84, 'comesFrom', ['var3'], [60, 89, 103]
'var4', 86, 'comesFrom', ['var4'], [71]
'var3', 89, 'computedFrom', ['function1', 'var4', 'var3'], [94, 96, 98]
'var4', 91, 'computedFrom', ['function1', 'var4', 'var3'], [94, 96, 98]
'function1', 94, 'comesFrom', ['function1'], [3]
'var3', 96, 'comesFrom', ['var3'], [60, 89, 103]
'var4', 98, 'comesFrom', ['var4'], [71]
'var3', 103, 'computedFrom', ['eval', 'var4', 'var3'], [108, 110, 112]
'var4', 105, 'computedFrom', ['eval', 'var4', 'var3'], [108, 110, 112]
'eval', 108, 'comesFrom', ['eval'], [46]
'var3', 110, 'comesFrom', ['var3'], [60, 89, 103]
'var4', 112, 'comesFrom', ['var4'], [71]
'var5', 115, 'computedFrom', ['eval', ""'%0.2f'"", 'sum', 'var3'], [117, 119, 121, 123]
'eval', 117, 'comesFrom', ['eval'], [46]
""'%0.2f'"", 119, 'comesFrom', [], []
'sum', 121, 'comesFrom', [], []
'var3', 123, 'comesFrom', ['var3'], [89, 103]
'var5', 127, 'comesFrom', ['var5'], [115]
'int', 129, 'comesFrom', [], []
'var5', 131, 'comesFrom', ['var5'], [115]
'var5', 136, 'computedFrom', ['int', 'var5'], [138, 140]
'int', 138, 'comesFrom', ['int'], [129]
'var5', 140, 'comesFrom', ['var5'], [115]
'var5', 142, 'computedFrom', ['str', 'var5'], [144, 146]
'str', 144, 'comesFrom', [], []
'var5', 146, 'comesFrom', ['var5'], [115, 136]
'var6', 148, 'computedFrom', [], []
'var7', 152, 'computedFrom', ['0'], [154]
'0', 154, 'comesFrom', [], []
'var5', 158, 'comesFrom', ['var5'], [142]
'var6', 160, 'comesFrom', ['var6'], [148]
'append', 162, 'comesFrom', ['append'], [30]
'var5', 164, 'comesFrom', ['var5'], [142]
'len', 169, 'comesFrom', ['len'], [17]
'var5', 171, 'comesFrom', ['var5'], [142]
'var4', 176, 'computedFrom', ['var5', '4', 'range', 'len', '1'], [178, 180, 182, 184, 187]
'range', 178, 'comesFrom', ['range'], [73]
'4', 180, 'comesFrom', [], []
'len', 182, 'comesFrom', ['len'], [17]
'var5', 184, 'comesFrom', ['var5'], [142]
'1', 187, 'comesFrom', [], []
'var7', 190, 'computedFrom', ['1'], [192]
'1', 192, 'comesFrom', [], []
'var6', 193, 'comesFrom', ['var6'], [148]
'append', 195, 'comesFrom', ['append'], [30]
'var5', 197, 'comesFrom', ['var5'], [142]
'var4', 200, 'comesFrom', ['var4'], [176]
'var7', 204, 'comesFrom', ['var7'], [190]
'var4', 210, 'comesFrom', ['var4'], [176]
'len', 212, 'comesFrom', ['len'], [17]
'var5', 214, 'comesFrom', ['var5'], [142]
'var7', 217, 'computedFrom', ['0'], [219]
'0', 219, 'comesFrom', [], []
'var6', 220, 'comesFrom', ['var6'], [148]
'append', 222, 'comesFrom', ['append'], [30]
'var4', 229, 'computedFrom', ['len', '1', 'range', 'var5'], [231, 233, 235, 237, 240]
'range', 231, 'comesFrom', ['range'], [73]
'1', 233, 'comesFrom', [], []
'len', 235, 'comesFrom', ['len'], [17]
'var5', 237, 'comesFrom', ['var5'], [142]
'1', 240, 'comesFrom', [], []
'var7', 243, 'computedFrom', ['1'], [245]
'1', 245, 'comesFrom', [], []
'var6', 246, 'comesFrom', ['var6'], [148]
'append', 248, 'comesFrom', ['append'], [30]
'var5', 250, 'comesFrom', ['var5'], [142]
'var4', 253, 'comesFrom', ['var4'], [229]
'var7', 257, 'comesFrom', ['var7'], [243]
'var4', 263, 'comesFrom', ['var4'], [229]
'len', 265, 'comesFrom', ['len'], [17]
'var5', 267, 'comesFrom', ['var5'], [142]
'var7', 270, 'computedFrom', ['0'], [272]
'0', 272, 'comesFrom', [], []
'var6', 273, 'comesFrom', ['var6'], [148]
'append', 275, 'comesFrom', ['append'], [30]
'var5', 279, 'computedFrom', [""''"", 'join', 'var6', '1'], [281, 283, 285, 290]
""''"", 281, 'comesFrom', [], []
'join', 283, 'comesFrom', ['join'], [50]
'var6', 285, 'comesFrom', ['var6'], [148]
'1', 290, 'comesFrom', [], []
'len', 294, 'comesFrom', ['len'], [17]
'var5', 296, 'comesFrom', ['var5'], [279]
'var5', 301, 'comesFrom', ['var5'], [279]
'2', 304, 'comesFrom', ['2'], [41]
'var5', 311, 'comesFrom', ['var5'], [279]
'var5', 319, 'comesFrom', ['var5'], [279]","{'inputs': ['aasf0.01egfr0.50edfasdf0.99rwer999.999.99\n', 'f999.999.99fsdf0.01wef1.10dfs2.90\n', 'dpinb27.277fwxpdbfg709.917vocemjru16.491ade860.722tvb870.469.51wrpgy565.046gddrwv202.271.28\n', 'a1b2c3.38\n', 'iwpcfsmzen297.618.42ff585.209.84\n'], 'outputs': ['1.000.001.49\n', '1.000.004\n', '3.252.193.79\n', '6.38\n', '882.828.26\n']}","#### Reference Example 1:
### Python Program:
```python
import math


def function1():
    return int(input())


def function2(var1):
    if var1 < 2:
        return list()
    var2 = [(True) for var3 in range(var1 + 1)]
    var4 = 3
    while var4 * var4 <= var1:
        if var2[var4]:
            for var5 in range(var4 * 2, var1 + 1, var4):
                var2[var5] = False
        var4 += 2
    var6 = [2]
    for var4 in range(3, var1 + 1, 2):
        if var2[var4]:
            var6.append(var4)
    return var6


def function3(var1):
    if var1 == 2:
        return True
    if var1 % 2 == 0 or var1 <= 1:
        return False
    var7 = int(math.sqrt(var1)) + 1
    for var8 in range(3, var7, 2):
        if var1 % var8 == 0:
            return False
    return True


var4 = function1()
var9 = []
for var5 in range(1, var4):
    if math.gcd(var5, var4) == 1:
        var9.append(var5)
var10 = len(var9)
var6 = function2(var10)
for var5 in var6:
    if var10 % var5 == 0:
        var10 = var10 * (var5 - 1) // var5
print(int(var10))
```

### Input/Output Unit Test Cases:
```Input/Output Unit Test Cases
## Test Case 1:
Input: '1997'
Output: '996'

## Test Case 2:
Input: '127'
Output: '36'

## Test Case 3:
Input: '997'
Output: '328'

## Test Case 4:
Input: '17'
Output: '8'

## Test Case 5:
Input: '11'
Output: '4'

```

#### Reference Example 2:
### Python Program:
```python
def function1(var1):
    if var1 <= 1:
        return False
    if var1 <= 3:
        return True
    if var1 % 2 == 0 or var1 % 3 == 0:
        return False
    var2 = 5
    while var2 * var2 <= var1:
        if var1 % var2 == 0 or var1 % (var2 + 2) == 0:
            return False
        var2 = var2 + 6
    return True


def function2(var1):
    var3 = int(var1 ** 0.5)
    for var2 in range(3, var3 + 1, 2):
        if var1 % var2 == 0:
            return var2
            break


var1 = int(input())
var4 = [1] * (var1 + 1)
var5 = 2
for var2 in range(3, var1 + 1, 2):
    if function1(var2):
        var4[var2] = var5
        var5 = var5 + 1
    else:
        var6 = function2(var2)
        var4[var2] = var4[var6]
for var2 in range(2, var1 + 1):
    print(var4[var2], end=' ')
print('')
```

### Input/Output Unit Test Cases:
```Input/Output Unit Test Cases
## Test Case 1:
Input: '67'
Output: '1 2 1 3 2 4 1 2 3 5 2 6 4 3 1 7 2 8 3 4 5 9 2 3 6 2 4 10 3 11 1 5 7 4 2 12 8 6 3 13 4 14 5 3 9 15 2 4 3 7 6 16 2 5 4 8 10 17 3 18 11 4 1 6 5 19'

## Test Case 2:
Input: '34'
Output: '1 2 1 3 2 4 1 2 3 5 2 6 4 3 1 7 2 8 3 4 5 9 2 3 6 2 4 10 3 11 1 5 7'

## Test Case 3:
Input: '89'
Output: '1 2 1 3 2 4 1 2 3 5 2 6 4 3 1 7 2 8 3 4 5 9 2 3 6 2 4 10 3 11 1 5 7 4 2 12 8 6 3 13 4 14 5 3 9 15 2 4 3 7 6 16 2 5 4 8 10 17 3 18 11 4 1 6 5 19 7 9 4 20 2 21 12 3 8 5 6 22 3 2 13 23 4 7 14 10 5 24'

## Test Case 4:
Input: '2'
Output: '1'

## Test Case 5:
Input: '72'
Output: '1 2 1 3 2 4 1 2 3 5 2 6 4 3 1 7 2 8 3 4 5 9 2 3 6 2 4 10 3 11 1 5 7 4 2 12 8 6 3 13 4 14 5 3 9 15 2 4 3 7 6 16 2 5 4 8 10 17 3 18 11 4 1 6 5 19 7 9 4 20 2'

```

#### Reference Example 3:
### Python Program:
```python
def function1(var1):
    var1 = int(var1)
    if var1 <= 1:
        return 0
    var2 = [2, 3, 5, 7, 11, 13, 17, 37]
    for var3 in var2:
        if var1 == var3:
            return 1
        if var1 % var3 == 0:
            return 0
    var4 = 0
    var5 = var1 - 1
    while var5 % 2 == 0:
        var4 += 1
        var5 //= 2
    for var3 in var2:
        var6 = pow(var3, var5, var1)
        if var6 == 1 or var6 == var1 - 1:
            continue
        for var7 in range(var4 - 1):
            var6 = pow(var6, 2, var1)
            if var6 == var1 - 1:
                break
            if var6 == 1:
                return 0
        if not var6 * var6 % var1 == 1:
            return 0
    return 1


var8 = int(input())
for var9 in range(var8):
    [var10, var11] = list(map(int, input().rstrip().split()))
    print('YES' if function1(var10 ** 2 - var11 ** 2) else 'NO')
```

### Input/Output Unit Test Cases:
```Input/Output Unit Test Cases
## Test Case 1:
Input: '5
4606204 4606203
1620972 1620971
67109344913 14791364910
8894157 3383382
4110450 4110449'
Output: 'NO
YES
NO
NO
YES'

## Test Case 2:
Input: '1
96793840086 96793840085'
Output: 'NO'

## Test Case 3:
Input: '1
18 14'
Output: 'NO'

## Test Case 4:
Input: '1
61 60'
Output: 'NO'

## Test Case 5:
Input: '5
24095027715 9551467282
34945375 34945374
16603803 16603802
58997777 26551505
39762660 39762659'
Output: 'NO
YES
NO
NO
YES'

```

#### Reference Example 4:
### Python Program:
```python
import re


def function1(var1):
    var2 = var1.split('.')
    if len(var2[-1]) == 2:
        var2.append(var2[-1])
        var2[-2] = '.'
    return eval(''.join(var2))


var1 = input()
var3 = re.findall('[.0-9]+', var1)
for var4 in range(len(var3)):
    if '.' in var3[var4]:
        var3[var4] = function1(var3[var4])
    else:
        var3[var4] = eval(var3[var4])
var5 = eval('%0.2f' % sum(var3))
if var5 - int(var5) == 0:
    var5 = int(var5)
var5 = str(var5)
var6 = []
var7 = 0
if '.' in var5:
    var6.append(var5[-3:len(var5)])
    for var4 in range(4, len(var5) + 1):
        var7 += 1
        var6.append(var5[-var4])
        if var7 % 3 == 0 and var4 != len(var5):
            var7 = 0
            var6.append('.')
else:
    for var4 in range(1, len(var5) + 1):
        var7 += 1
        var6.append(var5[-var4])
        if var7 % 3 == 0 and var4 != len(var5):
            var7 = 0
            var6.append('.')
var5 = ''.join(var6[::-1])
if len(var5) >= 3 and var5[-2] == '.':
    print(var5 + '0')
else:
    print(var5)
```

### Input/Output Unit Test Cases:
```Input/Output Unit Test Cases
## Test Case 1:
Input: 'aasf0.01egfr0.50edfasdf0.99rwer999.999.99'
Output: '1.000.001.49'

## Test Case 2:
Input: 'f999.999.99fsdf0.01wef1.10dfs2.90'
Output: '1.000.004'

## Test Case 3:
Input: 'dpinb27.277fwxpdbfg709.917vocemjru16.491ade860.722tvb870.469.51wrpgy565.046gddrwv202.271.28'
Output: '3.252.193.79'

## Test Case 4:
Input: 'a1b2c3.38'
Output: '6.38'

## Test Case 5:
Input: 'iwpcfsmzen297.618.42ff585.209.84'
Output: '882.828.26'

```

"
u773686010,p03162,python,s443943241,s399855216,1938,418,46688,28484,Accepted,Accepted,78.43,"# https://atcoder.jp/contests/dp/tasks/dp_c

import numpy as np

N = int(eval(input()))

Max_List=[]

N_List=[i for i in range(3)]

for i in range(N):

    Current_List=list(map(int,input().split())) 

    if i == 0:

        Max_List.append(Current_List)

    else:

        Current_Max_List = []

        for j in range(3):

            Index_List=np.array(Max_List[i-1])

            ind = np.ones(3, dtype=bool)

            ind[j] = False

            Current_Max_List.append(max(Index_List[ind])+Current_List[j])

            

        Max_List.append(Current_Max_List)

        

    

print((max(Max_List[-1])))","# https://atcoder.jp/contests/dp/tasks/dp_c

N = int(eval(input()))

Max_List=[]

N_List=[i for i in range(3)]

for i in range(N):

    Current_List=list(map(int,input().split())) 

    if i == 0:

        Max_List.append(Current_List)

    else:

        Current_Max_List = []

        Search_List=Max_List[i-1]

        for j in range(3):

            Current_Search_List=Search_List[1:3]

            Current_Max_List.append(max(Current_Search_List)+Current_List[j])

            Search_List.append(Search_List[0])

            del Search_List[0]

        Max_List.append(Current_Max_List)

        

    

print((max(Max_List[-1])))",21,20,611,628,"# https://atcoder.jp/contests/dp/tasks/dp_c
import numpy as np

N = int(eval(input()))
Max_List = []
N_List = [i for i in range(3)]
for i in range(N):
    Current_List = list(map(int, input().split()))
    if i == 0:
        Max_List.append(Current_List)
    else:
        Current_Max_List = []
        for j in range(3):
            Index_List = np.array(Max_List[i - 1])
            ind = np.ones(3, dtype=bool)
            ind[j] = False
            Current_Max_List.append(max(Index_List[ind]) + Current_List[j])
        Max_List.append(Current_Max_List)
print((max(Max_List[-1])))
","# https://atcoder.jp/contests/dp/tasks/dp_c
N = int(eval(input()))
Max_List = []
N_List = [i for i in range(3)]
for i in range(N):
    Current_List = list(map(int, input().split()))
    if i == 0:
        Max_List.append(Current_List)
    else:
        Current_Max_List = []
        Search_List = Max_List[i - 1]
        for j in range(3):
            Current_Search_List = Search_List[1:3]
            Current_Max_List.append(max(Current_Search_List) + Current_List[j])
            Search_List.append(Search_List[0])
            del Search_List[0]
        Max_List.append(Current_Max_List)
print((max(Max_List[-1])))
",False,4.761904762,"['-import numpy as np', '-', '+        Search_List = Max_List[i - 1]', '-            Index_List = np.array(Max_List[i - 1])', '-            ind = np.ones(3, dtype=bool)', '-            ind[j] = False', '-            Current_Max_List.append(max(Index_List[ind]) + Current_List[j])', '+            Current_Search_List = Search_List[1:3]', '+            Current_Max_List.append(max(Current_Search_List) + Current_List[j])', '+            Search_List.append(Search_List[0])', '+            del Search_List[0]']",False,1.915189147,0.347304639,5.51443583,"['s443943241', 's399855216']","{'inputs': ['1\n100 10 1\n', '7\n6 7 8\n8 8 3\n2 5 2\n7 8 6\n4 6 8\n2 3 4\n7 5 1\n', '3\n10 40 70\n20 50 80\n30 60 90\n'], 'outputs': ['100\n', '46\n', '210\n']}","{'inputs': ['1\n001 3 0\n', '3\n-2 6 -4\n0 4 3\n21 2 10\n', '1\n001 4 0\n', '7\n3 7 14\n7 8 3\n2 5 2\n7 13 6\n4 6 3\n3 3 8\n4 7 0\n', '3\n-1 47 -1\n0 17 5\n5 0 3\n', '7\n3 1 31\n1 8 0\n-1 2 2\n15 6 6\n4 5 0\n1 2 7\n1 0 -1\n', '7\n6 2 176\n1 3 -3\n0 0 0\n6 9 4\n-1 7 2\n-4 1 7\n0 1 -5\n', '7\n3 1 90\n0 1 0\n-2 2 0\n2 4 2\n-1 12 1\n0 1 22\n2 1 -3\n', '7\n3 7 19\n11 8 0\n4 4 3\n15 14 6\n4 8 1\n3 3 7\n2 3 -1\n', '7\n6 2 176\n1 3 -2\n0 0 0\n3 9 3\n-1 7 2\n-4 1 7\n0 1 -5\n', '3\n-1 35 9\n15 50 48\n19 8 5\n', '7\n3 1 176\n0 1 0\n-2 2 0\n2 4 2\n-1 12 1\n0 1 22\n0 1 -4\n', '3\n0 94 34\n20 50 80\n30 35 90\n', '1\n010 3 0\n', '7\n5 1 176\n0 2 0\n-2 2 -1\n2 8 2\n-1 3 1\n0 1 4\n0 1 -5\n', '3\n-1 5 -4\n-1 0 8\n21 4 10\n', '1\n111 5 -3\n', '3\n-1 56 -2\n-1 52 2\n22 0 6\n', '7\n3 1 31\n1 8 0\n0 2 2\n27 7 6\n4 8 0\n1 2 7\n1 0 -1\n', '3\n-2 56 -2\n0 4 3\n35 1 10\n', '3\n1 40 34\n20 50 80\n30 35 90\n', '7\n3 7 14\n7 8 3\n1 5 2\n12 13 6\n4 6 3\n3 3 8\n4 7 0\n', '3\n-1 38 0\n1 15 18\n31 14 3\n', '3\n-2 75 0\n0 10 6\n14 -1 3\n', '7\n3 1 31\n1 8 0\n0 2 -1\n27 7 6\n4 8 0\n0 2 7\n1 0 -1\n', '3\n-1 35 53\n34 50 149\n30 8 5\n', '3\n-1 24 37\n34 50 80\n30 35 6\n', '3\n-1 24 37\n34 50 80\n30 35 90\n', '1\n000 2 0\n', '3\n0 94 34\n34 50 80\n30 35 90\n', '3\n0 41 -1\n1 9 25\n11 5 1\n', '7\n5 1 176\n0 2 0\n-2 2 0\n2 8 2\n-1 3 1\n0 1 4\n0 1 -5\n', '3\n0 56 0\n-1 19 5\n22 1 6\n', '7\n3 1 61\n1 1 0\n0 2 -1\n17 3 6\n4 8 0\n0 4 13\n2 0 -4\n', '1\n001 29 2\n', '1\n000 0 -1\n', '3\n-1 35 0\n1 15 18\n19 4 3\n', '1\n001 6 0\n', '7\n6 2 176\n1 3 -1\n0 0 0\n3 9 3\n-1 7 2\n-4 1 4\n0 1 -5\n', '3\n-1 35 53\n34 50 149\n30 35 5\n', '7\n3 7 14\n11 9 0\n4 5 3\n15 13 6\n4 8 1\n3 3 7\n2 3 -1\n', '7\n5 7 14\n7 8 3\n2 5 2\n7 8 6\n4 6 8\n2 3 8\n7 7 0\n', '3\n-2 32 -1\n0 10 6\n9 -1 3\n', '7\n3 7 19\n11 8 0\n4 4 3\n15 14 6\n4 8 1\n3 3 7\n2 1 -1\n', '7\n5 1 66\n0 1 1\n0 2 -2\n5 4 1\n0 12 0\n0 1 12\n2 1 -5\n', '3\n-1 17 -1\n0 2 11\n37 7 2\n', '7\n3 1 31\n1 8 0\n0 3 19\n15 6 6\n4 5 1\n1 2 7\n1 1 -1\n', '3\n-1 35 56\n15 50 48\n19 8 5\n', '3\n-2 32 -1\n0 5 5\n5 0 3\n', '7\n5 1 61\n1 1 0\n0 2 -2\n5 4 6\n1 8 0\n0 1 13\n2 0 -4\n', '3\n-1 61 -2\n0 17 5\n7 5 1\n', '3\n-1 24 37\n34 50 149\n30 35 6\n', '3\n1 40 70\n20 50 80\n30 60 90\n', '7\n3 1 66\n0 1 0\n-2 2 0\n2 4 1\n-1 12 1\n0 1 22\n2 1 -3\n', '7\n6 7 14\n8 8 3\n2 5 2\n7 8 6\n4 6 8\n2 3 4\n7 7 1\n', '7\n6 7 8\n8 8 3\n2 5 2\n7 8 6\n4 6 8\n2 3 4\n7 7 1\n', '7\n6 2 176\n1 3 -1\n-2 0 0\n3 9 3\n-1 4 2\n-4 1 4\n0 1 -5\n', '7\n6 2 176\n1 3 -2\n0 0 0\n3 9 4\n-1 7 2\n-4 1 7\n0 1 -5\n', '1\n011 3 1\n', '3\n0 61 -1\n0 9 10\n11 5 1\n', '3\n1 76 34\n20 50 80\n30 35 90\n', '1\n000 16 1\n', '3\n0 41 -1\n1 9 25\n31 5 1\n', '3\n-2 20 0\n0 10 6\n14 -1 1\n', '7\n5 1 66\n-1 1 1\n-1 2 0\n5 4 1\n0 12 0\n0 1 12\n2 1 -3\n', '7\n3 7 16\n22 8 0\n4 4 3\n15 14 6\n4 8 1\n3 3 7\n2 1 -1\n', '1\n000 25 2\n', '1\n101 29 1\n', '3\n2 39 1\n0 10 5\n14 1 4\n', '3\n-1 12 -4\n-1 0 8\n21 4 10\n', '3\n-1 38 0\n1 15 18\n19 7 3\n', '3\n-1 6 -4\n-1 4 4\n21 2 10\n', '7\n3 1 90\n0 1 0\n-2 2 0\n2 4 2\n-1 12 1\n0 1 22\n0 1 -3\n', '3\n-1 6 -4\n0 4 5\n21 2 10\n', '3\n-1 41 0\n1 15 18\n31 13 3\n', '7\n3 1 61\n1 8 0\n0 2 -1\n17 3 6\n4 8 0\n0 4 13\n2 0 -2\n', '7\n3 2 16\n1 8 0\n4 4 12\n15 8 6\n4 5 1\n2 3 7\n1 1 -1\n', '7\n3 6 16\n22 8 0\n4 4 6\n15 14 6\n4 8 1\n3 3 7\n2 1 -1\n', '7\n3 7 19\n11 8 0\n4 5 3\n15 14 6\n4 8 1\n3 3 7\n2 3 -1\n', '3\n-1 61 -2\n0 9 10\n7 5 1\n', '3\n-1 35 53\n15 50 149\n19 8 5\n', '3\n-2 20 0\n0 10 3\n14 -1 1\n', '7\n5 1 176\n0 2 0\n-2 2 0\n2 8 2\n-1 4 1\n0 1 10\n0 1 -4\n', '7\n3 2 16\n1 8 0\n4 4 6\n15 4 6\n4 8 2\n2 3 7\n2 1 -1\n', '7\n9 1 66\n-1 1 2\n-1 2 0\n2 4 1\n0 12 1\n0 1 22\n2 1 -3\n', '7\n3 7 14\n11 8 3\n2 5 2\n12 13 6\n4 8 1\n3 3 8\n2 3 -1\n', '1\n110 1 0\n', '1\n001 0 -1\n', '7\n3 1 61\n1 8 0\n0 2 -1\n27 7 6\n4 8 0\n0 2 7\n2 0 -2\n', '7\n3 1 16\n1 8 0\n0 3 19\n15 6 6\n4 5 1\n1 2 7\n1 1 -1\n', '3\n1 20 0\n0 10 5\n14 0 1\n', '1\n100 16 1\n', '3\n-1 6 -4\n-1 0 8\n21 4 10\n', '7\n3 1 61\n1 8 0\n0 2 -1\n27 3 6\n4 8 0\n0 4 13\n2 0 -2\n', '3\n-2 29 0\n0 10 6\n14 -1 1\n', '7\n5 1 61\n1 1 0\n0 2 -2\n20 3 6\n1 8 0\n0 1 13\n2 0 -4\n', '7\n5 1 176\n0 1 0\n-2 2 0\n2 8 2\n-1 4 1\n0 1 10\n0 1 -4\n', '7\n3 7 14\n11 8 3\n1 5 2\n12 13 6\n4 6 1\n3 3 8\n4 3 -1\n', '7\n6 2 176\n2 3 -3\n0 0 -1\n6 9 4\n-1 7 2\n-4 1 7\n0 1 -8\n', '7\n5 7 14\n7 8 3\n2 5 2\n7 8 6\n4 6 8\n2 3 4\n7 7 1\n'], 'outputs': ['3\n', '30\n', '4\n', '56\n', '57\n', '69\n', '200\n', '130\n', '67\n', '197\n', '102\n', '215\n', '209\n', '10\n', '189\n', '34\n', '111\n', '80\n', '84\n', '94\n', '174\n', '59\n', '87\n', '95\n', '81\n', '214\n', '139\n', '177\n', '2\n', '218\n', '77\n', '190\n', '83\n', '104\n', '29\n', '0\n', '72\n', '6\n', '194\n', '219\n', '63\n', '54\n', '47\n', '66\n', '99\n', '65\n', '86\n', '125\n', '42\n', '93\n', '73\n', '208\n', '210\n', '106\n', '52\n', '46\n', '192\n', '198\n', '11\n', '82\n', '191\n', '16\n', '97\n', '40\n', '98\n', '74\n', '25\n', '101\n', '58\n', '41\n', '75\n', '31\n', '129\n', '32\n', '90\n', '108\n', '64\n', '76\n', '68\n', '78\n', '203\n', '37\n', '196\n', '62\n', '105\n', '61\n', '110\n', '1\n', '112\n', '71\n', '39\n', '100\n', '35\n', '118\n', '49\n', '107\n', '195\n', '60\n', '199\n', '51\n']}",1,71.63,1,33.25,1.0,85.12,1.0,33.58,"import numpy as np
N = int(eval(input()))
Max_List = []
N_List = [i for i in range(3)]
for i in range(N):
    Current_List = list(map(int, input().split()))
    if i == 0:
        Max_List.append(Current_List)
    else:
        Current_Max_List = []
        for j in range(3):
            Index_List = np.array(Max_List[i - 1])
            ind = np.ones(3, dtype=bool)
            ind[j] = False
            Current_Max_List.append(max(Index_List[ind]) + Current_List[j])
        Max_List.append(Current_Max_List)
print(max(Max_List[-1]))","import numpy as np
var1 = int(eval(input()))
var2 = []
var3 = [var4 for var4 in range(3)]
for var4 in range(var1):
    var5 = list(map(int, input().split()))
    if var4 == 0:
        var2.append(var5)
    else:
        var6 = []
        for var7 in range(3):
            var8 = np.array(var2[var4 - 1])
            var9 = np.ones(3, dtype=bool)
            var9[var7] = False
            var6.append(max(var8[var9]) + var5[var7])
        var2.append(var6)
print(max(var2[-1]))","N = int(eval(input()))
Max_List = []
N_List = [i for i in range(3)]
for i in range(N):
    Current_List = list(map(int, input().split()))
    if i == 0:
        Max_List.append(Current_List)
    else:
        Current_Max_List = []
        Search_List = Max_List[i - 1]
        for j in range(3):
            Current_Search_List = Search_List[1:3]
            Current_Max_List.append(max(Current_Search_List) + Current_List[j])
            Search_List.append(Search_List[0])
            del Search_List[0]
        Max_List.append(Current_Max_List)
print(max(Max_List[-1]))","'np', 3, 'comesFrom', [], []
'N', 4, 'computedFrom', ['int', 'eval', 'input'], [6, 8, 10]
'int', 6, 'comesFrom', [], []
'eval', 8, 'comesFrom', [], []
'input', 10, 'comesFrom', [], []
'Max_List', 15, 'computedFrom', [], []
'N_List', 19, 'computedFrom', ['i', 'i', 'range', '3'], [22, 24, 26, 28]
'i', 22, 'comesFrom', ['i'], [24]
'i', 24, 'computedFrom', ['range', '3'], [26, 28]
'range', 26, 'comesFrom', [], []
'3', 28, 'comesFrom', [], []
'i', 32, 'computedFrom', ['range', 'N'], [34, 36]
'range', 34, 'comesFrom', ['range'], [26]
'N', 36, 'comesFrom', ['N'], [4]
'Current_List', 39, 'computedFrom', ['list', 'map', 'input', 'int', 'split'], [41, 43, 45, 47, 51]
'list', 41, 'comesFrom', ['list'], [41]
'map', 43, 'comesFrom', ['map'], [43]
'int', 45, 'comesFrom', ['int'], [6]
'input', 47, 'comesFrom', ['input'], [10]
'split', 51, 'comesFrom', ['split'], [51]
'i', 57, 'comesFrom', ['i'], [32]
'Max_List', 61, 'comesFrom', ['Max_List'], [15]
'append', 63, 'comesFrom', ['append'], [63, 114]
'Current_List', 65, 'comesFrom', ['Current_List'], [39]
'Current_Max_List', 69, 'computedFrom', [], []
'j', 74, 'computedFrom', ['range', '3'], [76, 78]
'range', 76, 'comesFrom', ['range'], [26]
'3', 78, 'comesFrom', [], []
'Index_List', 81, 'computedFrom', ['i', 'np', 'Max_List', 'array', '1'], [83, 85, 87, 89, 91]
'np', 83, 'comesFrom', ['np'], [3]
'array', 85, 'comesFrom', ['array'], [85]
'Max_List', 87, 'comesFrom', ['Max_List'], [15]
'i', 89, 'comesFrom', ['i'], [32]
'1', 91, 'comesFrom', [], []
'ind', 94, 'computedFrom', ['np', 'ones', 'dtype', 'bool', '3'], [96, 98, 100, 102, 104]
'np', 96, 'comesFrom', ['np'], [3]
'ones', 98, 'comesFrom', ['ones'], [98]
'3', 100, 'comesFrom', [], []
'dtype', 102, 'comesFrom', ['dtype'], [102]
'bool', 104, 'comesFrom', ['bool'], [104]
'ind', 106, 'computedFrom', ['False'], [111]
'j', 108, 'computedFrom', ['False'], [111]
'False', 111, 'comesFrom', [], []
'Current_Max_List', 112, 'comesFrom', ['Current_Max_List'], [69]
'append', 114, 'comesFrom', ['append'], [63, 114]
'max', 116, 'comesFrom', ['max'], [116]
'Index_List', 118, 'comesFrom', ['Index_List'], [81]
'ind', 120, 'comesFrom', ['ind'], [106]
'Current_List', 124, 'comesFrom', ['Current_List'], [39]
'j', 126, 'comesFrom', ['j'], [108]
'Max_List', 129, 'comesFrom', ['Max_List'], [15]
'append', 131, 'comesFrom', ['append'], [63, 114]
'Current_Max_List', 133, 'comesFrom', ['Current_Max_List'], [69]
'max', 137, 'comesFrom', ['max'], [116]
'Max_List', 139, 'comesFrom', ['Max_List'], [15]","'np', 3, 'comesFrom', [], []
'var1', 4, 'computedFrom', ['int', 'eval', 'input'], [6, 8, 10]
'int', 6, 'comesFrom', [], []
'eval', 8, 'comesFrom', [], []
'input', 10, 'comesFrom', [], []
'var2', 15, 'computedFrom', [], []
'var3', 19, 'computedFrom', ['var4', 'var4', 'range', '3'], [22, 24, 26, 28]
'var4', 22, 'comesFrom', ['var4'], [24]
'var4', 24, 'computedFrom', ['range', '3'], [26, 28]
'range', 26, 'comesFrom', [], []
'3', 28, 'comesFrom', [], []
'var4', 32, 'computedFrom', ['range', 'var1'], [34, 36]
'range', 34, 'comesFrom', ['range'], [26]
'var1', 36, 'comesFrom', ['var1'], [4]
'var5', 39, 'computedFrom', ['list', 'map', 'input', 'int', 'split'], [41, 43, 45, 47, 51]
'list', 41, 'comesFrom', ['list'], [41]
'map', 43, 'comesFrom', ['map'], [43]
'int', 45, 'comesFrom', ['int'], [6]
'input', 47, 'comesFrom', ['input'], [10]
'split', 51, 'comesFrom', ['split'], [51]
'var4', 57, 'comesFrom', ['var4'], [32]
'var2', 61, 'comesFrom', ['var2'], [15]
'append', 63, 'comesFrom', ['append'], [63, 114]
'var5', 65, 'comesFrom', ['var5'], [39]
'var6', 69, 'computedFrom', [], []
'var7', 74, 'computedFrom', ['range', '3'], [76, 78]
'range', 76, 'comesFrom', ['range'], [26]
'3', 78, 'comesFrom', [], []
'var8', 81, 'computedFrom', ['var4', 'np', 'array', '1', 'var2'], [83, 85, 87, 89, 91]
'np', 83, 'comesFrom', ['np'], [3]
'array', 85, 'comesFrom', ['array'], [85]
'var2', 87, 'comesFrom', ['var2'], [15]
'var4', 89, 'comesFrom', ['var4'], [32]
'1', 91, 'comesFrom', [], []
'var9', 94, 'computedFrom', ['np', 'ones', 'dtype', 'bool', '3'], [96, 98, 100, 102, 104]
'np', 96, 'comesFrom', ['np'], [3]
'ones', 98, 'comesFrom', ['ones'], [98]
'3', 100, 'comesFrom', [], []
'dtype', 102, 'comesFrom', ['dtype'], [102]
'bool', 104, 'comesFrom', ['bool'], [104]
'var9', 106, 'computedFrom', ['False'], [111]
'var7', 108, 'computedFrom', ['False'], [111]
'False', 111, 'comesFrom', [], []
'var6', 112, 'comesFrom', ['var6'], [69]
'append', 114, 'comesFrom', ['append'], [63, 114]
'max', 116, 'comesFrom', ['max'], [116]
'var8', 118, 'comesFrom', ['var8'], [81]
'var9', 120, 'comesFrom', ['var9'], [106]
'var5', 124, 'comesFrom', ['var5'], [39]
'var7', 126, 'comesFrom', ['var7'], [108]
'var2', 129, 'comesFrom', ['var2'], [15]
'append', 131, 'comesFrom', ['append'], [63, 114]
'var6', 133, 'comesFrom', ['var6'], [69]
'max', 137, 'comesFrom', ['max'], [116]
'var2', 139, 'comesFrom', ['var2'], [15]",141763,"var1 = int(input())
var2 = [[] for var3 in range(var1 + 1)]
var4 = []
for var3 in range(var1 - 1):
    var5, var6 = list(map(int, input().split()))
    var2[var5].append(var6)
    var2[var6].append(var5)
    var4.append([var5, var6])
var7 = []
for var3 in range(1, var1 + 1):
    var7.append(len(var2[var3]))
var8 = max(var7)
if var8 <= 2:
    for var3 in range(var1 - 1):
        print(var3)
else:
    var9 = var7.index(var8)
    var10 = []
    for var3 in range(3):
        var10.append(var2[var9 + 1][var3])
    var11 = [-1] * (var1 - 1)
    var12 = 0
    for var3 in range(var1 - 1):
        if (var4[var3] == [var9 + 1, var10[0]] or var4[var3] == [var10[0],var9 + 1]) or (var4[var3] == [var9 + 1, var10[1]] or var4[var3] ==[var10[1], var9 + 1]) or (var4[var3] == [var9 + 1, var10[2]] or var4[var3] == [var10[2], var9 + 1]):
            var11[var3] = var12
            var12 += 1
    var12 = 3
    for var3 in range(var1 - 1):
        if var11[var3] == -1:
            var11[var3] = var12
            var12 += 1
    for var3 in range(var1 - 1):
        print(var11[var3])","'var1', 0, 'computedFrom', ['int', 'input'], [2, 4]
'int', 2, 'comesFrom', [], []
'input', 4, 'comesFrom', [], []
'var2', 8, 'computedFrom', ['var3', 'range', 'var1', '1'], [14, 16, 18, 20]
'var3', 14, 'computedFrom', ['range', 'var1', '1'], [16, 18, 20]
'range', 16, 'comesFrom', [], []
'var1', 18, 'comesFrom', ['var1'], [0]
'1', 20, 'comesFrom', [], []
'var4', 23, 'computedFrom', [], []
'var3', 28, 'computedFrom', ['1', 'var1', 'range'], [30, 32, 34]
'range', 30, 'comesFrom', ['range'], [16]
'var1', 32, 'comesFrom', ['var1'], [0]
'1', 34, 'comesFrom', [], []
'var5', 37, 'computedFrom', ['list'], [41]
'var6', 39, 'computedFrom', ['split', 'int', 'input', 'map'], [43, 45, 47, 51]
'list', 41, 'comesFrom', ['list'], [41]
'map', 43, 'comesFrom', ['map'], [43]
'int', 45, 'comesFrom', ['int'], [2]
'input', 47, 'comesFrom', ['input'], [4]
'split', 51, 'comesFrom', ['split'], [51]
'var2', 56, 'comesFrom', ['var2'], [8]
'var5', 58, 'comesFrom', ['var5'], [37]
'append', 61, 'comesFrom', ['append'], [61]
'var6', 63, 'comesFrom', ['var6'], [39]
'var2', 65, 'comesFrom', ['var2'], [8]
'var6', 67, 'comesFrom', ['var6'], [39]
'append', 70, 'comesFrom', ['append'], [61]
'var5', 72, 'comesFrom', ['var5'], [37]
'var4', 74, 'comesFrom', ['var4'], [23]
'append', 76, 'comesFrom', ['append'], [61]
'var5', 79, 'comesFrom', ['var5'], [37]
'var6', 81, 'comesFrom', ['var6'], [39]
'var7', 84, 'computedFrom', [], []
'var3', 89, 'computedFrom', ['1', 'var1', 'range'], [91, 93, 95, 97]
'range', 91, 'comesFrom', ['range'], [16]
'1', 93, 'comesFrom', [], []
'var1', 95, 'comesFrom', ['var1'], [0]
'1', 97, 'comesFrom', [], []
'var7', 100, 'comesFrom', ['var7'], [84]
'append', 102, 'comesFrom', ['append'], [61]
'len', 104, 'comesFrom', ['len'], [104]
'var2', 106, 'comesFrom', ['var2'], [8]
'var3', 108, 'comesFrom', ['var3'], [89]
'var8', 112, 'computedFrom', ['max', 'var7'], [114, 116]
'max', 114, 'comesFrom', [], []
'var7', 116, 'comesFrom', ['var7'], [84]
'var8', 119, 'comesFrom', ['var8'], [112]
'var3', 124, 'computedFrom', ['1', 'var1', 'range'], [126, 128, 130]
'range', 126, 'comesFrom', ['range'], [16]
'var1', 128, 'comesFrom', ['var1'], [0]
'1', 130, 'comesFrom', [], []
'print', 133, 'comesFrom', ['print'], [133]
'var3', 135, 'comesFrom', ['var3'], [124]
'var9', 139, 'computedFrom', ['var7', 'index', 'var8'], [141, 143, 145]
'var7', 141, 'comesFrom', ['var7'], [84]
'index', 143, 'comesFrom', [], []
'var8', 145, 'comesFrom', ['var8'], [112]
'var10', 147, 'computedFrom', [], []
'var3', 152, 'computedFrom', ['3', 'range'], [154, 156]
'range', 154, 'comesFrom', ['range'], [16]
'3', 156, 'comesFrom', [], []
'var10', 159, 'comesFrom', ['var10'], [147]
'append', 161, 'comesFrom', ['append'], [61]
'var2', 163, 'comesFrom', ['var2'], [8]
'var9', 165, 'comesFrom', ['var9'], [139]
'var3', 170, 'comesFrom', ['var3'], [152]
'var11', 173, 'computedFrom', ['1', 'var1', '1'], [177, 181, 183]
'1', 177, 'comesFrom', [], []
'var1', 181, 'comesFrom', ['var1'], [0]
'1', 183, 'comesFrom', [], []
'var12', 185, 'computedFrom', ['0'], [187]
'0', 187, 'comesFrom', [], []
'var3', 189, 'computedFrom', ['1', 'var1', 'range'], [191, 193, 195]
'range', 191, 'comesFrom', ['range'], [16]
'var1', 193, 'comesFrom', ['var1'], [0]
'1', 195, 'comesFrom', [], []
'var4', 200, 'comesFrom', ['var4'], [23]
'var3', 202, 'comesFrom', ['var3'], [189]
'var9', 206, 'comesFrom', ['var9'], [139]
'var10', 210, 'comesFrom', ['var10'], [147]
'var4', 216, 'comesFrom', ['var4'], [23]
'var3', 218, 'comesFrom', ['var3'], [189]
'var10', 222, 'comesFrom', ['var10'], [147]
'var9', 227, 'comesFrom', ['var9'], [139]
'var4', 234, 'comesFrom', ['var4'], [23]
'var3', 236, 'comesFrom', ['var3'], [189]
'var9', 240, 'comesFrom', ['var9'], [139]
'var10', 244, 'comesFrom', ['var10'], [147]
'var4', 250, 'comesFrom', ['var4'], [23]
'var3', 252, 'comesFrom', ['var3'], [189]
'var10', 256, 'comesFrom', ['var10'], [147]
'var9', 261, 'comesFrom', ['var9'], [139]
'var4', 268, 'comesFrom', ['var4'], [23]
'var3', 270, 'comesFrom', ['var3'], [189]
'var9', 274, 'comesFrom', ['var9'], [139]
'var10', 278, 'comesFrom', ['var10'], [147]
'var4', 284, 'comesFrom', ['var4'], [23]
'var3', 286, 'comesFrom', ['var3'], [189]
'var10', 290, 'comesFrom', ['var10'], [147]
'var9', 295, 'comesFrom', ['var9'], [139]
'var11', 301, 'computedFrom', ['var12'], [306]
'var3', 303, 'computedFrom', ['var12'], [306]
'var12', 306, 'comesFrom', ['var12'], [185, 307]
'var12', 307, 'computedFrom', ['1'], [309]
'1', 309, 'comesFrom', [], []
'var12', 310, 'computedFrom', ['3'], [312]
'3', 312, 'comesFrom', [], []
'var3', 314, 'computedFrom', ['1', 'var1', 'range'], [316, 318, 320]
'range', 316, 'comesFrom', ['range'], [16]
'var1', 318, 'comesFrom', ['var1'], [0]
'1', 320, 'comesFrom', [], []
'var11', 324, 'comesFrom', ['var11'], [173, 301, 332]
'var3', 326, 'comesFrom', ['var3'], [314]
'var11', 332, 'computedFrom', ['var12'], [337]
'var3', 334, 'computedFrom', ['var12'], [337]
'var12', 337, 'comesFrom', ['var12'], [310, 338]
'var12', 338, 'computedFrom', ['1'], [340]
'1', 340, 'comesFrom', [], []
'var3', 342, 'computedFrom', ['1', 'var1', 'range'], [344, 346, 348]
'range', 344, 'comesFrom', ['range'], [16]
'var1', 346, 'comesFrom', ['var1'], [0]
'1', 348, 'comesFrom', [], []
'print', 351, 'comesFrom', ['print'], [351]
'var11', 353, 'comesFrom', ['var11'], [173, 301, 332]
'var3', 355, 'comesFrom', ['var3'], [342]","{'inputs': ['7\n5 6\n2 6\n6 4\n6 1\n6 3\n6 7\n', '7\n3 2\n5 7\n4 2\n7 6\n6 3\n1 6\n', '5\n1 3\n4 3\n2 5\n3 2\n', '7\n2 1\n4 7\n2 3\n6 4\n7 3\n1 5\n', '6\n1 2\n2 3\n3 4\n3 5\n3 6\n'], 'outputs': ['0\n1\n2\n3\n4\n5\n', '3\n4\n5\n0\n1\n2\n', '0\n1\n3\n2\n', '2\n0\n3\n4\n1\n5\n', '4\n0\n1\n2\n3\n']}",126421,"def function1(var1):
    var2 = len(var1)
    var3 = list()
    var3.append(0)
    for var4 in range(1, var2):
        var5 = var3[var4 - 1]
        while var5 > 0 and var1[var4] != var1[var5]:
            var5 = var3[var5 - 1]
        if var1[var4] == var1[var5]:
            var5 += 1
        var3.append(var5)
    return var3


var2, var6, var7 = list(map(int, input().split(' ')))
var1 = input()
var8 = input()
var3 = function1(var8 + '$' + var1)[var6 + 1:]
var9 = 0
var10 = list()
for var4 in range(var2 - 1, -1, -1):
    var10.append(var9)
    if var3[var4] == var6:
        var9 += 1
var10.reverse()
for var4 in range(var2):
    if var3[var4] == var6:
        var3[var4] = 0
        var3[var4 - var6 + 1] = 1
    else:
        var3[var4] = 0
var11 = list()
var9 = 0
for var4 in range(var2):
    var11.append(var9)
    if var3[var4] == 1:
        var9 += 1
var12 = var3.count(1)
for var4 in range(var7):
    var13, var14 = list(map(int, input().split(' ')))
    print(max(var12 - var11[var13 - 1] - var10[var14 - 1], 0))","'function1', 1, 'comesFrom', [], []
'var1', 3, 'comesFrom', [], []
'var2', 6, 'computedFrom', ['len', 'var1'], [8, 10]
'len', 8, 'comesFrom', [], []
'var1', 10, 'comesFrom', ['var1'], [3]
'var3', 12, 'computedFrom', ['list'], [14]
'list', 14, 'comesFrom', [], []
'var3', 17, 'comesFrom', ['var3'], [12]
'append', 19, 'comesFrom', [], []
'var4', 24, 'computedFrom', ['1', 'var2', 'range'], [26, 28, 30]
'range', 26, 'comesFrom', ['range'], [26]
'1', 28, 'comesFrom', [], []
'var2', 30, 'comesFrom', ['var2'], [6]
'var5', 33, 'computedFrom', ['1', 'var4', 'var3'], [35, 37, 39]
'var3', 35, 'comesFrom', ['var3'], [12]
'var4', 37, 'comesFrom', ['var4'], [24]
'1', 39, 'comesFrom', [], []
'var5', 42, 'comesFrom', ['var5'], [33, 56]
'var1', 46, 'comesFrom', ['var1'], [3]
'var4', 48, 'comesFrom', ['var4'], [24]
'var1', 51, 'comesFrom', ['var1'], [3]
'var5', 53, 'comesFrom', ['var5'], [33, 56]
'var5', 56, 'computedFrom', ['1', 'var5', 'var3'], [58, 60, 62]
'var3', 58, 'comesFrom', ['var3'], [12]
'var5', 60, 'comesFrom', ['var5'], [33, 56]
'1', 62, 'comesFrom', [], []
'var1', 65, 'comesFrom', ['var1'], [3]
'var4', 67, 'comesFrom', ['var4'], [24]
'var1', 70, 'comesFrom', ['var1'], [3]
'var5', 72, 'comesFrom', ['var5'], [56]
'var5', 75, 'computedFrom', ['1'], [77]
'1', 77, 'comesFrom', [], []
'var3', 78, 'comesFrom', ['var3'], [12]
'append', 80, 'comesFrom', ['append'], [19]
'var5', 82, 'comesFrom', ['var5'], [56, 75]
'var3', 85, 'comesFrom', ['var3'], [12]
'var2', 86, 'computedFrom', ['list', 'map', 'int', 'input', 'split', ""' '""], [92, 94, 96, 98, 102, 104]
'var6', 88, 'computedFrom', ['list', 'map', 'int', 'input', 'split', ""' '""], [92, 94, 96, 98, 102, 104]
'var7', 90, 'computedFrom', ['list', 'map', 'int', 'input', 'split', ""' '""], [92, 94, 96, 98, 102, 104]
'list', 92, 'comesFrom', ['list'], [14]
'map', 94, 'comesFrom', [], []
'int', 96, 'comesFrom', [], []
'input', 98, 'comesFrom', [], []
'split', 102, 'comesFrom', [], []
""' '"", 104, 'comesFrom', [], []
'var1', 108, 'computedFrom', ['input'], [110]
'input', 110, 'comesFrom', ['input'], [98]
'var8', 113, 'computedFrom', ['input'], [115]
'input', 115, 'comesFrom', ['input'], [98]
'var3', 118, 'computedFrom', ['function1', 'var8', ""'$'"", 'var1', 'var6', '1'], [120, 122, 124, 126, 129, 131]
'function1', 120, 'comesFrom', ['function1'], [1]
'var8', 122, 'comesFrom', ['var8'], [113]
""'$'"", 124, 'comesFrom', [], []
'var1', 126, 'comesFrom', ['var1'], [108]
'var6', 129, 'comesFrom', ['var6'], [88]
'1', 131, 'comesFrom', [], []
'var9', 134, 'computedFrom', ['0'], [136]
'0', 136, 'comesFrom', [], []
'var10', 137, 'computedFrom', ['list'], [139]
'list', 139, 'comesFrom', ['list'], [14]
'var4', 143, 'computedFrom', ['1', 'var2', 'range'], [145, 147, 149, 152, 155]
'range', 145, 'comesFrom', ['range'], [26]
'var2', 147, 'comesFrom', ['var2'], [86]
'1', 149, 'comesFrom', [], []
'1', 152, 'comesFrom', [], []
'1', 155, 'comesFrom', [], []
'var10', 158, 'comesFrom', ['var10'], [137]
'append', 160, 'comesFrom', ['append'], [19]
'var9', 162, 'comesFrom', ['var9'], [134, 172]
'var3', 165, 'comesFrom', ['var3'], [118]
'var4', 167, 'comesFrom', ['var4'], [143]
'var6', 170, 'comesFrom', ['var6'], [88]
'var9', 172, 'computedFrom', ['1'], [174]
'1', 174, 'comesFrom', [], []
'var10', 175, 'comesFrom', ['var10'], [137]
'var4', 181, 'computedFrom', ['var2', 'range'], [183, 185]
'range', 183, 'comesFrom', ['range'], [26]
'var2', 185, 'comesFrom', ['var2'], [86]
'var3', 189, 'comesFrom', ['var3'], [118, 202, 214]
'var4', 191, 'comesFrom', ['var4'], [181]
'var6', 194, 'comesFrom', ['var6'], [88, 206]
'var3', 196, 'computedFrom', ['0'], [201]
'var4', 198, 'computedFrom', ['0'], [201]
'0', 201, 'comesFrom', [], []
'var3', 202, 'computedFrom', ['1'], [211]
'var4', 204, 'computedFrom', ['1'], [211]
'var6', 206, 'computedFrom', ['1'], [211]
'1', 208, 'computedFrom', ['1'], [211]
'1', 211, 'comesFrom', ['1'], [208]
'var3', 214, 'computedFrom', ['0'], [219]
'var4', 216, 'computedFrom', ['0'], [219]
'0', 219, 'comesFrom', [], []
'var11', 220, 'computedFrom', ['list'], [222]
'list', 222, 'comesFrom', ['list'], [14]
'var9', 225, 'computedFrom', ['0'], [227]
'0', 227, 'comesFrom', [], []
'var4', 229, 'computedFrom', ['var2', 'range'], [231, 233]
'range', 231, 'comesFrom', ['range'], [26]
'var2', 233, 'comesFrom', ['var2'], [86]
'var11', 236, 'comesFrom', ['var11'], [220]
'append', 238, 'comesFrom', ['append'], [19]
'var9', 240, 'comesFrom', ['var9'], [225, 250]
'var3', 243, 'comesFrom', ['var3'], [202, 214]
'var4', 245, 'comesFrom', ['var4'], [229]
'1', 248, 'comesFrom', ['1'], [208]
'var9', 250, 'computedFrom', ['1'], [252]
'1', 252, 'comesFrom', ['1'], [208]
'var12', 253, 'computedFrom', ['var3', 'count', '1'], [255, 257, 259]
'var3', 255, 'comesFrom', ['var3'], [202, 214]
'count', 257, 'comesFrom', [], []
'1', 259, 'comesFrom', ['1'], [208]
'var4', 262, 'computedFrom', ['var7', 'range'], [264, 266]
'range', 264, 'comesFrom', ['range'], [26]
'var7', 266, 'comesFrom', ['var7'], [90]
'var13', 269, 'computedFrom', ['list'], [273]
'var14', 271, 'computedFrom', ['input', 'split', 'int', 'map', ""' '""], [275, 277, 279, 283, 285]
'list', 273, 'comesFrom', ['list'], [14]
'map', 275, 'comesFrom', ['map'], [94]
'int', 277, 'comesFrom', ['int'], [96]
'input', 279, 'comesFrom', ['input'], [98]
'split', 283, 'comesFrom', ['split'], [102]
""' '"", 285, 'comesFrom', [], []
'print', 289, 'comesFrom', ['print'], [289]
'max', 291, 'comesFrom', ['max'], [291]
'var12', 293, 'comesFrom', ['var12'], [253]
'var11', 295, 'comesFrom', ['var11'], [220]
'var13', 297, 'comesFrom', ['var13'], [269]
'1', 299, 'comesFrom', ['1'], [208]
'var10', 302, 'comesFrom', ['var10'], [137]
'var14', 304, 'comesFrom', ['var14'], [271]
'1', 306, 'comesFrom', ['1'], [208]","{'inputs': ['10 10 1\naaaaaaaaaa\naaadlynrgh\n1 10\n', '15 2 3\nabacabadabacaba\nba\n1 15\n3 4\n2 14\n', '7 7 1\naeueaav\najfgzvz\n1 7\n', '5 5 15\nabaca\nabaca\n1 1\n1 2\n2 2\n1 3\n2 3\n3 3\n1 4\n2 4\n3 4\n4 4\n1 5\n2 5\n3 5\n4 5\n5 5\n', '22 22 1\nbabbabbaabaaababbbbbbb\nabbbbbabbabbbabababbab\n1 22\n'], 'outputs': ['0\n', '4\n0\n3\n', '0\n', '0\n0\n0\n0\n0\n0\n0\n0\n0\n0\n1\n0\n0\n0\n0\n', '0\n']}",136810,"var1, var2, var3 = map(int, input().split())
var4 = []
for var5 in range(var1):
    var4.append(list(map(int, input().split())))
var6 = [(0) for var7 in range(var1)]
for var5 in range(var1):
    var8 = 0
    var9 = 0
    for var7 in range(var2):
        if var4[var5][var7] == 1:
            var8 = var8 + 1
            var9 = max(var8, var9)
        else:
            var9 = max(var8, var9)
            var8 = 0
    var6[var5] = var9
for var5 in range(var3):
    var10, var11 = map(int, input().split())
    var4[var10 - 1][var11 - 1] = 1 - var4[var10 - 1][var11 - 1]
    var9 = float('-inf')
    var8 = 0
    for var5 in range(var2):
        if var4[var10 - 1][var5] == 1:
            var8 = var8 + 1
            var9 = max(var8, var9)
        else:
            var9 = max(var8, var9)
            var8 = 0
    var6[var10 - 1] = var9
    print(max(var6))","'var1', 0, 'computedFrom', ['map', 'int', 'input', 'split'], [6, 8, 10, 14]
'var2', 2, 'computedFrom', ['map', 'int', 'input', 'split'], [6, 8, 10, 14]
'var3', 4, 'computedFrom', ['map', 'int', 'input', 'split'], [6, 8, 10, 14]
'map', 6, 'comesFrom', [], []
'int', 8, 'comesFrom', [], []
'input', 10, 'comesFrom', [], []
'split', 14, 'comesFrom', [], []
'var4', 18, 'computedFrom', [], []
'var5', 23, 'computedFrom', ['var1', 'range'], [25, 27]
'range', 25, 'comesFrom', ['range'], [25]
'var1', 27, 'comesFrom', ['var1'], [0]
'var4', 30, 'comesFrom', ['var4'], [18]
'append', 32, 'comesFrom', ['append'], [32]
'list', 34, 'comesFrom', ['list'], [34]
'map', 36, 'comesFrom', ['map'], [6]
'int', 38, 'comesFrom', ['int'], [8]
'input', 40, 'comesFrom', ['input'], [10]
'split', 44, 'comesFrom', ['split'], [14]
'var6', 50, 'computedFrom', ['0', 'var7', 'range', 'var1'], [54, 57, 59, 61]
'0', 54, 'comesFrom', [], []
'var7', 57, 'computedFrom', ['range', 'var1'], [59, 61]
'range', 59, 'comesFrom', ['range'], [25]
'var1', 61, 'comesFrom', ['var1'], [0]
'var5', 65, 'computedFrom', ['var1', 'range'], [67, 69]
'range', 67, 'comesFrom', ['range'], [25]
'var1', 69, 'comesFrom', ['var1'], [0]
'var8', 72, 'computedFrom', ['0'], [74]
'0', 74, 'comesFrom', [], []
'var9', 75, 'computedFrom', ['0'], [77]
'0', 77, 'comesFrom', [], []
'var7', 79, 'computedFrom', ['var2', 'range'], [81, 83]
'range', 81, 'comesFrom', ['range'], [25]
'var2', 83, 'comesFrom', ['var2'], [2]
'var4', 87, 'comesFrom', ['var4'], [18]
'var5', 89, 'comesFrom', ['var5'], [65]
'var7', 92, 'comesFrom', ['var7'], [79]
'var8', 97, 'computedFrom', ['var8', '1'], [99, 101]
'var8', 99, 'comesFrom', ['var8'], [72, 97, 120]
'1', 101, 'comesFrom', [], []
'var9', 102, 'computedFrom', ['var8', 'max', 'var9'], [104, 106, 108]
'max', 104, 'comesFrom', ['max'], [104, 114]
'var8', 106, 'comesFrom', ['var8'], [97]
'var9', 108, 'comesFrom', ['var9'], [75, 102, 112]
'var9', 112, 'computedFrom', ['var8', 'max', 'var9'], [114, 116, 118]
'max', 114, 'comesFrom', ['max'], [104, 114]
'var8', 116, 'comesFrom', ['var8'], [72, 97, 120]
'var9', 118, 'comesFrom', ['var9'], [75, 102, 112]
'var8', 120, 'computedFrom', ['0'], [122]
'0', 122, 'comesFrom', [], []
'var6', 123, 'computedFrom', ['var9'], [128]
'var5', 125, 'computedFrom', ['var9'], [128]
'var9', 128, 'comesFrom', ['var9'], [102, 112]
'var5', 130, 'computedFrom', ['range', 'var3'], [132, 134]
'range', 132, 'comesFrom', ['range'], [25]
'var3', 134, 'comesFrom', ['var3'], [4]
'var10', 137, 'computedFrom', ['map'], [141]
'var11', 139, 'computedFrom', ['split', 'int', 'input'], [143, 145, 149]
'map', 141, 'comesFrom', ['map'], [6]
'int', 143, 'comesFrom', ['int'], [8]
'input', 145, 'comesFrom', ['input'], [10]
'split', 149, 'comesFrom', ['split'], [14]
'var4', 153, 'computedFrom', ['1', 'var10', 'var4', 'var11'], [165, 167, 169, 171, 174, 176]
'var10', 155, 'computedFrom', ['1', 'var10', 'var4', 'var11'], [165, 167, 169, 171, 174, 176]
'1', 157, 'computedFrom', ['1', 'var10', 'var4', 'var11'], [165, 167, 169, 171, 174, 176]
'var11', 160, 'computedFrom', ['1', 'var10', 'var4', 'var11'], [165, 167, 169, 171, 174, 176]
'1', 162, 'computedFrom', ['1', 'var10', 'var4', 'var11'], [165, 167, 169, 171, 174, 176]
'1', 165, 'comesFrom', ['1'], [238]
'var4', 167, 'comesFrom', ['var4'], [18, 153]
'var10', 169, 'comesFrom', ['var10'], [137]
'1', 171, 'comesFrom', ['1'], [238]
'var11', 174, 'comesFrom', ['var11'], [139]
'1', 176, 'comesFrom', ['1'], [238]
'var9', 178, 'computedFrom', ['float', ""'-inf'""], [180, 182]
'float', 180, 'comesFrom', ['float'], [180]
""'-inf'"", 182, 'comesFrom', [], []
'var8', 184, 'computedFrom', ['0'], [186]
'0', 186, 'comesFrom', [], []
'var5', 188, 'computedFrom', ['var2', 'range'], [190, 192]
'range', 190, 'comesFrom', ['range'], [25]
'var2', 192, 'comesFrom', ['var2'], [2]
'var4', 196, 'comesFrom', ['var4'], [153]
'var10', 198, 'comesFrom', ['var10'], [155]
'1', 200, 'comesFrom', ['1'], [162]
'var5', 203, 'comesFrom', ['var5'], [188]
'1', 206, 'comesFrom', ['1'], [162]
'var8', 208, 'computedFrom', ['var8', '1'], [210, 212]
'var8', 210, 'comesFrom', ['var8'], [184, 208, 231]
'1', 212, 'comesFrom', ['1'], [162]
'var9', 213, 'computedFrom', ['var8', 'max', 'var9'], [215, 217, 219]
'max', 215, 'comesFrom', ['max'], [104, 114]
'var8', 217, 'comesFrom', ['var8'], [208]
'var9', 219, 'comesFrom', ['var9'], [178, 213, 223]
'var9', 223, 'computedFrom', ['var8', 'max', 'var9'], [225, 227, 229]
'max', 225, 'comesFrom', ['max'], [104, 114]
'var8', 227, 'comesFrom', ['var8'], [184, 208, 231]
'var9', 229, 'comesFrom', ['var9'], [178, 213, 223]
'var8', 231, 'computedFrom', ['0'], [233]
'0', 233, 'comesFrom', [], []
'var6', 234, 'computedFrom', ['var9'], [241]
'var10', 236, 'computedFrom', ['var9'], [241]
'1', 238, 'computedFrom', ['var9'], [241]
'var9', 241, 'comesFrom', ['var9'], [213, 223]
'print', 242, 'comesFrom', ['print'], [242]
'max', 244, 'comesFrom', ['max'], [104, 114]
'var6', 246, 'comesFrom', ['var6'], [234]","{'inputs': ['2 2 10\n1 1\n0 1\n2 2\n2 2\n1 1\n2 1\n2 1\n1 1\n1 1\n2 1\n1 1\n2 1\n', '1 1 3\n1\n1 1\n1 1\n1 1\n', '1 5 5\n0 0 0 0 0\n1 2\n1 1\n1 4\n1 5\n1 3\n', '5 5 30\n0 1 1 1 0\n1 1 0 1 1\n0 1 1 1 1\n0 0 1 1 0\n0 0 0 0 0\n3 2\n2 2\n2 2\n4 3\n1 4\n3 2\n4 1\n2 4\n1 4\n2 1\n5 2\n4 1\n4 1\n5 1\n2 4\n2 4\n4 4\n1 2\n3 1\n4 5\n1 2\n2 3\n1 1\n5 1\n3 4\n1 1\n5 4\n1 5\n5 4\n2 2\n', '5 1 5\n0\n0\n0\n0\n0\n1 1\n2 1\n3 1\n4 1\n5 1\n'], 'outputs': ['2\n2\n1\n2\n1\n2\n1\n2\n2\n2\n', '0\n1\n0\n', '1\n2\n2\n2\n5\n', '3\n3\n3\n3\n3\n4\n4\n4\n4\n4\n4\n4\n4\n4\n4\n4\n4\n4\n5\n5\n5\n5\n5\n5\n4\n3\n3\n4\n4\n4\n', '1\n1\n1\n1\n1\n']}",152942,"import collections
import bisect
var1 = int(input())
var2 = [int(var3) for var3 in input().split()]
var4 = [0] * (var1 + 1)
for var5 in range(1, var1 + 1):
    var4[var5] = var4[var5 - 1] + var2[var5 - 1]
if var4[-1] % 3 != 0:
    print(0)
    return
var6 = var4[-1] // 3
var7 = var4[-1] * 2 // 3
var8 = var4[-1]
var9 = collections.defaultdict(list)
for var5 in range(1, var1 + 1):
    if var4[var5] == var6:
        var9[var6].append(var5)
    elif var4[var5] == var7:
        var9[var7].append(var5)
    elif var4[var5] == var8:
        var9[var8].append(var5)
var10 = 0
for var5 in var9[var6]:
    var11 = bisect.bisect_right(var9[var7], var5)
    var12 = bisect.bisect_left(var9[var7], var1)
    var10 += max(0, var12 - var11)
print(var10)","'collections', 1, 'comesFrom', [], []
'bisect', 3, 'comesFrom', [], []
'var1', 4, 'computedFrom', ['int', 'input'], [6, 8]
'int', 6, 'comesFrom', [], []
'input', 8, 'comesFrom', [], []
'var2', 12, 'computedFrom', ['int', 'var3', 'var3', 'input', 'split'], [15, 17, 20, 22, 26]
'int', 15, 'comesFrom', ['int'], [6]
'var3', 17, 'comesFrom', ['var3'], [20]
'var3', 20, 'computedFrom', ['input', 'split'], [22, 26]
'input', 22, 'comesFrom', ['input'], [8]
'split', 26, 'comesFrom', [], []
'var4', 30, 'computedFrom', ['0', 'var1', '1'], [33, 37, 39]
'0', 33, 'comesFrom', [], []
'var1', 37, 'comesFrom', ['var1'], [4]
'1', 39, 'comesFrom', [], []
'var5', 42, 'computedFrom', ['1', 'var1', 'range'], [44, 46, 48, 50]
'range', 44, 'comesFrom', ['range'], [44]
'1', 46, 'comesFrom', [], []
'var1', 48, 'comesFrom', ['var1'], [4]
'1', 50, 'comesFrom', [], []
'var4', 53, 'computedFrom', ['1', 'var2', 'var5', 'var4'], [58, 60, 62, 65, 67, 69]
'var5', 55, 'computedFrom', ['1', 'var2', 'var5', 'var4'], [58, 60, 62, 65, 67, 69]
'var4', 58, 'comesFrom', ['var4'], [30, 53]
'var5', 60, 'comesFrom', ['var5'], [42]
'1', 62, 'comesFrom', [], []
'var2', 65, 'comesFrom', ['var2'], [12]
'var5', 67, 'comesFrom', ['var5'], [42]
'1', 69, 'comesFrom', [], []
'var4', 72, 'comesFrom', ['var4'], [53]
'print', 82, 'comesFrom', [], []
'var6', 87, 'computedFrom', ['var4', '1', '3'], [89, 92, 95]
'var4', 89, 'comesFrom', ['var4'], [53]
'1', 92, 'comesFrom', [], []
'3', 95, 'comesFrom', [], []
'var7', 96, 'computedFrom', ['var4', '1', '2', '3'], [98, 101, 104, 106]
'var4', 98, 'comesFrom', ['var4'], [53]
'1', 101, 'comesFrom', [], []
'2', 104, 'comesFrom', [], []
'3', 106, 'comesFrom', [], []
'var8', 107, 'computedFrom', ['var4', '1'], [109, 112]
'var4', 109, 'comesFrom', ['var4'], [53]
'1', 112, 'comesFrom', [], []
'var9', 114, 'computedFrom', ['collections', 'defaultdict', 'list'], [116, 118, 120]
'collections', 116, 'comesFrom', ['collections'], [1]
'defaultdict', 118, 'comesFrom', [], []
'list', 120, 'comesFrom', [], []
'var5', 123, 'computedFrom', ['1', 'var1', 'range'], [125, 127, 129, 131]
'range', 125, 'comesFrom', ['range'], [44]
'1', 127, 'comesFrom', [], []
'var1', 129, 'comesFrom', ['var1'], [4]
'1', 131, 'comesFrom', [], []
'var4', 135, 'comesFrom', ['var4'], [53]
'var5', 137, 'comesFrom', ['var5'], [123]
'var6', 140, 'comesFrom', ['var6'], [87]
'var9', 142, 'comesFrom', ['var9'], [114]
'var6', 144, 'comesFrom', ['var6'], [87]
'append', 147, 'comesFrom', ['append'], [147, 164, 181]
'var5', 149, 'comesFrom', ['var5'], [123]
'var4', 152, 'comesFrom', ['var4'], [53]
'var5', 154, 'comesFrom', ['var5'], [123]
'var7', 157, 'comesFrom', ['var7'], [96]
'var9', 159, 'comesFrom', ['var9'], [114]
'var7', 161, 'comesFrom', ['var7'], [96]
'append', 164, 'comesFrom', ['append'], [147, 164, 181]
'var5', 166, 'comesFrom', ['var5'], [123]
'var4', 169, 'comesFrom', ['var4'], [53]
'var5', 171, 'comesFrom', ['var5'], [123]
'var8', 174, 'comesFrom', ['var8'], [107]
'var9', 176, 'comesFrom', ['var9'], [114]
'var8', 178, 'comesFrom', ['var8'], [107]
'append', 181, 'comesFrom', ['append'], [147, 164, 181]
'var5', 183, 'comesFrom', ['var5'], [123]
'var10', 185, 'computedFrom', ['0'], [187]
'0', 187, 'comesFrom', [], []
'var5', 189, 'computedFrom', ['var9', 'var6'], [191, 193]
'var9', 191, 'comesFrom', ['var9'], [114]
'var6', 193, 'comesFrom', ['var6'], [87]
'var11', 196, 'computedFrom', ['var7', 'var9', 'bisect_right', 'bisect', 'var5'], [198, 200, 202, 204, 207]
'bisect', 198, 'comesFrom', ['bisect'], [3]
'bisect_right', 200, 'comesFrom', ['bisect_right'], [200]
'var9', 202, 'comesFrom', ['var9'], [114]
'var7', 204, 'comesFrom', ['var7'], [96]
'var5', 207, 'comesFrom', ['var5'], [189]
'var12', 209, 'computedFrom', ['var7', 'var9', 'bisect', 'var1', 'bisect_left'], [211, 213, 215, 217, 220]
'bisect', 211, 'comesFrom', ['bisect'], [3]
'bisect_left', 213, 'comesFrom', ['bisect_left'], [213]
'var9', 215, 'comesFrom', ['var9'], [114]
'var7', 217, 'comesFrom', ['var7'], [96]
'var1', 220, 'comesFrom', ['var1'], [4]
'var10', 222, 'computedFrom', ['max', '0', 'var11', 'var12'], [224, 226, 228, 230]
'max', 224, 'comesFrom', ['max'], [224]
'0', 226, 'comesFrom', [], []
'var12', 228, 'comesFrom', ['var12'], [209]
'var11', 230, 'comesFrom', ['var11'], [196]
'print', 232, 'comesFrom', ['print'], [82]
'var10', 234, 'comesFrom', ['var10'], [222]","{'inputs': ['10\n1 0 0 0 1 1 1 0 1 1\n', '5\n1 2 3 0 3\n', '10\n-2 2 -2 0 -2 -1 1 -1 2 0\n', '5\n1 1 1 1 1\n', '9\n0 0 0 0 0 0 0 0 0\n'], 'outputs': ['2\n', '2\n', '0\n', '0\n', '28\n']}","#### Reference Example 1:
### Python Program:
```python
var1 = int(input())
var2 = [[] for var3 in range(var1 + 1)]
var4 = []
for var3 in range(var1 - 1):
    var5, var6 = list(map(int, input().split()))
    var2[var5].append(var6)
    var2[var6].append(var5)
    var4.append([var5, var6])
var7 = []
for var3 in range(1, var1 + 1):
    var7.append(len(var2[var3]))
var8 = max(var7)
if var8 <= 2:
    for var3 in range(var1 - 1):
        print(var3)
else:
    var9 = var7.index(var8)
    var10 = []
    for var3 in range(3):
        var10.append(var2[var9 + 1][var3])
    var11 = [-1] * (var1 - 1)
    var12 = 0
    for var3 in range(var1 - 1):
        if (var4[var3] == [var9 + 1, var10[0]] or var4[var3] == [var10[0],var9 + 1]) or (var4[var3] == [var9 + 1, var10[1]] or var4[var3] ==[var10[1], var9 + 1]) or (var4[var3] == [var9 + 1, var10[2]] or var4[var3] == [var10[2], var9 + 1]):
            var11[var3] = var12
            var12 += 1
    var12 = 3
    for var3 in range(var1 - 1):
        if var11[var3] == -1:
            var11[var3] = var12
            var12 += 1
    for var3 in range(var1 - 1):
        print(var11[var3])
```

### Input/Output Unit Test Cases:
```Input/Output Unit Test Cases
## Test Case 1:
Input: '7
5 6
2 6
6 4
6 1
6 3
6 7'
Output: '0
1
2
3
4
5'

## Test Case 2:
Input: '7
3 2
5 7
4 2
7 6
6 3
1 6'
Output: '3
4
5
0
1
2'

## Test Case 3:
Input: '5
1 3
4 3
2 5
3 2'
Output: '0
1
3
2'

## Test Case 4:
Input: '7
2 1
4 7
2 3
6 4
7 3
1 5'
Output: '2
0
3
4
1
5'

## Test Case 5:
Input: '6
1 2
2 3
3 4
3 5
3 6'
Output: '4
0
1
2
3'

```

#### Reference Example 2:
### Python Program:
```python
def function1(var1):
    var2 = len(var1)
    var3 = list()
    var3.append(0)
    for var4 in range(1, var2):
        var5 = var3[var4 - 1]
        while var5 > 0 and var1[var4] != var1[var5]:
            var5 = var3[var5 - 1]
        if var1[var4] == var1[var5]:
            var5 += 1
        var3.append(var5)
    return var3


var2, var6, var7 = list(map(int, input().split(' ')))
var1 = input()
var8 = input()
var3 = function1(var8 + '$' + var1)[var6 + 1:]
var9 = 0
var10 = list()
for var4 in range(var2 - 1, -1, -1):
    var10.append(var9)
    if var3[var4] == var6:
        var9 += 1
var10.reverse()
for var4 in range(var2):
    if var3[var4] == var6:
        var3[var4] = 0
        var3[var4 - var6 + 1] = 1
    else:
        var3[var4] = 0
var11 = list()
var9 = 0
for var4 in range(var2):
    var11.append(var9)
    if var3[var4] == 1:
        var9 += 1
var12 = var3.count(1)
for var4 in range(var7):
    var13, var14 = list(map(int, input().split(' ')))
    print(max(var12 - var11[var13 - 1] - var10[var14 - 1], 0))
```

### Input/Output Unit Test Cases:
```Input/Output Unit Test Cases
## Test Case 1:
Input: '10 10 1
aaaaaaaaaa
aaadlynrgh
1 10'
Output: '0'

## Test Case 2:
Input: '15 2 3
abacabadabacaba
ba
1 15
3 4
2 14'
Output: '4
0
3'

## Test Case 3:
Input: '7 7 1
aeueaav
ajfgzvz
1 7'
Output: '0'

## Test Case 4:
Input: '5 5 15
abaca
abaca
1 1
1 2
2 2
1 3
2 3
3 3
1 4
2 4
3 4
4 4
1 5
2 5
3 5
4 5
5 5'
Output: '0
0
0
0
0
0
0
0
0
0
1
0
0
0
0'

## Test Case 5:
Input: '22 22 1
babbabbaabaaababbbbbbb
abbbbbabbabbbabababbab
1 22'
Output: '0'

```

#### Reference Example 3:
### Python Program:
```python
var1, var2, var3 = map(int, input().split())
var4 = []
for var5 in range(var1):
    var4.append(list(map(int, input().split())))
var6 = [(0) for var7 in range(var1)]
for var5 in range(var1):
    var8 = 0
    var9 = 0
    for var7 in range(var2):
        if var4[var5][var7] == 1:
            var8 = var8 + 1
            var9 = max(var8, var9)
        else:
            var9 = max(var8, var9)
            var8 = 0
    var6[var5] = var9
for var5 in range(var3):
    var10, var11 = map(int, input().split())
    var4[var10 - 1][var11 - 1] = 1 - var4[var10 - 1][var11 - 1]
    var9 = float('-inf')
    var8 = 0
    for var5 in range(var2):
        if var4[var10 - 1][var5] == 1:
            var8 = var8 + 1
            var9 = max(var8, var9)
        else:
            var9 = max(var8, var9)
            var8 = 0
    var6[var10 - 1] = var9
    print(max(var6))
```

### Input/Output Unit Test Cases:
```Input/Output Unit Test Cases
## Test Case 1:
Input: '2 2 10
1 1
0 1
2 2
2 2
1 1
2 1
2 1
1 1
1 1
2 1
1 1
2 1'
Output: '2
2
1
2
1
2
1
2
2
2'

## Test Case 2:
Input: '1 1 3
1
1 1
1 1
1 1'
Output: '0
1
0'

## Test Case 3:
Input: '1 5 5
0 0 0 0 0
1 2
1 1
1 4
1 5
1 3'
Output: '1
2
2
2
5'

## Test Case 4:
Input: '5 5 30
0 1 1 1 0
1 1 0 1 1
0 1 1 1 1
0 0 1 1 0
0 0 0 0 0
3 2
2 2
2 2
4 3
1 4
3 2
4 1
2 4
1 4
2 1
5 2
4 1
4 1
5 1
2 4
2 4
4 4
1 2
3 1
4 5
1 2
2 3
1 1
5 1
3 4
1 1
5 4
1 5
5 4
2 2'
Output: '3
3
3
3
3
4
4
4
4
4
4
4
4
4
4
4
4
4
5
5
5
5
5
5
4
3
3
4
4
4'

## Test Case 5:
Input: '5 1 5
0
0
0
0
0
1 1
2 1
3 1
4 1
5 1'
Output: '1
1
1
1
1'

```

#### Reference Example 4:
### Python Program:
```python
import collections
import bisect
var1 = int(input())
var2 = [int(var3) for var3 in input().split()]
var4 = [0] * (var1 + 1)
for var5 in range(1, var1 + 1):
    var4[var5] = var4[var5 - 1] + var2[var5 - 1]
if var4[-1] % 3 != 0:
    print(0)
    return
var6 = var4[-1] // 3
var7 = var4[-1] * 2 // 3
var8 = var4[-1]
var9 = collections.defaultdict(list)
for var5 in range(1, var1 + 1):
    if var4[var5] == var6:
        var9[var6].append(var5)
    elif var4[var5] == var7:
        var9[var7].append(var5)
    elif var4[var5] == var8:
        var9[var8].append(var5)
var10 = 0
for var5 in var9[var6]:
    var11 = bisect.bisect_right(var9[var7], var5)
    var12 = bisect.bisect_left(var9[var7], var1)
    var10 += max(0, var12 - var11)
print(var10)
```

### Input/Output Unit Test Cases:
```Input/Output Unit Test Cases
## Test Case 1:
Input: '10
1 0 0 0 1 1 1 0 1 1'
Output: '2'

## Test Case 2:
Input: '5
1 2 3 0 3'
Output: '2'

## Test Case 3:
Input: '10
-2 2 -2 0 -2 -1 1 -1 2 0'
Output: '0'

## Test Case 4:
Input: '5
1 1 1 1 1'
Output: '0'

## Test Case 5:
Input: '9
0 0 0 0 0 0 0 0 0'
Output: '28'

```

"
u714300041,p03835,python,s859897716,s908338086,324,265,40684,40684,Accepted,Accepted,18.21,"import sys

input = sys.stdin.readline

sys.setrecursionlimit(10 ** 7)



K, S = list(map(int, input().split()))



ans = 0

for z in range(K+1):

    for y in range(K+1):

        x = S - (z + y)

        if x >= 0 and x <= K:

            ans += 1

print(ans)","import sys

input = sys.stdin.readline

sys.setrecursionlimit(10 ** 7)



K, S = list(map(int, input().split()))



ans = 0

for z in range(K+1):

    for y in range(K+1):

        x = S - (z + y)

        if 0 <= x <= K:

            ans += 1

print(ans)",13,13,255,249,"import sys

input = sys.stdin.readline
sys.setrecursionlimit(10**7)
K, S = list(map(int, input().split()))
ans = 0
for z in range(K + 1):
    for y in range(K + 1):
        x = S - (z + y)
        if x >= 0 and x <= K:
            ans += 1
print(ans)
","import sys

input = sys.stdin.readline
sys.setrecursionlimit(10**7)
K, S = list(map(int, input().split()))
ans = 0
for z in range(K + 1):
    for y in range(K + 1):
        x = S - (z + y)
        if 0 <= x <= K:
            ans += 1
print(ans)
",False,0.0,"['-        if x >= 0 and x <= K:', '+        if 0 <= x <= K:']",False,0.450106571,0.204198494,2.204259998,"['s859897716', 's908338086']","{'inputs': ['5 15\n', '2 2\n'], 'outputs': ['1\n', '6\n']}","{'inputs': ['-1 1\n', '100 50\n', '3 4\n', '278 20\n', '100 58\n', '-22 1\n', '-4 1\n', '-1 8\n', '100 22\n', '2 0\n', '0 6\n', '0 2\n', '0 -2\n', '1 0\n', '-1 -1\n', '-34 1\n', '110 28\n', '1 7\n', '0 4\n', '12 13\n', '-5 1\n', '101 60\n', '278 24\n', '4 7\n', '1 -1\n', '100 27\n', '5 9\n', '11 12\n', '5 5\n', '13 12\n', '1 11\n', '-6 1\n', '82 7\n', '011 11\n', '-2 1\n', '3 5\n', '1 3\n', '-2 4\n', '111 72\n', '1 2\n', '4 5\n', '0 -1\n', '2 1\n', '3 7\n', '0 11\n', '5 7\n', '-5 0\n', '-5 -2\n', '7 13\n', '-3 1\n', '2 3\n', '12 9\n', '0 0\n', '-2 -1\n', '3 0\n', '111 79\n', '110 36\n', '17 4\n', '0 8\n', '2 -2\n', '6 1\n', '-4 -1\n', '-8 0\n', '24 13\n', '-2 7\n', '3 2\n', '1 5\n', '2 -1\n', '0 7\n', '-2 0\n', '21 10\n', '-2 -2\n', '6 0\n', '4 6\n', '-1 4\n', '6 7\n', '-16 1\n', '3 3\n', '-2 2\n', '0 1\n', '-1 0\n', '6 9\n', '12 8\n', '-1 -4\n', '-4 -2\n', '-10 1\n', '-10 0\n', '2 7\n', '1 -2\n', '-2 8\n', '1 1\n', '-3 -2\n', '8 10\n', '5 0\n', '-12 1\n', '2 5\n', '4 0\n', '10 6\n', '7 9\n', '-1 -2\n'], 'outputs': ['0\n', '1326\n', '12\n', '231\n', '1770\n', '0\n', '0\n', '0\n', '276\n', '1\n', '0\n', '0\n', '0\n', '1\n', '0\n', '0\n', '435\n', '0\n', '0\n', '102\n', '0\n', '1891\n', '325\n', '18\n', '0\n', '406\n', '25\n', '88\n', '21\n', '91\n', '0\n', '0\n', '36\n', '78\n', '0\n', '12\n', '1\n', '0\n', '2701\n', '3\n', '18\n', '0\n', '3\n', '6\n', '0\n', '27\n', '0\n', '0\n', '42\n', '0\n', '7\n', '55\n', '1\n', '0\n', '1\n', '3240\n', '703\n', '15\n', '0\n', '0\n', '3\n', '0\n', '0\n', '105\n', '0\n', '6\n', '0\n', '0\n', '0\n', '0\n', '66\n', '0\n', '1\n', '19\n', '0\n', '33\n', '0\n', '10\n', '0\n', '0\n', '0\n', '37\n', '45\n', '0\n', '0\n', '0\n', '0\n', '0\n', '0\n', '0\n', '3\n', '0\n', '57\n', '1\n', '0\n', '3\n', '1\n', '28\n', '46\n', '0\n']}",1,6.6,1,6.75,1.0,123.41,1.0,136.53,"import sys
input = sys.stdin.readline
K, S = list(map(int, input().split()))
ans = 0
for z in range(K + 1):
    for y in range(K + 1):
        x = S - (z + y)
        if x >= 0 and x <= K:
            ans += 1
print(ans)","import sys
var1 = sys.stdin.readline
var2, var3 = list(map(int, var1().split()))
var4 = 0
for var5 in range(var2 + 1):
    for var6 in range(var2 + 1):
        var7 = var3 - (var5 + var6)
        if var7 >= 0 and var7 <= var2:
            var4 += 1
print(var4)","import sys
input = sys.stdin.readline
K, S = list(map(int, input().split()))
ans = 0
for z in range(K + 1):
    for y in range(K + 1):
        x = S - (z + y)
        if 0 <= x <= K:
            ans += 1
print(ans)","'input', 2, 'computedFrom', ['input'], [4]
'input', 4, 'comesFrom', [], []
'K', 5, 'computedFrom', ['list'], [9]
'S', 7, 'computedFrom', ['map', 'int', 'input', 'split'], [11, 13, 15, 19]
'list', 9, 'comesFrom', [], []
'map', 11, 'comesFrom', [], []
'int', 13, 'comesFrom', [], []
'input', 15, 'comesFrom', ['input'], [2]
'split', 19, 'comesFrom', [], []
'ans', 24, 'computedFrom', ['0'], [26]
'0', 26, 'comesFrom', [], []
'z', 28, 'computedFrom', ['range', 'K', '1'], [30, 32, 34]
'range', 30, 'comesFrom', ['range'], [30]
'K', 32, 'comesFrom', ['K'], [5]
'1', 34, 'comesFrom', [], []
'y', 38, 'computedFrom', ['range', 'K', '1'], [40, 42, 44]
'range', 40, 'comesFrom', ['range'], [30]
'K', 42, 'comesFrom', ['K'], [5]
'1', 44, 'comesFrom', [], []
'x', 47, 'computedFrom', ['z', 'y', 'S'], [49, 52, 54]
'S', 49, 'comesFrom', ['S'], [7]
'z', 52, 'comesFrom', ['z'], [28]
'y', 54, 'comesFrom', ['y'], [38]
'x', 57, 'comesFrom', ['x'], [47]
'x', 61, 'comesFrom', ['x'], [47]
'K', 63, 'comesFrom', ['K'], [5]
'ans', 65, 'computedFrom', ['1'], [67]
'1', 67, 'comesFrom', [], []
'ans', 70, 'comesFrom', ['ans'], [24, 65]","'var1', 2, 'computedFrom', ['var1'], [4]
'var1', 4, 'comesFrom', [], []
'var2', 5, 'computedFrom', ['list'], [9]
'var3', 7, 'computedFrom', ['map', 'int', 'var1', 'split'], [11, 13, 15, 19]
'list', 9, 'comesFrom', [], []
'map', 11, 'comesFrom', [], []
'int', 13, 'comesFrom', [], []
'var1', 15, 'comesFrom', ['var1'], [2]
'split', 19, 'comesFrom', [], []
'var4', 24, 'computedFrom', ['0'], [26]
'0', 26, 'comesFrom', [], []
'var5', 28, 'computedFrom', ['var2', 'range', '1'], [30, 32, 34]
'range', 30, 'comesFrom', ['range'], [30]
'var2', 32, 'comesFrom', ['var2'], [5]
'1', 34, 'comesFrom', [], []
'var6', 38, 'computedFrom', ['var2', 'range', '1'], [40, 42, 44]
'range', 40, 'comesFrom', ['range'], [30]
'var2', 42, 'comesFrom', ['var2'], [5]
'1', 44, 'comesFrom', [], []
'var7', 47, 'computedFrom', ['var3', 'var6', 'var5'], [49, 52, 54]
'var3', 49, 'comesFrom', ['var3'], [7]
'var5', 52, 'comesFrom', ['var5'], [28]
'var6', 54, 'comesFrom', ['var6'], [38]
'var7', 57, 'comesFrom', ['var7'], [47]
'var7', 61, 'comesFrom', ['var7'], [47]
'var2', 63, 'comesFrom', ['var2'], [5]
'var4', 65, 'computedFrom', ['1'], [67]
'1', 67, 'comesFrom', [], []
'var4', 70, 'comesFrom', ['var4'], [24, 65]",154122,"from sys import stdin
var1 = stdin
var2, var3 = map(int, var1.readline().split(' '))
var4 = [[] for var5 in range(var2 + 1)]
for var5 in range(var3):
    var6, var7 = map(int, var1.readline().split(' '))
    var4[var7].append(var6)
var8 = int(var1.readline())
var9 = list(map(int, var1.readline().split(' ')))
var10 = []
var11 = [10000000] * (var2 + 1)
var12 = [0] * (var2 + 1)
var13 = [[] for var5 in range(var2 + 1)]
var10.append(var9[var8 - 1])
var11[var9[var8 - 1]] = 0
while var10:
    var14 = var10.pop(0)
    for var5 in var4[var14]:
        if var11[var14] + 1 == var11[var5]:
            var12[var5] += 1
            var13[var5].append(var14)
        elif var11[var5] == 10000000:
            var12[var5] = 1
            var11[var5] = var11[var14] + 1
            var10.append(var5)
            var13[var5].append(var14)
var15 = 0
var16 = 0
for var5 in range(var8 - 1):
    var17 = var9[var5]
    if var9[var5 + 1] in var13[var17]:
        if var12[var17] != 1:
            var16 += 1
    else:
        var15 += 1
        var16 += 1
print(var15, var16)","'stdin', 3, 'comesFrom', [], []
'var1', 4, 'computedFrom', ['stdin'], [6]
'stdin', 6, 'comesFrom', ['stdin'], [3]
'var2', 7, 'computedFrom', ['map'], [11]
'var3', 9, 'computedFrom', ['int', 'var1', 'readline', 'split', ""' '""], [13, 15, 17, 21, 23]
'map', 11, 'comesFrom', [], []
'int', 13, 'comesFrom', [], []
'var1', 15, 'comesFrom', ['var1'], [4]
'readline', 17, 'comesFrom', [], []
'split', 21, 'comesFrom', [], []
""' '"", 23, 'comesFrom', [], []
'var4', 26, 'computedFrom', ['var5', 'range', 'var2', '1'], [32, 34, 36, 38]
'var5', 32, 'computedFrom', ['range', 'var2', '1'], [34, 36, 38]
'range', 34, 'comesFrom', [], []
'var2', 36, 'comesFrom', ['var2'], [7]
'1', 38, 'comesFrom', [], []
'var5', 42, 'computedFrom', ['range', 'var3'], [44, 46]
'range', 44, 'comesFrom', ['range'], [34]
'var3', 46, 'comesFrom', ['var3'], [9]
'var6', 49, 'computedFrom', ['map'], [53]
'var7', 51, 'computedFrom', ['var1', 'readline', 'split', 'int', ""' '""], [55, 57, 59, 63, 65]
'map', 53, 'comesFrom', ['map'], [11]
'int', 55, 'comesFrom', ['int'], [13]
'var1', 57, 'comesFrom', ['var1'], [4]
'readline', 59, 'comesFrom', ['readline'], [17]
'split', 63, 'comesFrom', ['split'], [21]
""' '"", 65, 'comesFrom', [], []
'var4', 68, 'comesFrom', ['var4'], [26]
'var7', 70, 'comesFrom', ['var7'], [51]
'append', 73, 'comesFrom', ['append'], [73]
'var6', 75, 'comesFrom', ['var6'], [49]
'var8', 77, 'computedFrom', ['int', 'var1', 'readline'], [79, 81, 83]
'int', 79, 'comesFrom', ['int'], [13]
'var1', 81, 'comesFrom', ['var1'], [4]
'readline', 83, 'comesFrom', ['readline'], [17]
'var9', 87, 'computedFrom', ['list', 'map', 'int', 'var1', 'readline', 'split', ""' '""], [89, 91, 93, 95, 97, 101, 103]
'list', 89, 'comesFrom', [], []
'map', 91, 'comesFrom', ['map'], [11]
'int', 93, 'comesFrom', ['int'], [13]
'var1', 95, 'comesFrom', ['var1'], [4]
'readline', 97, 'comesFrom', ['readline'], [17]
'split', 101, 'comesFrom', ['split'], [21]
""' '"", 103, 'comesFrom', [], []
'var10', 107, 'computedFrom', [], []
'var11', 111, 'computedFrom', ['10000000', 'var2', '1'], [114, 118, 120]
'10000000', 114, 'comesFrom', [], []
'var2', 118, 'comesFrom', ['var2'], [7]
'1', 120, 'comesFrom', [], []
'var12', 122, 'computedFrom', ['0', 'var2', '1'], [125, 129, 131]
'0', 125, 'comesFrom', [], []
'var2', 129, 'comesFrom', ['var2'], [7]
'1', 131, 'comesFrom', [], []
'var13', 133, 'computedFrom', ['var5', 'range', 'var2', '1'], [139, 141, 143, 145]
'var5', 139, 'computedFrom', ['range', 'var2', '1'], [141, 143, 145]
'range', 141, 'comesFrom', ['range'], [34]
'var2', 143, 'comesFrom', ['var2'], [7]
'1', 145, 'comesFrom', [], []
'var10', 148, 'comesFrom', ['var10'], [107]
'append', 150, 'comesFrom', ['append'], [73]
'var9', 152, 'comesFrom', ['var9'], [87]
'var8', 154, 'comesFrom', ['var8'], [77]
'var11', 159, 'computedFrom', ['0'], [169]
'var9', 161, 'computedFrom', ['0'], [169]
'var8', 163, 'computedFrom', ['0'], [169]
'1', 165, 'computedFrom', ['0'], [169]
'0', 169, 'comesFrom', [], []
'var10', 171, 'comesFrom', ['var10'], [107]
'var14', 173, 'computedFrom', ['0', 'pop', 'var10'], [175, 177, 179]
'var10', 175, 'comesFrom', ['var10'], [107]
'pop', 177, 'comesFrom', ['pop'], [177]
'0', 179, 'comesFrom', [], []
'var5', 182, 'computedFrom', ['var14', 'var4'], [184, 186]
'var4', 184, 'comesFrom', ['var4'], [26]
'var14', 186, 'comesFrom', ['var14'], [173]
'var11', 190, 'comesFrom', ['var11'], [159, 231]
'var14', 192, 'comesFrom', ['var14'], [173]
'1', 195, 'comesFrom', ['1'], [165]
'var11', 197, 'comesFrom', ['var11'], [159, 231]
'var5', 199, 'comesFrom', ['var5'], [182]
'var12', 202, 'computedFrom', ['1'], [207]
'var5', 204, 'computedFrom', ['1'], [207]
'1', 207, 'comesFrom', ['1'], [165]
'var13', 208, 'comesFrom', ['var13'], [133]
'var5', 210, 'comesFrom', ['var5'], [204]
'append', 213, 'comesFrom', ['append'], [73]
'var14', 215, 'comesFrom', ['var14'], [173]
'var11', 218, 'comesFrom', ['var11'], [159, 231]
'var5', 220, 'comesFrom', ['var5'], [182]
'var12', 225, 'computedFrom', ['1'], [230]
'var5', 227, 'computedFrom', ['1'], [230]
'1', 230, 'comesFrom', ['1'], [165]
'var11', 231, 'computedFrom', ['var14', '1', 'var11'], [236, 238, 241]
'var5', 233, 'computedFrom', ['var14', '1', 'var11'], [236, 238, 241]
'var11', 236, 'comesFrom', ['var11'], [159, 231]
'var14', 238, 'comesFrom', ['var14'], [173]
'1', 241, 'comesFrom', ['1'], [165]
'var10', 242, 'comesFrom', ['var10'], [107]
'append', 244, 'comesFrom', ['append'], [73]
'var5', 246, 'comesFrom', ['var5'], [233]
'var13', 248, 'comesFrom', ['var13'], [133]
'var5', 250, 'comesFrom', ['var5'], [233]
'append', 253, 'comesFrom', ['append'], [73]
'var14', 255, 'comesFrom', ['var14'], [173]
'var15', 257, 'computedFrom', ['0'], [259]
'0', 259, 'comesFrom', [], []
'var16', 260, 'computedFrom', ['0'], [262]
'0', 262, 'comesFrom', [], []
'var5', 264, 'computedFrom', ['var8', '1', 'range'], [266, 268, 270]
'range', 266, 'comesFrom', ['range'], [34]
'var8', 268, 'comesFrom', ['var8'], [163]
'1', 270, 'comesFrom', ['1'], [165]
'var17', 273, 'computedFrom', ['var9', 'var5'], [275, 277]
'var9', 275, 'comesFrom', ['var9'], [161]
'var5', 277, 'comesFrom', ['var5'], [264]
'var9', 280, 'comesFrom', ['var9'], [161]
'var5', 282, 'comesFrom', ['var5'], [264]
'1', 284, 'comesFrom', ['1'], [165]
'var13', 287, 'comesFrom', ['var13'], [133]
'var17', 289, 'comesFrom', ['var17'], [273]
'var12', 293, 'comesFrom', ['var12'], [122, 202, 225]
'var17', 295, 'comesFrom', ['var17'], [273]
'1', 298, 'comesFrom', ['1'], [165]
'var16', 300, 'computedFrom', ['1'], [302]
'1', 302, 'comesFrom', ['1'], [165]
'var15', 305, 'computedFrom', ['1'], [307]
'1', 307, 'comesFrom', ['1'], [165]
'var16', 308, 'computedFrom', ['1'], [310]
'1', 310, 'comesFrom', ['1'], [165]
'var15', 313, 'comesFrom', ['var15'], [257, 305]
'var16', 315, 'comesFrom', ['var16'], [260, 300, 308]","{'inputs': ['7 7\n1 2\n2 3\n3 4\n4 5\n5 6\n6 7\n7 1\n7\n1 2 3 4 5 6 7\n', '8 13\n8 7\n8 6\n7 5\n7 4\n6 5\n6 4\n5 3\n5 2\n4 3\n4 2\n3 1\n2 1\n1 8\n5\n8 7 5 2 1\n', '20 50\n3 12\n5 18\n17 6\n19 12\n10 9\n18 12\n12 16\n11 15\n2 12\n12 18\n1 12\n20 3\n16 12\n6 12\n10 12\n4 12\n12 1\n5 12\n9 6\n13 12\n17 1\n10 5\n20 12\n11 12\n7 12\n20 16\n6 2\n13 14\n9 4\n16 7\n1 16\n5 13\n6 17\n9 2\n19 16\n18 11\n20 19\n12 20\n20 13\n14 17\n14 12\n8 12\n10 15\n15 12\n17 12\n2 8\n5 8\n9 12\n12 10\n12 9\n4\n18 12 20 19\n', '20 50\n20 3\n5 16\n1 3\n10 11\n10 15\n15 9\n20 9\n14 6\n16 5\n13 4\n11 5\n3 20\n13 17\n11 8\n11 6\n12 14\n16 18\n17 13\n18 7\n3 1\n8 10\n17 15\n7 2\n9 13\n5 11\n6 1\n2 16\n8 18\n10 8\n4 13\n9 15\n14 12\n1 6\n9 20\n7 18\n6 14\n7 6\n18 16\n2 7\n3 11\n15 17\n3 12\n14 10\n4 14\n19 4\n11 10\n4 19\n8 12\n17 8\n12 8\n16\n7 2 16 5 11 8 10 15 9 13 4 14 6 1 3 20\n', '20 50\n18 11\n17 13\n19 6\n13 18\n20 9\n10 20\n6 13\n13 9\n2 1\n17 14\n11 20\n8 7\n14 9\n10 14\n8 16\n11 12\n1 3\n4 7\n7 15\n19 2\n9 14\n15 17\n14 7\n4 6\n20 19\n1 19\n13 4\n15 8\n6 9\n6 17\n1 20\n3 1\n16 15\n19 8\n15 14\n7 14\n16 18\n16 5\n5 9\n6 4\n11 16\n12 14\n3 17\n2 13\n5 4\n12 10\n18 15\n5 1\n6 14\n1 13\n12\n10 20 9 14 7 15 17 13 18 11 16 5\n'], 'outputs': ['0 0\n', '0 3\n', '0 0\n', '5 8\n', '2 2\n']}",152264,"import sys
var1 = sys.stdin
var2, var3 = map(int, var1.readline().strip().split())
var4 = [int(var5) for var5 in var1.readline().strip().split()]
var6 = [{} for var5 in range(var2)]
for var7 in range(var3):
    var8, var9, var10 = map(int, var1.readline().strip().split())
    var6[var9 - 1][var8 - 1] = var10
    var6[var8 - 1][var9 - 1] = var10


def function1(var7, var11):
    for var12 in var6[var7]:
        if var13[var12] == 0:
            var13[var12] = var11
            var14[var12] = 1
            function1(var12, var11)


var11 = 0
var13 = [(0) for var5 in range(var2)]
var15 = []
for var7 in range(var2):
    if var13[var7] == 0:
        var11 += 1
        var14 = {}
        var13[var7] = var11
        var14[var7] = 1
        function1(var7, var11)
        var15.append(var14)
var16 = 0.0
var17 = 0.0
for var18 in var15:
    if len(var18) > 1:
        for var19 in var18:
            for var5 in var6[var19]:
                if var5 in var18:
                    var16 = (var4[var19] + var4[var5]) / var6[var19][var5]
                    if var16 > var17:
                        var17 = var16
print(var17)","'sys', 1, 'comesFrom', [], []
'var1', 2, 'computedFrom', ['sys', 'stdin'], [4, 6]
'sys', 4, 'comesFrom', ['sys'], [1]
'stdin', 6, 'comesFrom', [], []
'var2', 7, 'computedFrom', ['map'], [11]
'var3', 9, 'computedFrom', ['int', 'var1', 'readline', 'strip', 'split'], [13, 15, 17, 21, 25]
'map', 11, 'comesFrom', [], []
'int', 13, 'comesFrom', [], []
'var1', 15, 'comesFrom', ['var1'], [2]
'readline', 17, 'comesFrom', [], []
'strip', 21, 'comesFrom', [], []
'split', 25, 'comesFrom', [], []
'var4', 29, 'computedFrom', ['int', 'var5', 'var5', 'var1', 'readline', 'strip', 'split'], [32, 34, 37, 39, 41, 45, 49]
'int', 32, 'comesFrom', ['int'], [13]
'var5', 34, 'comesFrom', ['var5'], [37]
'var5', 37, 'computedFrom', ['var1', 'readline', 'strip', 'split'], [39, 41, 45, 49]
'var1', 39, 'comesFrom', ['var1'], [2]
'readline', 41, 'comesFrom', ['readline'], [17]
'strip', 45, 'comesFrom', ['strip'], [21]
'split', 49, 'comesFrom', ['split'], [25]
'var6', 53, 'computedFrom', ['var5', 'range', 'var2'], [59, 61, 63]
'var5', 59, 'computedFrom', ['range', 'var2'], [61, 63]
'range', 61, 'comesFrom', [], []
'var2', 63, 'comesFrom', ['var2'], [7]
'var7', 67, 'computedFrom', ['range', 'var3'], [69, 71]
'range', 69, 'comesFrom', ['range'], [61]
'var3', 71, 'comesFrom', ['var3'], [9]
'var8', 74, 'computedFrom', ['var1', 'readline', 'split', 'int', 'map', 'strip'], [80, 82, 84, 86, 90, 94]
'var9', 76, 'computedFrom', ['var1', 'readline', 'split', 'int', 'map', 'strip'], [80, 82, 84, 86, 90, 94]
'var10', 78, 'computedFrom', ['var1', 'readline', 'split', 'int', 'map', 'strip'], [80, 82, 84, 86, 90, 94]
'map', 80, 'comesFrom', ['map'], [11]
'int', 82, 'comesFrom', ['int'], [13]
'var1', 84, 'comesFrom', ['var1'], [2]
'readline', 86, 'comesFrom', ['readline'], [17]
'strip', 90, 'comesFrom', ['strip'], [21]
'split', 94, 'comesFrom', ['split'], [25]
'var6', 98, 'computedFrom', ['var10'], [110]
'var9', 100, 'computedFrom', ['var10'], [110]
'1', 102, 'computedFrom', ['var10'], [110]
'var8', 105, 'computedFrom', ['var10'], [110]
'1', 107, 'computedFrom', ['var10'], [110]
'var10', 110, 'comesFrom', ['var10'], [78]
'var6', 111, 'computedFrom', ['var10'], [123]
'var8', 113, 'computedFrom', ['var10'], [123]
'1', 115, 'computedFrom', ['var10'], [123]
'var9', 118, 'computedFrom', ['var10'], [123]
'1', 120, 'computedFrom', ['var10'], [123]
'var10', 123, 'comesFrom', ['var10'], [78]
'function1', 125, 'comesFrom', [], []
'var7', 127, 'comesFrom', ['var7'], [67]
'var11', 129, 'comesFrom', [], []
'var12', 133, 'computedFrom', ['var7', 'var6'], [135, 137]
'var6', 135, 'comesFrom', ['var6'], [111]
'var7', 137, 'comesFrom', ['var7'], [67]
'var13', 141, 'comesFrom', ['var13'], [148]
'var12', 143, 'comesFrom', ['var12'], [133]
'var13', 148, 'computedFrom', ['var11'], [153]
'var12', 150, 'computedFrom', ['var11'], [153]
'var11', 153, 'comesFrom', ['var11'], [129]
'var14', 154, 'computedFrom', ['1'], [159]
'var12', 156, 'computedFrom', ['1'], [159]
'1', 159, 'comesFrom', ['1'], [120]
'function1', 160, 'comesFrom', ['function1'], [125]
'var12', 162, 'comesFrom', ['var12'], [156]
'var11', 164, 'comesFrom', ['var11'], [129]
'var11', 166, 'computedFrom', ['0'], [168]
'0', 168, 'comesFrom', [], []
'var13', 169, 'computedFrom', ['0', 'var5', 'range', 'var2'], [173, 176, 178, 180]
'0', 173, 'comesFrom', [], []
'var5', 176, 'computedFrom', ['range', 'var2'], [178, 180]
'range', 178, 'comesFrom', ['range'], [61]
'var2', 180, 'comesFrom', ['var2'], [7]
'var15', 183, 'computedFrom', [], []
'var7', 188, 'computedFrom', ['var2', 'range'], [190, 192]
'range', 190, 'comesFrom', ['range'], [61]
'var2', 192, 'comesFrom', ['var2'], [7]
'var13', 196, 'comesFrom', ['var13'], [169, 210]
'var7', 198, 'comesFrom', ['var7'], [188]
'var11', 203, 'computedFrom', ['1'], [205]
'1', 205, 'comesFrom', ['1'], [120]
'var13', 210, 'computedFrom', ['var11'], [215]
'var7', 212, 'computedFrom', ['var11'], [215]
'var11', 215, 'comesFrom', ['var11'], [203]
'var14', 216, 'computedFrom', ['1'], [221]
'var7', 218, 'computedFrom', ['1'], [221]
'1', 221, 'comesFrom', ['1'], [120]
'function1', 222, 'comesFrom', ['function1'], [125]
'var7', 224, 'comesFrom', ['var7'], [218]
'var11', 226, 'comesFrom', ['var11'], [203]
'var15', 228, 'comesFrom', ['var15'], [183]
'append', 230, 'comesFrom', ['append'], [230]
'var14', 232, 'comesFrom', ['var14'], [216]
'var16', 234, 'computedFrom', ['0.0'], [236]
'0.0', 236, 'comesFrom', [], []
'var17', 237, 'computedFrom', ['0.0'], [239]
'0.0', 239, 'comesFrom', [], []
'var18', 241, 'computedFrom', ['var15'], [243]
'var15', 243, 'comesFrom', ['var15'], [183]
'len', 246, 'comesFrom', ['len'], [246]
'var18', 248, 'comesFrom', ['var18'], [241]
'1', 251, 'comesFrom', ['1'], [120]
'var19', 254, 'computedFrom', ['var18'], [256]
'var18', 256, 'comesFrom', ['var18'], [241]
'var5', 259, 'computedFrom', ['var6', 'var19'], [261, 263]
'var6', 261, 'comesFrom', ['var6'], [111]
'var19', 263, 'comesFrom', ['var19'], [254]
'var5', 267, 'comesFrom', ['var5'], [259]
'var18', 269, 'comesFrom', ['var18'], [241]
'var16', 271, 'computedFrom', ['var5', 'var6', 'var4', 'var19'], [274, 276, 279, 281, 285, 287, 290]
'var4', 274, 'comesFrom', ['var4'], [29]
'var19', 276, 'comesFrom', ['var19'], [254]
'var4', 279, 'comesFrom', ['var4'], [29]
'var5', 281, 'comesFrom', ['var5'], [259]
'var6', 285, 'comesFrom', ['var6'], [111]
'var19', 287, 'comesFrom', ['var19'], [254]
'var5', 290, 'comesFrom', ['var5'], [259]
'var16', 293, 'comesFrom', ['var16'], [271]
'var17', 295, 'comesFrom', ['var17'], [237, 297]
'var17', 297, 'computedFrom', ['var16'], [299]
'var16', 299, 'comesFrom', ['var16'], [271]
'var17', 302, 'comesFrom', ['var17'], [237, 297]","{'inputs': ['3 3\n100 100 1\n1 2 50\n1 3 49\n2 3 49\n', '5 7\n348 348 348 348 348\n1 2 9\n2 4 9\n2 3 9\n1 4 9\n3 5 9\n1 3 9\n3 4 9\n', '10 10\n132402 148489 472187 403302 657890 205188 750668 276911 372190 828796\n8 10 162\n1 8 489\n6 7 279\n1 10 740\n5 6 721\n3 6 862\n2 3 194\n7 10 601\n2 10 658\n1 5 930\n', '1 0\n1\n', '40 0\n333755 354468 763743 983044 791235 558007 639137 977841 767439 595261 276101 212062 189789 573751 751706 311404 689132 603080 300272 15008 274365 411257 191645 451302 387673 289269 427129 352075 335498 665358 917537 392450 219168 587894 920119 930721 72109 817927 33248 189473\n'], 'outputs': ['4.000000000000000\n', '77.333333333333329\n', '6825.351851851852200\n', '0.000000000000000\n', '0.000000000000000\n']}",76926,"var1 = [2]
var2 = []
var3 = 0
for var4 in range(3, 1000):
    var5 = 0
    for var6 in range(2, int(var4 ** 0.5) + 1):
        if var4 % var6 == 0:
            var5 += 1
    if var5 == 0:
        var1.append(var4)
for var4 in range(0, len(var1) - 1):
    var6 = var1[var4] + var1[var4 + 1]
    var2.append(var6)
var7 = list(input().split())
var8 = int(var7[0])
var9 = int(var7[1])
for var4 in range(0, len(var2)):
    var2[var4] = var2[var4] + 1
var10 = []
for var4 in var2:
    var5 = 0
    for var6 in range(2, int(var4 ** 0.5) + 1):
        if var4 % var6 == 0:
            var5 += 1
    if var5 == 0:
        var10.append(var4)
for var4 in var10:
    if var4 >= 2 and var4 <= var8:
        var3 += 1
if var3 >= var9:
    print('YES')
else:
    print('NO')","'var1', 0, 'computedFrom', ['2'], [3]
'2', 3, 'comesFrom', [], []
'var2', 5, 'computedFrom', [], []
'var3', 9, 'computedFrom', ['0'], [11]
'0', 11, 'comesFrom', [], []
'var4', 13, 'computedFrom', ['3', 'range', '1000'], [15, 17, 19]
'range', 15, 'comesFrom', ['range'], [15]
'3', 17, 'comesFrom', [], []
'1000', 19, 'comesFrom', [], []
'var5', 22, 'computedFrom', ['0'], [24]
'0', 24, 'comesFrom', [], []
'var6', 26, 'computedFrom', ['0.5', 'var4', 'range', 'int', '1', '2'], [28, 30, 32, 34, 36, 39]
'range', 28, 'comesFrom', ['range'], [15]
'2', 30, 'comesFrom', [], []
'int', 32, 'comesFrom', ['int'], [32]
'var4', 34, 'comesFrom', ['var4'], [13]
'0.5', 36, 'comesFrom', [], []
'1', 39, 'comesFrom', [], []
'var4', 43, 'comesFrom', ['var4'], [13]
'var6', 45, 'comesFrom', ['var6'], [26]
'var5', 49, 'computedFrom', ['1'], [51]
'1', 51, 'comesFrom', [], []
'var5', 53, 'comesFrom', ['var5'], [22, 49]
'var1', 57, 'comesFrom', ['var1'], [0]
'append', 59, 'comesFrom', ['append'], [59]
'var4', 61, 'comesFrom', ['var4'], [13]
'var4', 64, 'computedFrom', ['var1', '0', 'range', 'len', '1'], [66, 68, 70, 72, 75]
'range', 66, 'comesFrom', ['range'], [15]
'0', 68, 'comesFrom', [], []
'len', 70, 'comesFrom', ['len'], [70]
'var1', 72, 'comesFrom', ['var1'], [0]
'1', 75, 'comesFrom', [], []
'var6', 78, 'computedFrom', ['var1', '1', 'var4'], [80, 82, 85, 87, 89]
'var1', 80, 'comesFrom', ['var1'], [0]
'var4', 82, 'comesFrom', ['var4'], [64]
'var1', 85, 'comesFrom', ['var1'], [0]
'var4', 87, 'comesFrom', ['var4'], [64]
'1', 89, 'comesFrom', [], []
'var2', 91, 'comesFrom', ['var2'], [5]
'append', 93, 'comesFrom', ['append'], [59]
'var6', 95, 'comesFrom', ['var6'], [78]
'var7', 97, 'computedFrom', ['list', 'input', 'split'], [99, 101, 105]
'list', 99, 'comesFrom', [], []
'input', 101, 'comesFrom', [], []
'split', 105, 'comesFrom', [], []
'var8', 109, 'computedFrom', ['int', 'var7', '0'], [111, 113, 115]
'int', 111, 'comesFrom', ['int'], [32]
'var7', 113, 'comesFrom', ['var7'], [97]
'0', 115, 'comesFrom', [], []
'var9', 118, 'computedFrom', ['int', 'var7', '1'], [120, 122, 124]
'int', 120, 'comesFrom', ['int'], [32]
'var7', 122, 'comesFrom', ['var7'], [97]
'1', 124, 'comesFrom', [], []
'var4', 128, 'computedFrom', ['len', 'var2', '0', 'range'], [130, 132, 134, 136]
'range', 130, 'comesFrom', ['range'], [15]
'0', 132, 'comesFrom', [], []
'len', 134, 'comesFrom', ['len'], [70]
'var2', 136, 'comesFrom', ['var2'], [5, 140]
'var2', 140, 'computedFrom', ['1', 'var2', 'var4'], [145, 147, 150]
'var4', 142, 'computedFrom', ['1', 'var2', 'var4'], [145, 147, 150]
'var2', 145, 'comesFrom', ['var2'], [5, 140]
'var4', 147, 'comesFrom', ['var4'], [128]
'1', 150, 'comesFrom', [], []
'var10', 151, 'computedFrom', [], []
'var4', 156, 'computedFrom', ['var2'], [158]
'var2', 158, 'comesFrom', ['var2'], [140]
'var5', 160, 'computedFrom', ['0'], [162]
'0', 162, 'comesFrom', [], []
'var6', 164, 'computedFrom', ['0.5', 'var4', 'range', 'int', '1', '2'], [166, 168, 170, 172, 174, 177]
'range', 166, 'comesFrom', ['range'], [15]
'2', 168, 'comesFrom', [], []
'int', 170, 'comesFrom', ['int'], [32]
'var4', 172, 'comesFrom', ['var4'], [156]
'0.5', 174, 'comesFrom', [], []
'1', 177, 'comesFrom', [], []
'var4', 181, 'comesFrom', ['var4'], [156]
'var6', 183, 'comesFrom', ['var6'], [164]
'var5', 187, 'computedFrom', ['1'], [189]
'1', 189, 'comesFrom', [], []
'var5', 191, 'comesFrom', ['var5'], [160, 187]
'var10', 195, 'comesFrom', ['var10'], [151]
'append', 197, 'comesFrom', ['append'], [59]
'var4', 199, 'comesFrom', ['var4'], [156]
'var4', 202, 'computedFrom', ['var10'], [204]
'var10', 204, 'comesFrom', ['var10'], [151]
'var4', 207, 'comesFrom', ['var4'], [202]
'var4', 211, 'comesFrom', ['var4'], [202]
'var8', 213, 'comesFrom', ['var8'], [109]
'var3', 215, 'computedFrom', ['1'], [217]
'1', 217, 'comesFrom', [], []
'var3', 219, 'comesFrom', ['var3'], [9, 215]
'var9', 221, 'comesFrom', ['var9'], [118]","{'inputs': ['497 27\n', '428 23\n', '296 19\n', '640 32\n', '2 1000\n'], 'outputs': ['NO\n', 'YES\n', 'YES\n', 'YES\n', 'NO\n']}",110004,"import sys
var1, var2 = map(int, input().split())
var3 = []
var4 = [[(0) for var5 in range(var2)] for var6 in range(var1)]
var7 = 0
var8 = []
for var6 in range(var1):
    var3.append(list(map(int, input().split())))
for var6 in range(var1 - 1):
    for var5 in range(var2 - 1):
        if sum(var3[var6][var5:var5 + 2]) + sum(var3[var6 + 1][var5:var5 + 2]) == 4:
            var4[var6][var5], var4[var6][var5 + 1], var4[var6 + 1][var5], var4[var6 + 1][var5 + 1] = 1, 1, 1, 1
            var7 += 1
            var8.append(str(str(var6 + 1) + ' ' + str(var5 + 1)))
for var6 in range(var1):
    for var5 in range(var2):
        if var3[var6][var5] != var4[var6][var5]:
            print(-1)
            return
print(var7)
if var8:
    print('\n'.join(var8))","'var1', 2, 'computedFrom', ['map'], [6]
'var2', 4, 'computedFrom', ['int', 'input', 'split'], [8, 10, 14]
'map', 6, 'comesFrom', [], []
'int', 8, 'comesFrom', [], []
'input', 10, 'comesFrom', [], []
'split', 14, 'comesFrom', [], []
'var3', 18, 'computedFrom', [], []
'var4', 22, 'computedFrom', ['0', 'var5', 'range', 'var2', 'var6', 'range', 'var1'], [27, 30, 32, 34, 38, 40, 42]
'0', 27, 'comesFrom', [], []
'var5', 30, 'computedFrom', ['range', 'var2'], [32, 34]
'range', 32, 'comesFrom', ['range'], [40]
'var2', 34, 'comesFrom', ['var2'], [4]
'var6', 38, 'computedFrom', ['range', 'var1'], [40, 42]
'range', 40, 'comesFrom', [], []
'var1', 42, 'comesFrom', ['var1'], [2]
'var7', 45, 'computedFrom', ['0'], [47]
'0', 47, 'comesFrom', [], []
'var8', 48, 'computedFrom', [], []
'var6', 53, 'computedFrom', ['var1', 'range'], [55, 57]
'range', 55, 'comesFrom', ['range'], [40]
'var1', 57, 'comesFrom', ['var1'], [2]
'var3', 60, 'comesFrom', ['var3'], [18]
'append', 62, 'comesFrom', ['append'], [62]
'list', 64, 'comesFrom', ['list'], [64]
'map', 66, 'comesFrom', ['map'], [6]
'int', 68, 'comesFrom', ['int'], [8]
'input', 70, 'comesFrom', ['input'], [10]
'split', 74, 'comesFrom', ['split'], [14]
'var6', 81, 'computedFrom', ['1', 'var1', 'range'], [83, 85, 87]
'range', 83, 'comesFrom', ['range'], [40]
'var1', 85, 'comesFrom', ['var1'], [2]
'1', 87, 'comesFrom', ['1'], [172]
'var5', 91, 'computedFrom', ['1', 'var2', 'range'], [93, 95, 97]
'range', 93, 'comesFrom', ['range'], [40]
'var2', 95, 'comesFrom', ['var2'], [4]
'1', 97, 'comesFrom', ['1'], [172]
'sum', 101, 'comesFrom', ['sum'], [101]
'var3', 103, 'comesFrom', ['var3'], [18]
'var6', 105, 'comesFrom', ['var6'], [81, 165]
'var5', 108, 'comesFrom', ['var5'], [91]
'var5', 110, 'comesFrom', ['var5'], [91]
'sum', 116, 'comesFrom', ['sum'], [101]
'var3', 118, 'comesFrom', ['var3'], [18]
'var6', 120, 'comesFrom', ['var6'], [81, 165]
'1', 122, 'comesFrom', ['1'], [172]
'var5', 125, 'comesFrom', ['var5'], [91]
'var5', 127, 'comesFrom', ['var5'], [91]
'var4', 135, 'computedFrom', ['1'], [175]
'var6', 137, 'computedFrom', ['1'], [175]
'var5', 140, 'computedFrom', ['1'], [175]
'var4', 143, 'computedFrom', ['1'], [177]
'var6', 145, 'computedFrom', ['1'], [177]
'var5', 148, 'computedFrom', ['1'], [177]
'1', 150, 'computedFrom', ['1'], [177]
'var4', 153, 'computedFrom', ['1'], [179]
'var6', 155, 'computedFrom', ['1'], [179]
'1', 157, 'computedFrom', ['1'], [179]
'var5', 160, 'computedFrom', ['1'], [179]
'var4', 163, 'computedFrom', ['1'], [181]
'var6', 165, 'computedFrom', ['1'], [181]
'1', 167, 'computedFrom', ['1'], [181]
'var5', 170, 'computedFrom', ['1'], [181]
'1', 172, 'computedFrom', ['1'], [181]
'1', 175, 'comesFrom', ['1'], [172]
'1', 177, 'comesFrom', ['1'], [172]
'1', 179, 'comesFrom', ['1'], [172]
'1', 181, 'comesFrom', ['1'], [172]
'var7', 182, 'computedFrom', ['1'], [184]
'1', 184, 'comesFrom', ['1'], [172]
'var8', 185, 'comesFrom', ['var8'], [48]
'append', 187, 'comesFrom', ['append'], [62]
'str', 189, 'comesFrom', ['str'], [189]
'str', 191, 'comesFrom', ['str'], [189]
'var6', 193, 'comesFrom', ['var6'], [165]
'1', 195, 'comesFrom', ['1'], [172]
'str', 200, 'comesFrom', ['str'], [189]
'var5', 202, 'comesFrom', ['var5'], [170]
'1', 204, 'comesFrom', ['1'], [172]
'var6', 209, 'computedFrom', ['var1', 'range'], [211, 213]
'range', 211, 'comesFrom', ['range'], [40]
'var1', 213, 'comesFrom', ['var1'], [2]
'var5', 217, 'computedFrom', ['var2', 'range'], [219, 221]
'range', 219, 'comesFrom', ['range'], [40]
'var2', 221, 'comesFrom', ['var2'], [4]
'var3', 225, 'comesFrom', ['var3'], [18]
'var6', 227, 'comesFrom', ['var6'], [209]
'var5', 230, 'comesFrom', ['var5'], [217]
'var4', 233, 'comesFrom', ['var4'], [22, 163]
'var6', 235, 'comesFrom', ['var6'], [209]
'var5', 238, 'comesFrom', ['var5'], [217]
'print', 241, 'comesFrom', ['print'], [241]
'1', 244, 'comesFrom', ['1'], [172]
'print', 247, 'comesFrom', ['print'], [241]
'var7', 249, 'comesFrom', ['var7'], [45, 182]
'var8', 252, 'comesFrom', ['var8'], [48]
'print', 254, 'comesFrom', ['print'], [241]
'var8', 260, 'comesFrom', ['var8'], [48]","{'inputs': ['4 4\n1 1 0 0\n1 1 1 0\n0 0 1 1\n0 0 1 1\n', '4 3\n0 1 1\n0 1 1\n0 0 1\n0 0 1\n', '3 5\n1 1 0 0 0\n0 0 0 0 0\n0 0 0 0 0\n', '3 6\n1 1 1 0 1 0\n1 1 1 0 1 0\n0 0 0 0 0 0\n', '2 2\n0 0\n1 1\n'], 'outputs': ['-1\n', '-1\n', '-1\n', '-1\n', '-1\n']}","#### Reference Example 1:
### Python Program:
```python
from sys import stdin
var1 = stdin
var2, var3 = map(int, var1.readline().split(' '))
var4 = [[] for var5 in range(var2 + 1)]
for var5 in range(var3):
    var6, var7 = map(int, var1.readline().split(' '))
    var4[var7].append(var6)
var8 = int(var1.readline())
var9 = list(map(int, var1.readline().split(' ')))
var10 = []
var11 = [10000000] * (var2 + 1)
var12 = [0] * (var2 + 1)
var13 = [[] for var5 in range(var2 + 1)]
var10.append(var9[var8 - 1])
var11[var9[var8 - 1]] = 0
while var10:
    var14 = var10.pop(0)
    for var5 in var4[var14]:
        if var11[var14] + 1 == var11[var5]:
            var12[var5] += 1
            var13[var5].append(var14)
        elif var11[var5] == 10000000:
            var12[var5] = 1
            var11[var5] = var11[var14] + 1
            var10.append(var5)
            var13[var5].append(var14)
var15 = 0
var16 = 0
for var5 in range(var8 - 1):
    var17 = var9[var5]
    if var9[var5 + 1] in var13[var17]:
        if var12[var17] != 1:
            var16 += 1
    else:
        var15 += 1
        var16 += 1
print(var15, var16)
```

### Input/Output Unit Test Cases:
```Input/Output Unit Test Cases
## Test Case 1:
Input: '7 7
1 2
2 3
3 4
4 5
5 6
6 7
7 1
7
1 2 3 4 5 6 7'
Output: '0 0'

## Test Case 2:
Input: '8 13
8 7
8 6
7 5
7 4
6 5
6 4
5 3
5 2
4 3
4 2
3 1
2 1
1 8
5
8 7 5 2 1'
Output: '0 3'

## Test Case 3:
Input: '20 50
3 12
5 18
17 6
19 12
10 9
18 12
12 16
11 15
2 12
12 18
1 12
20 3
16 12
6 12
10 12
4 12
12 1
5 12
9 6
13 12
17 1
10 5
20 12
11 12
7 12
20 16
6 2
13 14
9 4
16 7
1 16
5 13
6 17
9 2
19 16
18 11
20 19
12 20
20 13
14 17
14 12
8 12
10 15
15 12
17 12
2 8
5 8
9 12
12 10
12 9
4
18 12 20 19'
Output: '0 0'

## Test Case 4:
Input: '20 50
20 3
5 16
1 3
10 11
10 15
15 9
20 9
14 6
16 5
13 4
11 5
3 20
13 17
11 8
11 6
12 14
16 18
17 13
18 7
3 1
8 10
17 15
7 2
9 13
5 11
6 1
2 16
8 18
10 8
4 13
9 15
14 12
1 6
9 20
7 18
6 14
7 6
18 16
2 7
3 11
15 17
3 12
14 10
4 14
19 4
11 10
4 19
8 12
17 8
12 8
16
7 2 16 5 11 8 10 15 9 13 4 14 6 1 3 20'
Output: '5 8'

## Test Case 5:
Input: '20 50
18 11
17 13
19 6
13 18
20 9
10 20
6 13
13 9
2 1
17 14
11 20
8 7
14 9
10 14
8 16
11 12
1 3
4 7
7 15
19 2
9 14
15 17
14 7
4 6
20 19
1 19
13 4
15 8
6 9
6 17
1 20
3 1
16 15
19 8
15 14
7 14
16 18
16 5
5 9
6 4
11 16
12 14
3 17
2 13
5 4
12 10
18 15
5 1
6 14
1 13
12
10 20 9 14 7 15 17 13 18 11 16 5'
Output: '2 2'

```

#### Reference Example 2:
### Python Program:
```python
import sys
var1 = sys.stdin
var2, var3 = map(int, var1.readline().strip().split())
var4 = [int(var5) for var5 in var1.readline().strip().split()]
var6 = [{} for var5 in range(var2)]
for var7 in range(var3):
    var8, var9, var10 = map(int, var1.readline().strip().split())
    var6[var9 - 1][var8 - 1] = var10
    var6[var8 - 1][var9 - 1] = var10


def function1(var7, var11):
    for var12 in var6[var7]:
        if var13[var12] == 0:
            var13[var12] = var11
            var14[var12] = 1
            function1(var12, var11)


var11 = 0
var13 = [(0) for var5 in range(var2)]
var15 = []
for var7 in range(var2):
    if var13[var7] == 0:
        var11 += 1
        var14 = {}
        var13[var7] = var11
        var14[var7] = 1
        function1(var7, var11)
        var15.append(var14)
var16 = 0.0
var17 = 0.0
for var18 in var15:
    if len(var18) > 1:
        for var19 in var18:
            for var5 in var6[var19]:
                if var5 in var18:
                    var16 = (var4[var19] + var4[var5]) / var6[var19][var5]
                    if var16 > var17:
                        var17 = var16
print(var17)
```

### Input/Output Unit Test Cases:
```Input/Output Unit Test Cases
## Test Case 1:
Input: '3 3
100 100 1
1 2 50
1 3 49
2 3 49'
Output: '4.000000000000000'

## Test Case 2:
Input: '5 7
348 348 348 348 348
1 2 9
2 4 9
2 3 9
1 4 9
3 5 9
1 3 9
3 4 9'
Output: '77.333333333333329'

## Test Case 3:
Input: '10 10
132402 148489 472187 403302 657890 205188 750668 276911 372190 828796
8 10 162
1 8 489
6 7 279
1 10 740
5 6 721
3 6 862
2 3 194
7 10 601
2 10 658
1 5 930'
Output: '6825.351851851852200'

## Test Case 4:
Input: '1 0
1'
Output: '0.000000000000000'

## Test Case 5:
Input: '40 0
333755 354468 763743 983044 791235 558007 639137 977841 767439 595261 276101 212062 189789 573751 751706 311404 689132 603080 300272 15008 274365 411257 191645 451302 387673 289269 427129 352075 335498 665358 917537 392450 219168 587894 920119 930721 72109 817927 33248 189473'
Output: '0.000000000000000'

```

#### Reference Example 3:
### Python Program:
```python
var1 = [2]
var2 = []
var3 = 0
for var4 in range(3, 1000):
    var5 = 0
    for var6 in range(2, int(var4 ** 0.5) + 1):
        if var4 % var6 == 0:
            var5 += 1
    if var5 == 0:
        var1.append(var4)
for var4 in range(0, len(var1) - 1):
    var6 = var1[var4] + var1[var4 + 1]
    var2.append(var6)
var7 = list(input().split())
var8 = int(var7[0])
var9 = int(var7[1])
for var4 in range(0, len(var2)):
    var2[var4] = var2[var4] + 1
var10 = []
for var4 in var2:
    var5 = 0
    for var6 in range(2, int(var4 ** 0.5) + 1):
        if var4 % var6 == 0:
            var5 += 1
    if var5 == 0:
        var10.append(var4)
for var4 in var10:
    if var4 >= 2 and var4 <= var8:
        var3 += 1
if var3 >= var9:
    print('YES')
else:
    print('NO')
```

### Input/Output Unit Test Cases:
```Input/Output Unit Test Cases
## Test Case 1:
Input: '497 27'
Output: 'NO'

## Test Case 2:
Input: '428 23'
Output: 'YES'

## Test Case 3:
Input: '296 19'
Output: 'YES'

## Test Case 4:
Input: '640 32'
Output: 'YES'

## Test Case 5:
Input: '2 1000'
Output: 'NO'

```

#### Reference Example 4:
### Python Program:
```python
import sys
var1, var2 = map(int, input().split())
var3 = []
var4 = [[(0) for var5 in range(var2)] for var6 in range(var1)]
var7 = 0
var8 = []
for var6 in range(var1):
    var3.append(list(map(int, input().split())))
for var6 in range(var1 - 1):
    for var5 in range(var2 - 1):
        if sum(var3[var6][var5:var5 + 2]) + sum(var3[var6 + 1][var5:var5 + 2]) == 4:
            var4[var6][var5], var4[var6][var5 + 1], var4[var6 + 1][var5], var4[var6 + 1][var5 + 1] = 1, 1, 1, 1
            var7 += 1
            var8.append(str(str(var6 + 1) + ' ' + str(var5 + 1)))
for var6 in range(var1):
    for var5 in range(var2):
        if var3[var6][var5] != var4[var6][var5]:
            print(-1)
            return
print(var7)
if var8:
    print('\n'.join(var8))
```

### Input/Output Unit Test Cases:
```Input/Output Unit Test Cases
## Test Case 1:
Input: '4 4
1 1 0 0
1 1 1 0
0 0 1 1
0 0 1 1'
Output: '-1'

## Test Case 2:
Input: '4 3
0 1 1
0 1 1
0 0 1
0 0 1'
Output: '-1'

## Test Case 3:
Input: '3 5
1 1 0 0 0
0 0 0 0 0
0 0 0 0 0'
Output: '-1'

## Test Case 4:
Input: '3 6
1 1 1 0 1 0
1 1 1 0 1 0
0 0 0 0 0 0'
Output: '-1'

## Test Case 5:
Input: '2 2
0 0
1 1'
Output: '-1'

```

"
u994988729,p02996,python,s348750359,s832149929,885,774,30828,41916,Accepted,Accepted,12.54,"n=int(eval(input()))

task=[] 

for _ in range(n):

    a,b=list(map(int,input().split()))

    task.append((b, -a))



task.sort()



time=0

flag=True

for i in task:

    time-=i[1]

    if time>i[0]:

        flag=False

        break



if flag:

    print(""Yes"")

else:

    print(""No"")


","import sys

from collections import defaultdict

from operator import itemgetter

input = sys.stdin.readline



N = int(eval(input()))

d = defaultdict(int)

for _ in range(N):

    a, b = list(map(int, input().split()))

    d[b] += a

task = list(d.items())

task.sort()



now = 0

ans = ""Yes""

for limit, time in task:

    now += time

    if now > limit:

        ans = ""No""

        break



print(ans)
",21,22,283,398,"n = int(eval(input()))
task = []
for _ in range(n):
    a, b = list(map(int, input().split()))
    task.append((b, -a))
task.sort()
time = 0
flag = True
for i in task:
    time -= i[1]
    if time > i[0]:
        flag = False
        break
if flag:
    print(""Yes"")
else:
    print(""No"")
","import sys
from collections import defaultdict
from operator import itemgetter

input = sys.stdin.readline
N = int(eval(input()))
d = defaultdict(int)
for _ in range(N):
    a, b = list(map(int, input().split()))
    d[b] += a
task = list(d.items())
task.sort()
now = 0
ans = ""Yes""
for limit, time in task:
    now += time
    if now > limit:
        ans = ""No""
        break
print(ans)
",False,4.545454546,"['-n = int(eval(input()))', '-task = []', '-for _ in range(n):', '+import sys', '+from collections import defaultdict', '+from operator import itemgetter', '+', '+input = sys.stdin.readline', '+N = int(eval(input()))', '+d = defaultdict(int)', '+for _ in range(N):', '-    task.append((b, -a))', '+    d[b] += a', '+task = list(d.items())', '-time = 0', '-flag = True', '-for i in task:', '-    time -= i[1]', '-    if time > i[0]:', '-        flag = False', '+now = 0', '+ans = ""Yes""', '+for limit, time in task:', '+    now += time', '+    if now > limit:', '+        ans = ""No""', '-if flag:', '-    print(""Yes"")', '-else:', '-    print(""No"")', '+print(ans)']",False,0.318217146,0.197703005,1.609571618,"['s348750359', 's832149929']","{'inputs': ['5\n2 4\n1 9\n1 8\n4 9\n3 12\n', '30\n384 8895\n1725 9791\n170 1024\n4 11105\n2 6\n578 1815\n702 3352\n143 5141\n1420 6980\n24 1602\n849 999\n76 7586\n85 5570\n444 4991\n719 11090\n470 10708\n1137 4547\n455 9003\n110 9901\n15 8578\n368 3692\n104 1286\n3 4\n366 12143\n7 6649\n610 2374\n152 7324\n4 7042\n292 11386\n334 5720\n', '3\n334 1000\n334 1000\n334 1000\n'], 'outputs': ['Yes\n', 'Yes\n', 'No\n']}","{'inputs': ['30\n226 14752\n1725 13964\n170 1024\n4 11105\n2 6\n578 1815\n88 3352\n1 5141\n1420 11731\n24 2491\n849 999\n76 7586\n61 5570\n639 4991\n719 11090\n545 10708\n1083 4547\n455 9003\n110 4240\n26 8578\n718 1885\n4 903\n1 2\n366 464\n1 6649\n610 2374\n152 7324\n4 7042\n166 11386\n53 5720\n', '5\n0 4\n4 34\n0 1\n8 17\n2 2\n', '30\n226 8895\n1725 9791\n170 1024\n4 11105\n2 6\n578 1815\n702 3352\n143 5141\n1420 11731\n24 1602\n849 999\n76 7586\n85 5570\n444 4991\n719 11090\n470 10708\n1083 4547\n455 9003\n110 9901\n15 8578\n718 3692\n4 1286\n1 4\n366 12143\n7 6649\n610 2374\n152 7324\n4 7042\n292 11386\n53 5720\n', '3\n334 1100\n146 1000\n631 0000\n', '30\n226 8895\n1725 9791\n170 1024\n4 11105\n2 6\n578 1815\n702 3352\n143 5141\n1420 11731\n24 1602\n849 999\n76 7586\n85 5570\n444 4991\n719 11090\n470 10708\n1083 4547\n455 9003\n110 9901\n15 8578\n718 3692\n4 1286\n1 4\n366 12143\n7 6649\n610 2374\n152 7324\n4 7042\n166 11386\n53 5720\n', '30\n226 14752\n1725 13964\n170 1024\n4 11105\n2 6\n578 1815\n88 3352\n1 5141\n1420 11731\n24 1602\n849 999\n76 7586\n61 5570\n639 4991\n719 11090\n545 10708\n1083 4547\n455 9003\n110 9901\n15 8578\n718 4327\n4 1961\n1 2\n366 464\n1 6649\n610 2374\n152 7324\n4 7042\n166 11386\n53 5720\n', '30\n384 8895\n1725 9791\n170 1024\n4 11105\n2 6\n578 1815\n702 3352\n143 5141\n1420 11731\n24 1602\n849 999\n76 7586\n85 5570\n444 4991\n719 11090\n470 10708\n1137 4547\n455 9003\n110 9901\n15 8578\n718 3692\n104 1286\n3 4\n366 12143\n7 6649\n610 2374\n152 7324\n4 7042\n292 11386\n334 5720\n', '30\n226 8895\n1725 13964\n170 1024\n4 11105\n2 6\n578 1815\n88 3352\n143 5141\n1420 11731\n24 1602\n849 999\n76 7586\n85 5570\n639 4991\n719 11090\n304 10708\n1083 4547\n455 9003\n110 9901\n15 8578\n718 3692\n4 1961\n1 2\n366 12143\n1 6649\n610 2374\n152 7324\n4 7042\n166 11386\n53 5720\n', '3\n244 1110\n2 1000\n29 1010\n', '3\n174 1010\n18 1010\n523 1010\n', '3\n334 1100\n146 1000\n631 1000\n', '30\n187 14752\n1725 13964\n170 1024\n4 11105\n2 6\n578 1815\n88 3352\n1 5141\n1420 11731\n24 2491\n849 999\n133 7586\n61 5570\n639 4991\n719 10113\n545 10708\n1083 4547\n455 9003\n110 4240\n26 8578\n718 1885\n4 903\n1 2\n366 464\n1 6649\n610 2374\n152 7324\n4 7042\n166 11386\n53 5720\n', '30\n226 8895\n1725 13964\n170 1024\n4 11105\n2 6\n578 1815\n702 3352\n143 5141\n1420 11731\n24 1602\n849 999\n76 7586\n85 5570\n444 4991\n719 11090\n470 10708\n1083 4547\n455 9003\n110 9901\n15 8578\n718 3692\n4 1961\n1 4\n366 12143\n1 6649\n610 2374\n152 7324\n4 7042\n166 11386\n53 5720\n', '5\n0 4\n1 12\n0 5\n8 10\n0 5\n', '3\n361 1000\n146 1100\n631 1000\n', '30\n226 8895\n1725 13964\n170 1024\n4 11105\n2 6\n578 1815\n88 3352\n143 5141\n1420 11731\n24 1602\n849 999\n76 7586\n85 5570\n444 4991\n719 11090\n470 10708\n1083 4547\n455 9003\n110 9901\n15 8578\n718 3692\n4 1961\n1 4\n366 12143\n1 6649\n610 2374\n152 7324\n4 7042\n166 11386\n53 5720\n', '30\n187 14752\n1725 13964\n170 1024\n4 11105\n2 6\n578 1815\n88 3352\n1 2412\n1420 11731\n24 2491\n849 999\n133 7586\n61 5570\n639 4991\n719 10113\n545 10708\n1083 4547\n455 9003\n110 4240\n26 8578\n718 1885\n4 903\n1 2\n366 464\n1 6649\n610 2941\n152 7324\n4 7042\n166 11386\n53 5720\n', '3\n174 1010\n18 1000\n523 1010\n', '5\n1 4\n2 34\n1 2\n8 17\n2 2\n', '3\n174 1000\n18 1010\n523 1010\n', '5\n1 4\n2 34\n1 0\n3 26\n2 2\n', '3\n334 1000\n146 1100\n631 1000\n', '30\n226 14752\n1725 13964\n170 1024\n4 11105\n2 6\n578 1815\n88 3352\n1 5141\n1420 11731\n24 1602\n849 999\n76 7586\n61 5570\n639 4991\n719 11090\n545 10708\n1083 4547\n455 9003\n110 9901\n15 8578\n718 4327\n4 1961\n1 2\n366 12143\n1 6649\n610 2374\n152 7324\n4 7042\n166 11386\n53 5720\n', '5\n0 4\n1 19\n0 5\n8 17\n1 2\n', '3\n244 1110\n3 1000\n29 1010\n', '5\n2 4\n1 12\n0 8\n4 10\n0 4\n', '3\n334 1000\n334 1100\n334 1100\n', '5\n0 4\n1 34\n0 5\n8 17\n2 2\n', '3\n334 1000\n146 1000\n631 0000\n', '3\n244 1110\n3 1000\n54 0010\n', '5\n1 6\n2 34\n1 0\n3 26\n2 2\n', '30\n187 14752\n1725 13964\n170 1024\n4 11105\n2 6\n578 1815\n88 3352\n1 5141\n1420 11731\n24 2491\n849 999\n76 7586\n61 5570\n639 4991\n719 10113\n545 10708\n1083 4547\n455 9003\n110 4240\n26 8578\n718 1885\n4 903\n1 2\n366 464\n1 6649\n610 2374\n152 7324\n4 7042\n166 11386\n53 5720\n', '3\n154 1000\n146 1100\n631 1000\n', '30\n226 8895\n1725 9791\n170 1024\n4 11105\n2 6\n578 1815\n702 3352\n143 5141\n1420 11731\n24 1602\n849 999\n76 7586\n85 5570\n444 4991\n719 11090\n470 10708\n1137 4547\n455 9003\n110 9901\n15 8578\n718 3692\n4 1286\n3 4\n366 12143\n7 6649\n610 2374\n152 7324\n4 7042\n292 11386\n334 5720\n', '3\n244 1110\n3 1000\n29 0010\n', '5\n0 4\n2 34\n0 1\n8 17\n2 2\n', '3\n174 1000\n146 1000\n631 1010\n', '3\n174 1000\n146 1000\n631 1000\n', '5\n1 4\n1 12\n0 8\n4 9\n0 4\n', '30\n226 14752\n1725 13964\n170 1024\n4 11105\n2 6\n578 1815\n88 3352\n1 5141\n1420 11731\n24 1602\n849 999\n76 7586\n61 5570\n639 4991\n719 11090\n304 10708\n1083 4547\n455 9003\n110 9901\n15 8578\n718 4327\n4 1961\n1 2\n366 12143\n1 6649\n610 2374\n152 7324\n4 7042\n166 11386\n53 5720\n', '5\n0 4\n1 19\n0 5\n8 10\n0 5\n', '3\n361 1100\n146 1000\n631 1000\n', '5\n1 4\n1 12\n0 8\n4 9\n5 4\n', '5\n1 6\n2 58\n1 0\n3 26\n2 2\n', '30\n226 8895\n1725 13964\n170 1024\n4 11105\n2 6\n578 1815\n88 3352\n1 5141\n1420 11731\n24 1602\n849 999\n76 7586\n85 5570\n639 4991\n719 11090\n304 10708\n1083 4547\n455 9003\n110 9901\n15 8578\n718 4327\n4 1961\n1 2\n366 12143\n1 6649\n610 2374\n152 7324\n4 7042\n166 11386\n53 5720\n', '5\n1 4\n4 34\n0 1\n8 17\n2 2\n', '30\n226 8895\n1725 13964\n170 1024\n4 11105\n2 6\n578 1815\n88 3352\n143 5141\n1420 11731\n24 1602\n849 999\n76 7586\n85 5570\n639 4991\n719 11090\n304 10708\n1083 4547\n455 9003\n110 9901\n15 8578\n718 4327\n4 1961\n1 2\n366 12143\n1 6649\n610 2374\n152 7324\n4 7042\n166 11386\n53 5720\n', '5\n1 4\n4 34\n1 1\n8 17\n2 2\n', '30\n226 14752\n1725 13964\n170 1024\n4 11105\n2 6\n578 1815\n88 3352\n1 5141\n1420 11731\n24 2491\n849 999\n76 7586\n61 5570\n639 4991\n719 11090\n545 10708\n1083 4547\n455 9003\n110 4240\n26 8578\n718 4327\n4 903\n1 2\n366 464\n1 6649\n610 2374\n152 7324\n4 7042\n166 11386\n53 5720\n', '5\n2 4\n1 12\n0 8\n4 9\n0 4\n', '5\n2 4\n1 12\n0 8\n4 9\n3 4\n', '30\n226 8895\n1725 9791\n170 1024\n4 11105\n2 6\n578 1815\n702 3352\n143 5141\n1420 11731\n24 1602\n849 999\n76 7586\n85 5570\n444 4991\n719 11090\n470 10708\n1083 4547\n455 9003\n110 9901\n15 8578\n718 3692\n4 1961\n1 4\n366 12143\n1 6649\n610 2374\n152 7324\n4 7042\n166 11386\n53 5720\n', '5\n0 4\n1 19\n0 5\n8 10\n0 2\n', '3\n221 1000\n146 1100\n631 1000\n', '3\n334 1000\n146 1000\n631 1000\n', '3\n174 1000\n146 1010\n631 1010\n', '5\n0 4\n1 19\n0 5\n8 17\n2 2\n', '3\n174 1000\n146 1100\n631 1000\n', '30\n226 8895\n1725 9791\n170 1024\n4 11105\n2 6\n578 1815\n702 3352\n143 5141\n1420 11731\n24 1602\n849 999\n76 7586\n85 5570\n444 4991\n719 11090\n470 10708\n1083 4547\n455 9003\n110 9901\n15 8578\n718 3692\n4 1286\n3 4\n366 12143\n7 6649\n610 2374\n152 7324\n4 7042\n292 11386\n334 5720\n', '5\n1 4\n2 34\n1 1\n8 17\n2 2\n', '5\n0 4\n1 12\n0 5\n4 10\n0 5\n', '3\n174 1000\n146 1010\n1771 1010\n', '5\n0 4\n1 12\n0 5\n4 10\n0 4\n', '3\n174 1110\n2 1000\n29 1010\n', '5\n1 4\n2 34\n1 1\n8 26\n2 2\n', '3\n334 1000\n334 1000\n334 1100\n', '30\n226 14752\n1725 13964\n170 1024\n4 11105\n2 6\n578 1815\n88 3352\n1 5141\n1420 11731\n24 1602\n849 999\n76 7586\n85 5570\n639 4991\n719 11090\n304 10708\n1083 4547\n455 9003\n110 9901\n15 8578\n718 4327\n4 1961\n1 2\n366 12143\n1 6649\n610 2374\n152 7324\n4 7042\n166 11386\n53 5720\n', '3\n174 1110\n2 1000\n523 1010\n', '3\n334 1000\n146 1100\n334 1100\n', '30\n226 14752\n1725 13964\n170 1024\n4 11105\n2 6\n578 1815\n88 3352\n1 5141\n1420 11731\n24 2491\n849 999\n76 7586\n61 5570\n639 4991\n719 11090\n545 10708\n1083 4547\n455 9003\n110 9901\n26 8578\n718 4327\n4 903\n1 2\n366 464\n1 6649\n610 2374\n152 7324\n4 7042\n166 11386\n53 5720\n', '30\n226 14752\n1725 13964\n170 1024\n4 11105\n2 6\n578 1815\n88 3352\n1 5141\n1420 11731\n24 1602\n849 999\n76 7586\n61 5570\n639 4991\n719 11090\n545 10708\n1083 4547\n455 9003\n110 9901\n26 8578\n718 4327\n4 903\n1 2\n366 464\n1 6649\n610 2374\n152 7324\n4 7042\n166 11386\n53 5720\n', '3\n361 1100\n146 1100\n631 1000\n', '3\n174 1000\n146 1010\n1260 1010\n', '3\n174 1010\n4 1000\n523 1010\n', '3\n174 1010\n4 1001\n523 1010\n', '30\n226 14752\n1725 13964\n170 1024\n4 11105\n2 6\n578 1815\n88 3352\n1 5141\n1420 11731\n24 1602\n849 999\n76 7586\n61 5570\n639 4991\n719 11090\n545 10708\n1083 4547\n455 9003\n110 9901\n15 8578\n718 4327\n4 903\n1 2\n366 464\n1 6649\n610 2374\n152 7324\n4 7042\n166 11386\n53 5720\n', '5\n2 4\n1 12\n0 5\n4 10\n0 4\n', '30\n226 14752\n1725 13964\n170 1024\n4 11105\n2 6\n578 1815\n88 3352\n1 5141\n1420 11731\n24 2491\n849 999\n76 7586\n61 5570\n639 4991\n719 11090\n545 10708\n1083 4547\n455 9003\n110 4240\n26 8578\n718 978\n4 903\n1 2\n366 464\n1 6649\n610 2374\n152 7324\n4 7042\n166 11386\n53 5720\n', '30\n384 8895\n1725 9791\n170 1024\n4 11105\n2 6\n578 1815\n702 3352\n143 5141\n1420 11731\n24 1602\n849 999\n76 7586\n85 5570\n444 4991\n719 11090\n470 10708\n1137 4547\n455 9003\n110 9901\n15 8578\n718 3692\n4 1286\n3 4\n366 12143\n7 6649\n610 2374\n152 7324\n4 7042\n292 11386\n334 5720\n', '5\n2 4\n1 12\n0 8\n4 9\n5 4\n', '30\n187 14752\n1725 13964\n170 1024\n4 11105\n2 6\n578 1815\n88 3352\n1 2412\n1420 11731\n24 2491\n849 999\n133 7586\n61 5570\n639 4991\n719 10113\n545 10708\n1083 4547\n455 9003\n110 4240\n26 8578\n718 1885\n5 903\n1 2\n366 464\n1 6649\n610 2941\n152 7324\n4 7042\n166 11386\n53 5720\n', '3\n334 1000\n146 1100\n334 1000\n', '30\n226 8895\n1725 13964\n170 1024\n4 11105\n2 6\n578 1815\n88 3352\n143 5141\n1420 11731\n24 1602\n849 999\n76 7586\n85 5570\n444 4991\n719 11090\n470 10708\n1083 4547\n455 9003\n110 9901\n15 8578\n718 3692\n4 1961\n1 2\n366 12143\n1 6649\n610 2374\n152 7324\n4 7042\n166 11386\n53 5720\n', '30\n226 8895\n1725 9791\n170 1024\n4 11105\n2 6\n578 1815\n702 3352\n143 5141\n1420 11731\n24 1602\n849 999\n76 7586\n85 5570\n444 4991\n719 11090\n470 10708\n1083 4547\n455 9003\n110 9901\n15 8578\n718 3692\n4 1961\n1 4\n366 12143\n7 6649\n610 2374\n152 7324\n4 7042\n166 11386\n53 5720\n', '5\n0 4\n1 19\n0 5\n8 17\n0 2\n', '3\n174 1000\n146 1010\n523 1010\n', '3\n174 1110\n4 1000\n523 1010\n', '30\n226 8895\n1725 13964\n170 1024\n4 11105\n2 6\n578 1815\n88 3352\n143 5141\n1420 11731\n24 1602\n849 999\n76 7586\n85 5570\n444 4991\n719 11090\n304 10708\n1083 4547\n455 9003\n110 9901\n15 8578\n718 3692\n4 1961\n1 2\n366 12143\n1 6649\n610 2374\n152 7324\n4 7042\n166 11386\n53 5720\n', '5\n1 4\n2 34\n1 1\n2 26\n2 2\n', '30\n187 14752\n1725 13964\n170 1024\n4 11105\n2 6\n578 1815\n88 3352\n1 2412\n1420 11731\n24 2491\n849 999\n133 7586\n61 5570\n639 4991\n719 10113\n545 10708\n1083 4547\n455 9003\n110 4240\n26 8578\n718 1885\n4 903\n1 2\n366 464\n1 6649\n610 2374\n152 7324\n4 7042\n166 11386\n53 5720\n', '5\n1 4\n2 34\n1 0\n2 26\n2 2\n', '5\n2 4\n1 8\n1 8\n4 9\n3 12\n', '5\n2 4\n1 8\n0 8\n4 9\n3 4\n', '3\n174 1110\n4 1001\n523 1010\n', '30\n226 8895\n1725 9791\n170 1024\n4 11105\n2 6\n578 1815\n702 3352\n143 5141\n1420 11731\n24 1602\n849 999\n76 7586\n85 5570\n444 4991\n719 11090\n470 10708\n1083 4547\n455 9003\n110 9901\n15 8578\n718 3692\n4 1286\n3 4\n366 12143\n7 6649\n610 2374\n152 7324\n4 7042\n292 11386\n53 5720\n', '30\n384 8895\n1725 9791\n170 1024\n4 11105\n2 6\n578 1815\n702 3352\n143 5141\n1420 6980\n24 1602\n849 999\n76 7586\n85 5570\n444 4991\n719 11090\n470 10708\n1137 4547\n455 9003\n110 9901\n15 8578\n718 3692\n104 1286\n3 4\n366 12143\n7 6649\n610 2374\n152 7324\n4 7042\n292 11386\n334 5720\n', '30\n187 14752\n1725 13964\n170 1024\n4 11105\n2 6\n578 1815\n88 3352\n1 5141\n1420 11731\n24 2491\n849 999\n76 7586\n61 5570\n639 4991\n719 11090\n545 10708\n1083 4547\n455 9003\n110 4240\n26 8578\n718 1885\n4 903\n1 2\n366 464\n1 6649\n610 2374\n152 7324\n4 7042\n166 11386\n53 5720\n', '5\n0 4\n2 34\n0 5\n8 17\n2 2\n', '5\n1 6\n2 45\n1 0\n3 26\n2 2\n', '5\n2 4\n1 8\n0 8\n4 9\n3 12\n'], 'outputs': ['No\n', 'Yes\n', 'No\n', 'No\n', 'No\n', 'No\n', 'No\n', 'Yes\n', 'Yes\n', 'Yes\n', 'No\n', 'No\n', 'No\n', 'Yes\n', 'No\n', 'Yes\n', 'No\n', 'Yes\n', 'No\n', 'Yes\n', 'No\n', 'No\n', 'Yes\n', 'Yes\n', 'Yes\n', 'Yes\n', 'Yes\n', 'Yes\n', 'No\n', 'No\n', 'No\n', 'No\n', 'Yes\n', 'No\n', 'No\n', 'Yes\n', 'Yes\n', 'Yes\n', 'Yes\n', 'Yes\n', 'Yes\n', 'No\n', 'No\n', 'No\n', 'Yes\n', 'Yes\n', 'Yes\n', 'No\n', 'No\n', 'Yes\n', 'No\n', 'No\n', 'Yes\n', 'Yes\n', 'No\n', 'Yes\n', 'Yes\n', 'Yes\n', 'No\n', 'No\n', 'Yes\n', 'No\n', 'Yes\n', 'Yes\n', 'No\n', 'Yes\n', 'Yes\n', 'Yes\n', 'Yes\n', 'No\n', 'No\n', 'No\n', 'No\n', 'Yes\n', 'Yes\n', 'No\n', 'Yes\n', 'No\n', 'No\n', 'No\n', 'No\n', 'Yes\n', 'Yes\n', 'No\n', 'Yes\n', 'Yes\n', 'Yes\n', 'Yes\n', 'No\n', 'No\n', 'No\n', 'Yes\n', 'No\n', 'Yes\n', 'No\n', 'No\n', 'No\n', 'Yes\n', 'No\n', 'Yes\n']}",1,42.73,1,41.46,1.0,38.8,1.0,35.73,"n = int(eval(input()))
task = []
for _ in range(n):
    a, b = list(map(int, input().split()))
    task.append((b, -a))
task.sort()
time = 0
flag = True
for i in task:
    time -= i[1]
    if time > i[0]:
        flag = False
        break
if flag:
    print('Yes')
else:
    print('No')","var1 = int(eval(input()))
var2 = []
for var3 in range(var1):
    var4, var5 = list(map(int, input().split()))
    var2.append((var5, -var4))
var2.sort()
var6 = 0
var7 = True
for var8 in var2:
    var6 -= var8[1]
    if var6 > var8[0]:
        var7 = False
        break
if var7:
    print('Yes')
else:
    print('No')","import sys
from collections import defaultdict
from operator import itemgetter
input = sys.stdin.readline
N = int(eval(input()))
d = defaultdict(int)
for _ in range(N):
    a, b = list(map(int, input().split()))
    d[b] += a
task = list(d.items())
task.sort()
now = 0
ans = 'Yes'
for limit, time in task:
    now += time
    if now > limit:
        ans = 'No'
        break
print(ans)","'n', 0, 'computedFrom', ['int', 'eval', 'input'], [2, 4, 6]
'int', 2, 'comesFrom', [], []
'eval', 4, 'comesFrom', [], []
'input', 6, 'comesFrom', [], []
'task', 11, 'computedFrom', [], []
'_', 16, 'computedFrom', ['range', 'n'], [18, 20]
'range', 18, 'comesFrom', ['range'], [18]
'n', 20, 'comesFrom', ['n'], [0]
'a', 23, 'computedFrom', ['list'], [27]
'b', 25, 'computedFrom', ['map', 'split', 'int', 'input'], [29, 31, 33, 37]
'list', 27, 'comesFrom', ['list'], [27]
'map', 29, 'comesFrom', ['map'], [29]
'int', 31, 'comesFrom', ['int'], [2]
'input', 33, 'comesFrom', ['input'], [6]
'split', 37, 'comesFrom', ['split'], [37]
'task', 42, 'comesFrom', ['task'], [11]
'append', 44, 'comesFrom', ['append'], [44]
'b', 47, 'comesFrom', ['b'], [25]
'a', 50, 'comesFrom', ['a'], [23]
'task', 53, 'comesFrom', ['task'], [11]
'time', 58, 'computedFrom', ['0'], [60]
'0', 60, 'comesFrom', [], []
'flag', 61, 'computedFrom', ['True'], [63]
'True', 63, 'comesFrom', [], []
'i', 65, 'computedFrom', ['task'], [67]
'task', 67, 'comesFrom', ['task'], [11]
'time', 69, 'computedFrom', ['i', '1'], [71, 73]
'i', 71, 'comesFrom', ['i'], [65]
'1', 73, 'comesFrom', [], []
'time', 76, 'comesFrom', ['time'], [69]
'i', 78, 'comesFrom', ['i'], [65]
'flag', 83, 'computedFrom', ['False'], [85]
'False', 85, 'comesFrom', [], []
'flag', 88, 'comesFrom', ['flag'], [61, 83]","'var1', 0, 'computedFrom', ['int', 'eval', 'input'], [2, 4, 6]
'int', 2, 'comesFrom', [], []
'eval', 4, 'comesFrom', [], []
'input', 6, 'comesFrom', [], []
'var2', 11, 'computedFrom', [], []
'var3', 16, 'computedFrom', ['range', 'var1'], [18, 20]
'range', 18, 'comesFrom', ['range'], [18]
'var1', 20, 'comesFrom', ['var1'], [0]
'var4', 23, 'computedFrom', ['list'], [27]
'var5', 25, 'computedFrom', ['map', 'split', 'int', 'input'], [29, 31, 33, 37]
'list', 27, 'comesFrom', ['list'], [27]
'map', 29, 'comesFrom', ['map'], [29]
'int', 31, 'comesFrom', ['int'], [2]
'input', 33, 'comesFrom', ['input'], [6]
'split', 37, 'comesFrom', ['split'], [37]
'var2', 42, 'comesFrom', ['var2'], [11]
'append', 44, 'comesFrom', ['append'], [44]
'var5', 47, 'comesFrom', ['var5'], [25]
'var4', 50, 'comesFrom', ['var4'], [23]
'var2', 53, 'comesFrom', ['var2'], [11]
'var6', 58, 'computedFrom', ['0'], [60]
'0', 60, 'comesFrom', [], []
'var7', 61, 'computedFrom', ['True'], [63]
'True', 63, 'comesFrom', [], []
'var8', 65, 'computedFrom', ['var2'], [67]
'var2', 67, 'comesFrom', ['var2'], [11]
'var6', 69, 'computedFrom', ['var8', '1'], [71, 73]
'var8', 71, 'comesFrom', ['var8'], [65]
'1', 73, 'comesFrom', [], []
'var6', 76, 'comesFrom', ['var6'], [69]
'var8', 78, 'comesFrom', ['var8'], [65]
'var7', 83, 'computedFrom', ['False'], [85]
'False', 85, 'comesFrom', [], []
'var7', 88, 'comesFrom', ['var7'], [61, 83]",134612,"var1, var2 = list(map(int, input().split()))
var3 = [[(False) for var4 in range(var2)] for var4 in range(var1)]
var5 = list(map(int, input().split()))
var6 = list(map(int, input().split()))
for var7 in range(var1):
    if var5[var7] == 0:
        var3[var7] = [True] + var3[var7][1:]
    else:
        for var8 in range(var5[var7]):
            var3[var7][var8] = True
        if var8 + 1 < var2:
            var3[var7][var8 + 1] = True
for var7 in range(var2):
    if var6[var7] == 0:
        var3[0][var7] = True
    else:
        for var8 in range(var6[var7]):
            var3[var8][var7] = True
        if var8 + 1 < var1:
            var3[var8 + 1][var7] = True
var9 = 0
for var7 in var3:
    var9 += var7.count(False)
var10 = 10 ** 9 + 7
var11 = var6[0]
var12 = var5[:var11]
var13 = var5[0]
var14 = var6[:var13]
for var7 in range(var1):
    for var8 in range(var2):
        if var5[var7] - var8 == 0 and -var6[var8] + var7 < 0:
            print(0)
            return
        if var6[var8] - var7 == 0 and -var5[var7] + var8 < 0:
            print(0)
            return
if 0 in var12:
    print(0)
elif 0 in var14:
    print(0)
else:
    print(pow(2, var9, var10))","'var1', 0, 'computedFrom', ['list'], [4]
'var2', 2, 'computedFrom', ['map', 'int', 'input', 'split'], [6, 8, 10, 14]
'list', 4, 'comesFrom', [], []
'map', 6, 'comesFrom', [], []
'int', 8, 'comesFrom', [], []
'input', 10, 'comesFrom', [], []
'split', 14, 'comesFrom', [], []
'var3', 19, 'computedFrom', ['False', 'var4', 'range', 'var2', 'var4', 'range', 'var1'], [24, 27, 29, 31, 35, 37, 39]
'False', 24, 'comesFrom', [], []
'var4', 27, 'computedFrom', ['range', 'var2'], [29, 31]
'range', 29, 'comesFrom', ['range'], [37]
'var2', 31, 'comesFrom', ['var2'], [2]
'var4', 35, 'computedFrom', ['range', 'var1'], [37, 39]
'range', 37, 'comesFrom', [], []
'var1', 39, 'comesFrom', ['var1'], [0]
'var5', 42, 'computedFrom', ['list', 'map', 'int', 'input', 'split'], [44, 46, 48, 50, 54]
'list', 44, 'comesFrom', ['list'], [4]
'map', 46, 'comesFrom', ['map'], [6]
'int', 48, 'comesFrom', ['int'], [8]
'input', 50, 'comesFrom', ['input'], [10]
'split', 54, 'comesFrom', ['split'], [14]
'var6', 59, 'computedFrom', ['list', 'map', 'int', 'input', 'split'], [61, 63, 65, 67, 71]
'list', 61, 'comesFrom', ['list'], [4]
'map', 63, 'comesFrom', ['map'], [6]
'int', 65, 'comesFrom', ['int'], [8]
'input', 67, 'comesFrom', ['input'], [10]
'split', 71, 'comesFrom', ['split'], [14]
'var7', 77, 'computedFrom', ['var1', 'range'], [79, 81]
'range', 79, 'comesFrom', ['range'], [37]
'var1', 81, 'comesFrom', ['var1'], [0]
'var5', 85, 'comesFrom', ['var5'], [42]
'var7', 87, 'comesFrom', ['var7'], [77]
'var3', 92, 'computedFrom', ['var7', 'True', '1', 'var3'], [98, 101, 103, 106]
'var7', 94, 'computedFrom', ['var7', 'True', '1', 'var3'], [98, 101, 103, 106]
'True', 98, 'comesFrom', [], []
'var3', 101, 'comesFrom', ['var3'], [19, 92, 122, 138]
'var7', 103, 'comesFrom', ['var7'], [77]
'1', 106, 'comesFrom', ['1'], [145]
'var8', 112, 'computedFrom', ['var7', 'range', 'var5'], [114, 116, 118]
'range', 114, 'comesFrom', ['range'], [37]
'var5', 116, 'comesFrom', ['var5'], [42]
'var7', 118, 'comesFrom', ['var7'], [77, 124]
'var3', 122, 'computedFrom', ['True'], [130]
'var7', 124, 'computedFrom', ['True'], [130]
'var8', 127, 'computedFrom', ['True'], [130]
'True', 130, 'comesFrom', [], []
'var8', 132, 'comesFrom', ['var8'], [127]
'1', 134, 'comesFrom', ['1'], [145]
'var2', 136, 'comesFrom', ['var2'], [2]
'var3', 138, 'computedFrom', ['True'], [148]
'var7', 140, 'computedFrom', ['True'], [148]
'var8', 143, 'computedFrom', ['True'], [148]
'1', 145, 'computedFrom', ['True'], [148]
'True', 148, 'comesFrom', [], []
'var7', 150, 'computedFrom', ['var2', 'range'], [152, 154]
'range', 152, 'comesFrom', ['range'], [37]
'var2', 154, 'comesFrom', ['var2'], [2]
'var6', 158, 'comesFrom', ['var6'], [59]
'var7', 160, 'comesFrom', ['var7'], [150]
'0', 163, 'comesFrom', ['0'], [167]
'var3', 165, 'computedFrom', ['True'], [173]
'0', 167, 'computedFrom', ['True'], [173]
'var7', 170, 'computedFrom', ['True'], [173]
'True', 173, 'comesFrom', [], []
'var8', 177, 'computedFrom', ['var7', 'range', 'var6'], [179, 181, 183]
'range', 179, 'comesFrom', ['range'], [37]
'var6', 181, 'comesFrom', ['var6'], [59]
'var7', 183, 'comesFrom', ['var7'], [150, 192]
'var3', 187, 'computedFrom', ['True'], [195]
'var8', 189, 'computedFrom', ['True'], [195]
'var7', 192, 'computedFrom', ['True'], [195]
'True', 195, 'comesFrom', [], []
'var8', 197, 'comesFrom', ['var8'], [189]
'1', 199, 'comesFrom', ['1'], [145, 207]
'var1', 201, 'comesFrom', ['var1'], [0]
'var3', 203, 'computedFrom', ['True'], [213]
'var8', 205, 'computedFrom', ['True'], [213]
'1', 207, 'computedFrom', ['True'], [213]
'var7', 210, 'computedFrom', ['True'], [213]
'True', 213, 'comesFrom', [], []
'var9', 214, 'computedFrom', ['0'], [216]
'0', 216, 'comesFrom', ['0'], [167]
'var7', 218, 'computedFrom', ['var3'], [220]
'var3', 220, 'comesFrom', ['var3'], [165, 187, 203]
'var9', 222, 'computedFrom', ['var7', 'False', 'count'], [224, 226, 228]
'var7', 224, 'comesFrom', ['var7'], [218]
'count', 226, 'comesFrom', ['count'], [226]
'False', 228, 'comesFrom', [], []
'var10', 230, 'computedFrom', ['10', '9', '7'], [232, 234, 236]
'10', 232, 'comesFrom', [], []
'9', 234, 'comesFrom', [], []
'7', 236, 'comesFrom', [], []
'var11', 237, 'computedFrom', ['var6', '0'], [239, 241]
'var6', 239, 'comesFrom', ['var6'], [59]
'0', 241, 'comesFrom', ['0'], [167]
'var12', 243, 'computedFrom', ['var5', 'var11'], [245, 248]
'var5', 245, 'comesFrom', ['var5'], [42]
'var11', 248, 'comesFrom', ['var11'], [237]
'var13', 250, 'computedFrom', ['var5', '0'], [252, 254]
'var5', 252, 'comesFrom', ['var5'], [42]
'0', 254, 'comesFrom', ['0'], [167]
'var14', 256, 'computedFrom', ['var6', 'var13'], [258, 261]
'var6', 258, 'comesFrom', ['var6'], [59]
'var13', 261, 'comesFrom', ['var13'], [250]
'var7', 264, 'computedFrom', ['var1', 'range'], [266, 268]
'range', 266, 'comesFrom', ['range'], [37]
'var1', 268, 'comesFrom', ['var1'], [0]
'var8', 272, 'computedFrom', ['var2', 'range'], [274, 276]
'range', 274, 'comesFrom', ['range'], [37]
'var2', 276, 'comesFrom', ['var2'], [2]
'var5', 280, 'comesFrom', ['var5'], [42]
'var7', 282, 'comesFrom', ['var7'], [264]
'var8', 285, 'comesFrom', ['var8'], [272]
'0', 287, 'comesFrom', ['0'], [167]
'var6', 290, 'comesFrom', ['var6'], [59]
'var8', 292, 'comesFrom', ['var8'], [272]
'var7', 295, 'comesFrom', ['var7'], [264]
'0', 297, 'comesFrom', ['0'], [167]
'print', 299, 'comesFrom', ['print'], [299]
'0', 301, 'comesFrom', ['0'], [167]
'var6', 305, 'comesFrom', ['var6'], [59]
'var8', 307, 'comesFrom', ['var8'], [272]
'var7', 310, 'comesFrom', ['var7'], [264]
'0', 312, 'comesFrom', ['0'], [167]
'var5', 315, 'comesFrom', ['var5'], [42]
'var7', 317, 'comesFrom', ['var7'], [264]
'var8', 320, 'comesFrom', ['var8'], [272]
'0', 322, 'comesFrom', ['0'], [167]
'print', 324, 'comesFrom', ['print'], [299]
'0', 326, 'comesFrom', ['0'], [167]
'0', 330, 'comesFrom', ['0'], [167]
'var12', 332, 'comesFrom', ['var12'], [243]
'print', 334, 'comesFrom', ['print'], [299]
'0', 336, 'comesFrom', ['0'], [167]
'0', 339, 'comesFrom', ['0'], [167]
'var14', 341, 'comesFrom', ['var14'], [256]
'print', 343, 'comesFrom', ['print'], [299]
'0', 345, 'comesFrom', ['0'], [167]
'print', 349, 'comesFrom', ['print'], [299]
'var9', 355, 'comesFrom', ['var9'], [222]
'var10', 357, 'comesFrom', ['var10'], [230]","{'inputs': ['4 5\n2 5 2 2\n4 4 0 2 2\n', '3 5\n4 3 2\n3 2 2 1 0\n', '9 9\n9 9 9 9 9 9 9 9 9\n9 9 9 9 9 9 9 9 9\n', '2 4\n2 2\n0 0 0 2\n', '3 6\n0 0 0\n0 0 0 0 0 0\n'], 'outputs': ['4\n', '0\n', '1\n', '0\n', '1024\n']}",130413,"var1 = int(input())
var2 = list(map(int, input().split(' ')))
var3 = False
var4 = var2[0]
var5 = 0
var6 = var1
var7 = []
var8 = True
for var9 in range(len(var2)):
    if var2[var9] < var4:
        var5 = var9
        var3 = True
        break
    var4 = var2[var9]
if var3:
    var4 = var2[var5]
    for var9 in range(var5 + 1, var1):
        if var2[var9] > var4:
            var6 = var9
            break
        var4 = var2[var9]
if var3:
    var4 = 0
    for var9 in range(var5 - 1):
        var7.append(var2[var9])
    for var9 in range(var6 - 1, var5 - 2, -1):
        var7.append(var2[var9])
    for var9 in range(var6, var1):
        var7.append(var2[var9])
    for var9 in range(var1):
        if var7[var9] < var4:
            var8 = False
            break
        var4 = var7[var9]
    if var8:
        print(var5, var6)
    else:
        print('0 0')
else:
    print('0 0')","'var1', 0, 'computedFrom', ['int', 'input'], [2, 4]
'int', 2, 'comesFrom', [], []
'input', 4, 'comesFrom', [], []
'var2', 8, 'computedFrom', ['list', 'map', 'int', 'input', 'split', ""' '""], [10, 12, 14, 16, 20, 22]
'list', 10, 'comesFrom', [], []
'map', 12, 'comesFrom', [], []
'int', 14, 'comesFrom', ['int'], [2]
'input', 16, 'comesFrom', ['input'], [4]
'split', 20, 'comesFrom', [], []
""' '"", 22, 'comesFrom', [], []
'var3', 26, 'computedFrom', ['False'], [28]
'False', 28, 'comesFrom', [], []
'var4', 29, 'computedFrom', ['var2', '0'], [31, 33]
'var2', 31, 'comesFrom', ['var2'], [8]
'0', 33, 'comesFrom', [], []
'var5', 35, 'computedFrom', ['0'], [37]
'0', 37, 'comesFrom', [], []
'var6', 38, 'computedFrom', ['var1'], [40]
'var1', 40, 'comesFrom', ['var1'], [0]
'var7', 41, 'computedFrom', [], []
'var8', 45, 'computedFrom', ['True'], [47]
'True', 47, 'comesFrom', [], []
'var9', 49, 'computedFrom', ['len', 'var2', 'range'], [51, 53, 55]
'range', 51, 'comesFrom', ['range'], [51]
'len', 53, 'comesFrom', ['len'], [53]
'var2', 55, 'comesFrom', ['var2'], [8]
'var2', 60, 'comesFrom', ['var2'], [8]
'var9', 62, 'comesFrom', ['var9'], [49]
'var4', 65, 'comesFrom', ['var4'], [29, 74]
'var5', 67, 'computedFrom', ['var9'], [69]
'var9', 69, 'comesFrom', ['var9'], [49]
'var3', 70, 'computedFrom', ['True'], [72]
'True', 72, 'comesFrom', [], []
'var4', 74, 'computedFrom', ['var9', 'var2'], [76, 78]
'var2', 76, 'comesFrom', ['var2'], [8]
'var9', 78, 'comesFrom', ['var9'], [49]
'var3', 81, 'comesFrom', ['var3'], [26, 70]
'var4', 83, 'computedFrom', ['var2', 'var5'], [85, 87]
'var2', 85, 'comesFrom', ['var2'], [8]
'var5', 87, 'comesFrom', ['var5'], [35, 67]
'var9', 90, 'computedFrom', ['1', 'var1', 'range', 'var5'], [92, 94, 96, 98]
'range', 92, 'comesFrom', ['range'], [51]
'var5', 94, 'comesFrom', ['var5'], [35, 67]
'1', 96, 'comesFrom', [], []
'var1', 98, 'comesFrom', ['var1'], [0]
'var2', 102, 'comesFrom', ['var2'], [8]
'var9', 104, 'comesFrom', ['var9'], [90]
'var4', 107, 'comesFrom', ['var4'], [83, 113]
'var6', 109, 'computedFrom', ['var9'], [111]
'var9', 111, 'comesFrom', ['var9'], [90]
'var4', 113, 'computedFrom', ['var9', 'var2'], [115, 117]
'var2', 115, 'comesFrom', ['var2'], [8]
'var9', 117, 'comesFrom', ['var9'], [90]
'var3', 120, 'comesFrom', ['var3'], [26, 70]
'var4', 122, 'computedFrom', ['0'], [124]
'0', 124, 'comesFrom', [], []
'var9', 126, 'computedFrom', ['1', 'range', 'var5'], [128, 130, 132]
'range', 128, 'comesFrom', ['range'], [51]
'var5', 130, 'comesFrom', ['var5'], [35, 67]
'1', 132, 'comesFrom', [], []
'var7', 135, 'comesFrom', ['var7'], [41]
'append', 137, 'comesFrom', ['append'], [137]
'var2', 139, 'comesFrom', ['var2'], [8]
'var9', 141, 'comesFrom', ['var9'], [126]
'var9', 145, 'computedFrom', ['var5', 'var6', 'range', '1', '2'], [147, 149, 151, 153, 155, 158]
'range', 147, 'comesFrom', ['range'], [51]
'var6', 149, 'comesFrom', ['var6'], [38, 109]
'1', 151, 'comesFrom', [], []
'var5', 153, 'comesFrom', ['var5'], [35, 67]
'2', 155, 'comesFrom', [], []
'1', 158, 'comesFrom', [], []
'var7', 161, 'comesFrom', ['var7'], [41]
'append', 163, 'comesFrom', ['append'], [137]
'var2', 165, 'comesFrom', ['var2'], [8]
'var9', 167, 'comesFrom', ['var9'], [145]
'var9', 171, 'computedFrom', ['var1', 'range', 'var6'], [173, 175, 177]
'range', 173, 'comesFrom', ['range'], [51]
'var6', 175, 'comesFrom', ['var6'], [38, 109]
'var1', 177, 'comesFrom', ['var1'], [0]
'var7', 180, 'comesFrom', ['var7'], [41]
'append', 182, 'comesFrom', ['append'], [137]
'var2', 184, 'comesFrom', ['var2'], [8]
'var9', 186, 'comesFrom', ['var9'], [171]
'var9', 190, 'computedFrom', ['var1', 'range'], [192, 194]
'range', 192, 'comesFrom', ['range'], [51]
'var1', 194, 'comesFrom', ['var1'], [0]
'var7', 198, 'comesFrom', ['var7'], [41]
'var9', 200, 'comesFrom', ['var9'], [190]
'var4', 203, 'comesFrom', ['var4'], [122, 209]
'var8', 205, 'computedFrom', ['False'], [207]
'False', 207, 'comesFrom', [], []
'var4', 209, 'computedFrom', ['var7', 'var9'], [211, 213]
'var7', 211, 'comesFrom', ['var7'], [41]
'var9', 213, 'comesFrom', ['var9'], [190]
'var8', 216, 'comesFrom', ['var8'], [45, 205]
'var5', 220, 'comesFrom', ['var5'], [35, 67]
'var6', 222, 'comesFrom', ['var6'], [38, 109]","{'inputs': ['114\n26 20 11 61 28 89 49 42 103 74 99 71 19 67 111 85 92 13 31 18 47 91 23 95 40 29 79 2 109 70 33 82 90 5 21 77 45 41 15 86 35 46 58 87 83 62 43 9 66 3 106 14 73 107 17 22 110 104 4 100 32 52 54 55 112 96 97 44 98 75 94 80 72 69 59 57 60 108 65 30 64 78 16 10 53 84 27 6 76 7 93 114 37 105 8 113 68 1 102 24 63 39 34 51 101 25 12 48 81 36 88 56 38 50\n', '4\n1 2 4 3\n', '2\n1 2\n', '4\n1 4 3 2\n', '35\n7 33 34 15 16 24 5 27 1 19 17 22 29 3 4 23 31 11 21 35 32 2 12 20 8 9 6 28 18 26 30 14 13 10 25\n'], 'outputs': ['0 0\n', '3 4\n', '0 0\n', '2 4\n', '0 0\n']}",145397,"var1, var2 = map(int, input().split())
var3 = []
var4 = [] * var2
for var5 in range(var1):
    var3.append(list(map(int, input().split())))
    if var5 == 0:
        for var6 in range(var2):
            var4.append([var3[var5][var6]])
    else:
        for var6 in range(var2):
            var4[var6].append(var3[var5][var6])
var7 = []
var8 = [] * var2
for var5 in range(var1):
    var7.append(list(map(int, input().split())))
    if var5 == 0:
        for var6 in range(var2):
            var8.append([var7[var5][var6]])
    else:
        for var6 in range(var2):
            var8[var6].append(var7[var5][var6])
var9 = True
for var5 in range(var1):
    if sum(var3[var5]) % 2 != sum(var7[var5]) % 2:
        var9 = False
for var5 in range(var2):
    if sum(var4[var5]) % 2 != sum(var8[var5]) % 2:
        var9 = False
var10 = 0
var11 = 0
for var5 in range(var1):
    var10 += sum(var3[var5])
    var11 += sum(var7[var5])
if var10 % 2 != var11 % 2:
    var9 = False
if var9 == True:
    print('Yes')
else:
    print('No')","'var1', 0, 'computedFrom', ['map'], [4]
'var2', 2, 'computedFrom', ['int', 'input', 'split'], [6, 8, 12]
'map', 4, 'comesFrom', [], []
'int', 6, 'comesFrom', [], []
'input', 8, 'comesFrom', [], []
'split', 12, 'comesFrom', [], []
'var3', 16, 'computedFrom', [], []
'var4', 20, 'computedFrom', ['var2'], [25]
'var2', 25, 'comesFrom', ['var2'], [2]
'var5', 27, 'computedFrom', ['var1', 'range'], [29, 31]
'range', 29, 'comesFrom', ['range'], [29]
'var1', 31, 'comesFrom', ['var1'], [0]
'var3', 34, 'comesFrom', ['var3'], [16]
'append', 36, 'comesFrom', ['append'], [36]
'list', 38, 'comesFrom', ['list'], [38]
'map', 40, 'comesFrom', ['map'], [4]
'int', 42, 'comesFrom', ['int'], [6]
'input', 44, 'comesFrom', ['input'], [8]
'split', 48, 'comesFrom', ['split'], [12]
'var5', 55, 'comesFrom', ['var5'], [27]
'var6', 60, 'computedFrom', ['var2', 'range'], [62, 64]
'range', 62, 'comesFrom', ['range'], [29]
'var2', 64, 'comesFrom', ['var2'], [2]
'var4', 67, 'comesFrom', ['var4'], [20]
'append', 69, 'comesFrom', ['append'], [36]
'var3', 72, 'comesFrom', ['var3'], [16]
'var5', 74, 'comesFrom', ['var5'], [27]
'var6', 77, 'comesFrom', ['var6'], [60]
'var6', 84, 'computedFrom', ['var2', 'range'], [86, 88]
'range', 86, 'comesFrom', ['range'], [29]
'var2', 88, 'comesFrom', ['var2'], [2]
'var4', 91, 'comesFrom', ['var4'], [20]
'var6', 93, 'comesFrom', ['var6'], [84]
'append', 96, 'comesFrom', ['append'], [36]
'var3', 98, 'comesFrom', ['var3'], [16]
'var5', 100, 'comesFrom', ['var5'], [27]
'var6', 103, 'comesFrom', ['var6'], [84]
'var7', 106, 'computedFrom', [], []
'var8', 110, 'computedFrom', ['var2'], [115]
'var2', 115, 'comesFrom', ['var2'], [2]
'var5', 117, 'computedFrom', ['var1', 'range'], [119, 121]
'range', 119, 'comesFrom', ['range'], [29]
'var1', 121, 'comesFrom', ['var1'], [0]
'var7', 124, 'comesFrom', ['var7'], [106]
'append', 126, 'comesFrom', ['append'], [36]
'list', 128, 'comesFrom', ['list'], [38]
'map', 130, 'comesFrom', ['map'], [4]
'int', 132, 'comesFrom', ['int'], [6]
'input', 134, 'comesFrom', ['input'], [8]
'split', 138, 'comesFrom', ['split'], [12]
'var5', 145, 'comesFrom', ['var5'], [117]
'var6', 150, 'computedFrom', ['var2', 'range'], [152, 154]
'range', 152, 'comesFrom', ['range'], [29]
'var2', 154, 'comesFrom', ['var2'], [2]
'var8', 157, 'comesFrom', ['var8'], [110]
'append', 159, 'comesFrom', ['append'], [36]
'var7', 162, 'comesFrom', ['var7'], [106]
'var5', 164, 'comesFrom', ['var5'], [117]
'var6', 167, 'comesFrom', ['var6'], [150]
'var6', 174, 'computedFrom', ['var2', 'range'], [176, 178]
'range', 176, 'comesFrom', ['range'], [29]
'var2', 178, 'comesFrom', ['var2'], [2]
'var8', 181, 'comesFrom', ['var8'], [110]
'var6', 183, 'comesFrom', ['var6'], [174]
'append', 186, 'comesFrom', ['append'], [36]
'var7', 188, 'comesFrom', ['var7'], [106]
'var5', 190, 'comesFrom', ['var5'], [117]
'var6', 193, 'comesFrom', ['var6'], [174]
'var9', 196, 'computedFrom', ['True'], [198]
'True', 198, 'comesFrom', [], []
'var5', 200, 'computedFrom', ['var1', 'range'], [202, 204]
'range', 202, 'comesFrom', ['range'], [29]
'var1', 204, 'comesFrom', ['var1'], [0]
'sum', 208, 'comesFrom', ['sum'], [208]
'var3', 210, 'comesFrom', ['var3'], [16]
'var5', 212, 'comesFrom', ['var5'], [200]
'sum', 218, 'comesFrom', ['sum'], [208]
'var7', 220, 'comesFrom', ['var7'], [106]
'var5', 222, 'comesFrom', ['var5'], [200]
'var9', 228, 'computedFrom', ['False'], [230]
'False', 230, 'comesFrom', [], []
'var5', 232, 'computedFrom', ['var2', 'range'], [234, 236]
'range', 234, 'comesFrom', ['range'], [29]
'var2', 236, 'comesFrom', ['var2'], [2]
'sum', 240, 'comesFrom', ['sum'], [208]
'var4', 242, 'comesFrom', ['var4'], [20]
'var5', 244, 'comesFrom', ['var5'], [232]
'sum', 250, 'comesFrom', ['sum'], [208]
'var8', 252, 'comesFrom', ['var8'], [110]
'var5', 254, 'comesFrom', ['var5'], [232]
'var9', 260, 'computedFrom', ['False'], [262]
'False', 262, 'comesFrom', [], []
'var10', 263, 'computedFrom', ['0'], [265]
'0', 265, 'comesFrom', [], []
'var11', 266, 'computedFrom', ['0'], [268]
'0', 268, 'comesFrom', [], []
'var5', 270, 'computedFrom', ['var1', 'range'], [272, 274]
'range', 272, 'comesFrom', ['range'], [29]
'var1', 274, 'comesFrom', ['var1'], [0]
'var10', 277, 'computedFrom', ['var3', 'var5', 'sum'], [279, 281, 283]
'sum', 279, 'comesFrom', ['sum'], [208]
'var3', 281, 'comesFrom', ['var3'], [16]
'var5', 283, 'comesFrom', ['var5'], [270]
'var11', 286, 'computedFrom', ['var7', 'var5', 'sum'], [288, 290, 292]
'sum', 288, 'comesFrom', ['sum'], [208]
'var7', 290, 'comesFrom', ['var7'], [106]
'var5', 292, 'comesFrom', ['var5'], [270]
'var10', 296, 'comesFrom', ['var10'], [277]
'var11', 300, 'comesFrom', ['var11'], [286]
'var9', 304, 'computedFrom', ['False'], [306]
'False', 306, 'comesFrom', [], []
'var9', 308, 'comesFrom', ['var9'], [196, 228, 260, 304]","{'inputs': ['2 6\n0 0 0 0 0 0\n0 0 0 0 0 0\n0 0 1 0 1 0\n0 0 0 1 0 1\n', '3 3\n0 0 0\n0 0 0\n0 0 0\n0 0 0\n0 1 0\n0 0 0\n', '3 1\n0\n1\n0\n0\n1\n0\n', '3 2\n0 0\n0 0\n0 0\n1 1\n1 1\n1 1\n', '6 7\n0 0 1 1 0 0 1\n0 1 0 0 1 0 1\n0 0 0 1 0 0 1\n1 0 1 0 1 0 0\n0 1 0 0 1 0 1\n0 1 0 1 0 0 1\n1 1 0 1 0 1 1\n0 1 1 0 1 0 0\n1 1 0 1 0 0 1\n1 0 1 0 0 1 0\n0 1 1 0 1 0 0\n0 1 1 1 1 0 1\n'], 'outputs': ['No\n', 'No\n', 'Yes\n', 'No\n', 'Yes\n']}",149251,"var1 = int(input())
var2 = {}
var3 = {}
var4 = []
for var5 in range(1, var1 + 1):
    var2[var5] = []
for var5 in range(var1 - 1):
    var6, var7 = map(int, input().split())
    var2[var6].append(var7)
    var2[var7].append(var6)
    var4.append((var6, var7))
var8 = list(map(int, input().split()))


def function1(var9, var3=0, var10=0):
    if not var3:
        var3 = var8[var9 - 1]
    elif var8[var9 - 1] != var3:
        return False
    for var11 in var2[var9]:
        if var11 != var10 and not function1(var11, var3, var9):
            return False
    return True


def function2(var5):
    for var12 in var2[var5]:
        if var12 != var5 and not function1(var12, parent=var5):
            return False
    return True


var13 = -1
var14 = False
for var15 in var4:
    if var8[var15[0] - 1] != var8[var15[1] - 1]:
        var14 = True
        if function2(var15[0]):
            var13 = var15[0]
        elif function2(var15[1]):
            var13 = var15[1]
        break
if not var14:
    var13 = 1
if var13 != -1:
    print('YES')
    print(var13)
else:
    print('NO')","'var1', 0, 'computedFrom', ['int', 'input'], [2, 4]
'int', 2, 'comesFrom', [], []
'input', 4, 'comesFrom', [], []
'var4', 16, 'computedFrom', [], []
'var5', 21, 'computedFrom', ['1', 'var1', 'range'], [23, 25, 27, 29]
'range', 23, 'comesFrom', ['range'], [23]
'1', 25, 'comesFrom', [], []
'var1', 27, 'comesFrom', ['var1'], [0]
'1', 29, 'comesFrom', [], []
'var2', 32, 'computedFrom', [], []
'var5', 40, 'computedFrom', ['1', 'var1', 'range'], [42, 44, 46]
'range', 42, 'comesFrom', ['range'], [23]
'var1', 44, 'comesFrom', ['var1'], [0]
'1', 46, 'comesFrom', [], []
'var6', 49, 'computedFrom', ['map'], [53]
'var7', 51, 'computedFrom', ['split', 'int', 'input'], [55, 57, 61]
'map', 53, 'comesFrom', ['map'], [53]
'int', 55, 'comesFrom', ['int'], [2]
'input', 57, 'comesFrom', ['input'], [4]
'split', 61, 'comesFrom', ['split'], [61]
'var2', 65, 'comesFrom', ['var2'], [32]
'var6', 67, 'comesFrom', ['var6'], [49]
'append', 70, 'comesFrom', ['append'], [70]
'var7', 72, 'comesFrom', ['var7'], [51]
'var2', 74, 'comesFrom', ['var2'], [32]
'var7', 76, 'comesFrom', ['var7'], [51]
'append', 79, 'comesFrom', ['append'], [70]
'var6', 81, 'comesFrom', ['var6'], [49]
'var4', 83, 'comesFrom', ['var4'], [16]
'append', 85, 'comesFrom', ['append'], [70]
'var6', 88, 'comesFrom', ['var6'], [49]
'var7', 90, 'comesFrom', ['var7'], [51]
'var8', 93, 'computedFrom', ['list', 'map', 'int', 'input', 'split'], [95, 97, 99, 101, 105]
'list', 95, 'comesFrom', [], []
'map', 97, 'comesFrom', ['map'], [53]
'int', 99, 'comesFrom', ['int'], [2]
'input', 101, 'comesFrom', ['input'], [4]
'split', 105, 'comesFrom', ['split'], [61]
'function1', 111, 'comesFrom', [], []
'var9', 113, 'comesFrom', [], []
'var3', 115, 'comesFrom', ['0'], [117]
'0', 117, 'comesFrom', [], []
'var10', 119, 'comesFrom', ['0'], [121]
'0', 121, 'comesFrom', [], []
'var3', 126, 'comesFrom', ['var3'], [115]
'var3', 128, 'computedFrom', ['var8', 'var9', '1'], [130, 132, 134]
'var8', 130, 'comesFrom', ['var8'], [93]
'var9', 132, 'comesFrom', ['var9'], [113]
'1', 134, 'comesFrom', [], []
'var8', 137, 'comesFrom', ['var8'], [93]
'var9', 139, 'comesFrom', ['var9'], [113]
'var3', 144, 'comesFrom', ['var3'], [115]
'var11', 149, 'computedFrom', ['var9', 'var2'], [151, 153]
'var2', 151, 'comesFrom', ['var2'], [32]
'var9', 153, 'comesFrom', ['var9'], [113]
'var11', 157, 'comesFrom', ['var11'], [149]
'var10', 159, 'comesFrom', ['var10'], [119]
'function1', 162, 'comesFrom', ['function1'], [111]
'var11', 164, 'comesFrom', ['var11'], [149]
'var3', 166, 'comesFrom', ['var3'], [115, 128]
'var9', 168, 'comesFrom', ['var9'], [113]
'function2', 176, 'comesFrom', [], []
'var5', 178, 'comesFrom', ['var5'], [40]
'var12', 182, 'computedFrom', ['var2', 'var5'], [184, 186]
'var2', 184, 'comesFrom', ['var2'], [32]
'var5', 186, 'comesFrom', ['var5'], [40]
'var12', 190, 'comesFrom', ['var12'], [182]
'var5', 192, 'comesFrom', ['var5'], [40]
'function1', 195, 'comesFrom', ['function1'], [111]
'var12', 197, 'comesFrom', ['var12'], [182]
'parent', 199, 'comesFrom', ['parent'], [199]
'var5', 201, 'comesFrom', ['var5'], [40]
'var13', 208, 'computedFrom', ['1'], [211]
'1', 211, 'comesFrom', [], []
'var14', 212, 'computedFrom', ['False'], [214]
'False', 214, 'comesFrom', [], []
'var15', 216, 'computedFrom', ['var4'], [218]
'var4', 218, 'comesFrom', ['var4'], [16]
'var8', 221, 'comesFrom', ['var8'], [93]
'var15', 223, 'comesFrom', ['var15'], [216]
'var8', 231, 'comesFrom', ['var8'], [93]
'var15', 233, 'comesFrom', ['var15'], [216]
'var14', 241, 'computedFrom', ['True'], [243]
'True', 243, 'comesFrom', [], []
'function2', 245, 'comesFrom', ['function2'], [176]
'var15', 247, 'comesFrom', ['var15'], [216]
'var13', 253, 'computedFrom', ['var15', '0'], [255, 257]
'var15', 255, 'comesFrom', ['var15'], [216]
'0', 257, 'comesFrom', [], []
'function2', 260, 'comesFrom', ['function2'], [176]
'var15', 262, 'comesFrom', ['var15'], [216]
'var13', 268, 'computedFrom', ['var15', '1'], [270, 272]
'var15', 270, 'comesFrom', ['var15'], [216]
'1', 272, 'comesFrom', [], []
'var14', 277, 'comesFrom', ['var14'], [212, 241]
'var13', 279, 'computedFrom', ['1'], [281]
'1', 281, 'comesFrom', [], []
'var13', 283, 'comesFrom', ['var13'], [208, 253, 268, 279]
'print', 288, 'comesFrom', [], []
'print', 292, 'comesFrom', ['print'], [288]
'var13', 294, 'comesFrom', ['var13'], [208, 253, 268, 279]","{'inputs': ['4\n1 2\n2 3\n3 4\n1 2 1 1\n', '8\n1 2\n1 3\n3 5\n3 6\n1 4\n4 7\n4 8\n1 3 1 1 1 1 1 2\n', '4\n1 2\n2 4\n4 3\n1 1 3 2\n', '2\n1 2\n1 1\n', '4\n1 2\n1 3\n1 4\n1 2 3 4\n'], 'outputs': ['YES\n2\n', 'NO\n', 'YES\n4\n', 'YES\n1\n', 'YES\n1\n']}","#### Reference Example 1:
### Python Program:
```python
var1, var2 = list(map(int, input().split()))
var3 = [[(False) for var4 in range(var2)] for var4 in range(var1)]
var5 = list(map(int, input().split()))
var6 = list(map(int, input().split()))
for var7 in range(var1):
    if var5[var7] == 0:
        var3[var7] = [True] + var3[var7][1:]
    else:
        for var8 in range(var5[var7]):
            var3[var7][var8] = True
        if var8 + 1 < var2:
            var3[var7][var8 + 1] = True
for var7 in range(var2):
    if var6[var7] == 0:
        var3[0][var7] = True
    else:
        for var8 in range(var6[var7]):
            var3[var8][var7] = True
        if var8 + 1 < var1:
            var3[var8 + 1][var7] = True
var9 = 0
for var7 in var3:
    var9 += var7.count(False)
var10 = 10 ** 9 + 7
var11 = var6[0]
var12 = var5[:var11]
var13 = var5[0]
var14 = var6[:var13]
for var7 in range(var1):
    for var8 in range(var2):
        if var5[var7] - var8 == 0 and -var6[var8] + var7 < 0:
            print(0)
            return
        if var6[var8] - var7 == 0 and -var5[var7] + var8 < 0:
            print(0)
            return
if 0 in var12:
    print(0)
elif 0 in var14:
    print(0)
else:
    print(pow(2, var9, var10))
```

### Input/Output Unit Test Cases:
```Input/Output Unit Test Cases
## Test Case 1:
Input: '4 5
2 5 2 2
4 4 0 2 2'
Output: '4'

## Test Case 2:
Input: '3 5
4 3 2
3 2 2 1 0'
Output: '0'

## Test Case 3:
Input: '9 9
9 9 9 9 9 9 9 9 9
9 9 9 9 9 9 9 9 9'
Output: '1'

## Test Case 4:
Input: '2 4
2 2
0 0 0 2'
Output: '0'

## Test Case 5:
Input: '3 6
0 0 0
0 0 0 0 0 0'
Output: '1024'

```

#### Reference Example 2:
### Python Program:
```python
var1 = int(input())
var2 = list(map(int, input().split(' ')))
var3 = False
var4 = var2[0]
var5 = 0
var6 = var1
var7 = []
var8 = True
for var9 in range(len(var2)):
    if var2[var9] < var4:
        var5 = var9
        var3 = True
        break
    var4 = var2[var9]
if var3:
    var4 = var2[var5]
    for var9 in range(var5 + 1, var1):
        if var2[var9] > var4:
            var6 = var9
            break
        var4 = var2[var9]
if var3:
    var4 = 0
    for var9 in range(var5 - 1):
        var7.append(var2[var9])
    for var9 in range(var6 - 1, var5 - 2, -1):
        var7.append(var2[var9])
    for var9 in range(var6, var1):
        var7.append(var2[var9])
    for var9 in range(var1):
        if var7[var9] < var4:
            var8 = False
            break
        var4 = var7[var9]
    if var8:
        print(var5, var6)
    else:
        print('0 0')
else:
    print('0 0')
```

### Input/Output Unit Test Cases:
```Input/Output Unit Test Cases
## Test Case 1:
Input: '114
26 20 11 61 28 89 49 42 103 74 99 71 19 67 111 85 92 13 31 18 47 91 23 95 40 29 79 2 109 70 33 82 90 5 21 77 45 41 15 86 35 46 58 87 83 62 43 9 66 3 106 14 73 107 17 22 110 104 4 100 32 52 54 55 112 96 97 44 98 75 94 80 72 69 59 57 60 108 65 30 64 78 16 10 53 84 27 6 76 7 93 114 37 105 8 113 68 1 102 24 63 39 34 51 101 25 12 48 81 36 88 56 38 50'
Output: '0 0'

## Test Case 2:
Input: '4
1 2 4 3'
Output: '3 4'

## Test Case 3:
Input: '2
1 2'
Output: '0 0'

## Test Case 4:
Input: '4
1 4 3 2'
Output: '2 4'

## Test Case 5:
Input: '35
7 33 34 15 16 24 5 27 1 19 17 22 29 3 4 23 31 11 21 35 32 2 12 20 8 9 6 28 18 26 30 14 13 10 25'
Output: '0 0'

```

#### Reference Example 3:
### Python Program:
```python
var1, var2 = map(int, input().split())
var3 = []
var4 = [] * var2
for var5 in range(var1):
    var3.append(list(map(int, input().split())))
    if var5 == 0:
        for var6 in range(var2):
            var4.append([var3[var5][var6]])
    else:
        for var6 in range(var2):
            var4[var6].append(var3[var5][var6])
var7 = []
var8 = [] * var2
for var5 in range(var1):
    var7.append(list(map(int, input().split())))
    if var5 == 0:
        for var6 in range(var2):
            var8.append([var7[var5][var6]])
    else:
        for var6 in range(var2):
            var8[var6].append(var7[var5][var6])
var9 = True
for var5 in range(var1):
    if sum(var3[var5]) % 2 != sum(var7[var5]) % 2:
        var9 = False
for var5 in range(var2):
    if sum(var4[var5]) % 2 != sum(var8[var5]) % 2:
        var9 = False
var10 = 0
var11 = 0
for var5 in range(var1):
    var10 += sum(var3[var5])
    var11 += sum(var7[var5])
if var10 % 2 != var11 % 2:
    var9 = False
if var9 == True:
    print('Yes')
else:
    print('No')
```

### Input/Output Unit Test Cases:
```Input/Output Unit Test Cases
## Test Case 1:
Input: '2 6
0 0 0 0 0 0
0 0 0 0 0 0
0 0 1 0 1 0
0 0 0 1 0 1'
Output: 'No'

## Test Case 2:
Input: '3 3
0 0 0
0 0 0
0 0 0
0 0 0
0 1 0
0 0 0'
Output: 'No'

## Test Case 3:
Input: '3 1
0
1
0
0
1
0'
Output: 'Yes'

## Test Case 4:
Input: '3 2
0 0
0 0
0 0
1 1
1 1
1 1'
Output: 'No'

## Test Case 5:
Input: '6 7
0 0 1 1 0 0 1
0 1 0 0 1 0 1
0 0 0 1 0 0 1
1 0 1 0 1 0 0
0 1 0 0 1 0 1
0 1 0 1 0 0 1
1 1 0 1 0 1 1
0 1 1 0 1 0 0
1 1 0 1 0 0 1
1 0 1 0 0 1 0
0 1 1 0 1 0 0
0 1 1 1 1 0 1'
Output: 'Yes'

```

#### Reference Example 4:
### Python Program:
```python
var1 = int(input())
var2 = {}
var3 = {}
var4 = []
for var5 in range(1, var1 + 1):
    var2[var5] = []
for var5 in range(var1 - 1):
    var6, var7 = map(int, input().split())
    var2[var6].append(var7)
    var2[var7].append(var6)
    var4.append((var6, var7))
var8 = list(map(int, input().split()))


def function1(var9, var3=0, var10=0):
    if not var3:
        var3 = var8[var9 - 1]
    elif var8[var9 - 1] != var3:
        return False
    for var11 in var2[var9]:
        if var11 != var10 and not function1(var11, var3, var9):
            return False
    return True


def function2(var5):
    for var12 in var2[var5]:
        if var12 != var5 and not function1(var12, parent=var5):
            return False
    return True


var13 = -1
var14 = False
for var15 in var4:
    if var8[var15[0] - 1] != var8[var15[1] - 1]:
        var14 = True
        if function2(var15[0]):
            var13 = var15[0]
        elif function2(var15[1]):
            var13 = var15[1]
        break
if not var14:
    var13 = 1
if var13 != -1:
    print('YES')
    print(var13)
else:
    print('NO')
```

### Input/Output Unit Test Cases:
```Input/Output Unit Test Cases
## Test Case 1:
Input: '4
1 2
2 3
3 4
1 2 1 1'
Output: 'YES
2'

## Test Case 2:
Input: '8
1 2
1 3
3 5
3 6
1 4
4 7
4 8
1 3 1 1 1 1 1 2'
Output: 'NO'

## Test Case 3:
Input: '4
1 2
2 4
4 3
1 1 3 2'
Output: 'YES
4'

## Test Case 4:
Input: '2
1 2
1 1'
Output: 'YES
1'

## Test Case 5:
Input: '4
1 2
1 3
1 4
1 2 3 4'
Output: 'YES
1'

```

"
u883040023,p02767,python,s988075401,s958750940,151,21,12504,3060,Accepted,Accepted,86.09,"import numpy as np



n = int(eval(input()))

x = list(map(int,input().split()))

x2 = np.power(x,2)



p1 = sum(x)//n

p2 = -(-sum(x)//n)



w1 = n*(p1**2) -2*sum(x)*p1 +sum(x2)

w2 = n*(p2**2) -2*sum(x)*p2 +sum(x2)



print((min(w1,w2)))","n = int(eval(input()))

X = sorted(map(int,input().split()))

ans = 10**6



for i in range(X[0],X[-1]+1):

    HP = 0

    

    for j in X:

        HP += (j - i) ** 2

        

    ans = min(ans,HP)

    

print(ans)",13,13,231,214,"import numpy as np

n = int(eval(input()))
x = list(map(int, input().split()))
x2 = np.power(x, 2)
p1 = sum(x) // n
p2 = -(-sum(x) // n)
w1 = n * (p1**2) - 2 * sum(x) * p1 + sum(x2)
w2 = n * (p2**2) - 2 * sum(x) * p2 + sum(x2)
print((min(w1, w2)))
","n = int(eval(input()))
X = sorted(map(int, input().split()))
ans = 10**6
for i in range(X[0], X[-1] + 1):
    HP = 0
    for j in X:
        HP += (j - i) ** 2
    ans = min(ans, HP)
print(ans)
",False,0.0,"['-import numpy as np', '-', '-x = list(map(int, input().split()))', '-x2 = np.power(x, 2)', '-p1 = sum(x) // n', '-p2 = -(-sum(x) // n)', '-w1 = n * (p1**2) - 2 * sum(x) * p1 + sum(x2)', '-w2 = n * (p2**2) - 2 * sum(x) * p2 + sum(x2)', '-print((min(w1, w2)))', '+X = sorted(map(int, input().split()))', '+ans = 10**6', '+for i in range(X[0], X[-1] + 1):', '+    HP = 0', '+    for j in X:', '+        HP += (j - i) ** 2', '+    ans = min(ans, HP)', '+print(ans)']",False,1.393944096,0.200420517,6.955096805,"['s988075401', 's958750940']","{'inputs': ['2\n1 4\n', '7\n14 14 2 13 56 2 37\n'], 'outputs': ['5\n', '2354\n']}","{'inputs': ['7\n4 14 0 12 23 2 0\n', '7\n0 1 0 1 141 1 -1\n', '2\n0 3\n', '7\n11 14 3 33 21 1 0\n', '7\n4 14 0 12 21 0 0\n', '7\n0 2 3 2 9 -2 -4\n', '7\n-1 1 3 5 9 -1 -1\n', '7\n11 14 3 33 12 1 0\n', '2\n2 4\n', '7\n19 14 3 18 56 2 0\n', '7\n0 1 0 20 82 0 -1\n', '7\n0 1 0 19 23 0 -1\n', '7\n1 1 0 1 141 1 -1\n', '7\n11 14 0 33 16 1 0\n', '7\n0 1 0 20 141 0 -1\n', '7\n11 14 0 33 21 2 0\n', '2\n0 4\n', '2\n0 1\n', '7\n1 2 3 2 9 -3 -4\n', '7\n0 1 0 12 34 0 0\n', '7\n0 1 0 19 23 0 -2\n', '7\n1 0 1 1 37 0 -1\n', '7\n11 14 6 33 21 1 0\n', '7\n1 1 1 1 37 -2 -1\n', '7\n19 14 3 24 56 2 0\n', '7\n0 1 1 1 9 -2 -2\n', '7\n0 1 0 19 23 0 1\n', '7\n1 1 1 1 37 -1 -1\n', '7\n-1 2 3 4 9 -1 -1\n', '7\n4 14 0 12 21 2 0\n', '7\n14 14 3 13 24 2 37\n', '7\n1 1 1 1 37 0 -1\n', '7\n4 14 0 12 13 2 0\n', '7\n4 14 0 33 21 2 0\n', '7\n-1 1 0 19 23 0 -1\n', '7\n-2 2 6 6 -1 -1 -4\n', '7\n-2 2 4 6 7 -1 -3\n', '7\n4 14 0 33 12 2 0\n', '7\n-2 2 4 6 -1 -1 -3\n', '7\n0 1 0 20 141 1 -1\n', '7\n14 14 3 13 56 2 0\n', '7\n19 14 4 24 56 2 0\n', '7\n0 1 0 0 198 2 -2\n', '7\n-1 1 3 5 14 -1 -1\n', '7\n-1 1 3 6 21 -1 -3\n', '7\n-1 1 3 5 21 -1 -1\n', '7\n0 0 1 0 37 0 -2\n', '7\n11 14 3 24 56 2 0\n', '7\n11 14 3 33 56 1 0\n', '7\n0 1 1 1 9 -2 -4\n', '7\n-1 2 3 6 7 -1 -3\n', '7\n0 1 0 0 198 2 -1\n', '7\n14 14 3 13 56 2 37\n', '7\n19 14 3 12 56 2 0\n', '7\n-1 1 3 9 21 -1 -1\n', '7\n0 0 0 0 198 2 -1\n', '7\n0 1 0 0 141 2 -1\n', '7\n6 14 0 12 13 2 0\n', '7\n14 14 2 13 56 2 28\n', '7\n11 14 6 33 21 1 1\n', '7\n0 0 1 1 37 0 -1\n', '7\n4 1 0 12 23 0 -1\n', '7\n0 0 1 0 198 1 -2\n', '7\n1 1 0 20 141 1 -1\n', '7\n0 1 0 12 23 0 0\n', '7\n1 2 3 2 9 -2 -4\n', '7\n-2 2 6 6 7 -1 -3\n', '7\n11 5 3 24 56 1 0\n', '7\n0 1 0 19 42 0 -1\n', '7\n0 1 0 19 82 0 -1\n', '7\n0 2 1 1 9 -2 -4\n', '7\n0 0 0 0 198 2 -2\n', '7\n11 14 0 33 21 1 0\n', '7\n0 2 1 2 9 -2 -4\n', '7\n-1 4 6 6 -1 -1 -4\n', '7\n1 1 1 1 9 -2 -2\n', '7\n14 14 3 13 92 2 0\n', '7\n4 14 0 12 23 0 0\n', '7\n11 14 0 33 21 2 -1\n', '7\n-1 1 3 6 21 -1 -2\n', '7\n0 2 2 2 9 -2 -4\n', '7\n4 14 0 12 14 0 0\n', '7\n5 14 3 12 56 2 0\n', '7\n1 2 2 2 9 -3 -4\n', '7\n7 14 0 12 23 2 0\n', '7\n11 14 3 24 83 2 0\n', '7\n0 2 3 2 9 -2 -1\n', '7\n-1 1 3 9 21 -1 -2\n', '7\n0 1 0 19 23 0 0\n', '7\n0 1 0 1 141 2 -1\n', '7\n0 0 1 1 37 0 -2\n', '7\n1 1 1 1 9 -2 -1\n', '7\n-2 2 4 6 2 -1 -3\n', '7\n0 2 3 2 9 -1 -1\n', '7\n-1 2 3 5 9 -1 -1\n', '7\n4 1 0 12 23 0 0\n', '7\n11 14 3 24 56 1 0\n', '7\n0 0 1 0 198 0 -2\n', '7\n11 2 3 33 21 1 0\n', '7\n14 14 3 12 56 2 0\n'], 'outputs': ['457\n', '16965\n', '5\n', '873\n', '426\n', '105\n', '87\n', '779\n', '2\n', '2238\n', '5641\n', '640\n', '16925\n', '860\n', '16580\n', '915\n', '8\n', '1\n', '111\n', '986\n', '655\n', '1157\n', '828\n', '1173\n', '2293\n', '83\n', '616\n', '1159\n', '81\n', '401\n', '884\n', '1146\n', '241\n', '965\n', '653\n', '93\n', '95\n', '846\n', '68\n', '16535\n', '2225\n', '2266\n', '33557\n', '177\n', '402\n', '375\n', '1189\n', '2314\n', '2563\n', '99\n', '85\n', '33497\n', '2319\n', '2245\n', '399\n', '33553\n', '16967\n', '234\n', '2113\n', '805\n', '1167\n', '475\n', '33610\n', '16490\n', '489\n', '103\n', '107\n', '2440\n', '1596\n', '5631\n', '100\n', '33612\n', '935\n', '101\n', '96\n', '82\n', '6318\n', '485\n', '939\n', '389\n', '102\n', '276\n', '2305\n', '108\n', '442\n', '5115\n', '79\n', '410\n', '627\n', '16927\n', '1180\n', '77\n', '65\n', '72\n', '86\n', '462\n', '2343\n', '33665\n', '945\n', '2229\n']}",1,44.78,1,44.07,1.0,41.78,1.0,51.01,"import numpy as np
n = int(eval(input()))
x = list(map(int, input().split()))
x2 = np.power(x, 2)
p1 = sum(x) // n
p2 = -(-sum(x) // n)
w1 = n * p1 ** 2 - 2 * sum(x) * p1 + sum(x2)
w2 = n * p2 ** 2 - 2 * sum(x) * p2 + sum(x2)
print(min(w1, w2))","import numpy as np
var1 = int(eval(input()))
var2 = list(map(int, input().split()))
var3 = np.power(var2, 2)
var4 = sum(var2) // var1
var5 = -(-sum(var2) // var1)
var6 = var1 * var4 ** 2 - 2 * sum(var2) * var4 + sum(var3)
var7 = var1 * var5 ** 2 - 2 * sum(var2) * var5 + sum(var3)
print(min(var6, var7))","n = int(eval(input()))
X = sorted(map(int, input().split()))
ans = 10 ** 6
for i in range(X[0], X[-1] + 1):
    HP = 0
    for j in X:
        HP += (j - i) ** 2
    ans = min(ans, HP)
print(ans)","'np', 3, 'comesFrom', [], []
'n', 4, 'computedFrom', ['int', 'eval', 'input'], [6, 8, 10]
'int', 6, 'comesFrom', [], []
'eval', 8, 'comesFrom', [], []
'input', 10, 'comesFrom', [], []
'x', 15, 'computedFrom', ['list', 'map', 'int', 'input', 'split'], [17, 19, 21, 23, 27]
'list', 17, 'comesFrom', [], []
'map', 19, 'comesFrom', [], []
'int', 21, 'comesFrom', ['int'], [6]
'input', 23, 'comesFrom', ['input'], [10]
'split', 27, 'comesFrom', [], []
'x2', 32, 'computedFrom', ['np', 'power', 'x', '2'], [34, 36, 38, 40]
'np', 34, 'comesFrom', ['np'], [3]
'power', 36, 'comesFrom', [], []
'x', 38, 'comesFrom', ['x'], [15]
'2', 40, 'comesFrom', [], []
'p1', 42, 'computedFrom', ['sum', 'x', 'n'], [44, 46, 49]
'sum', 44, 'comesFrom', [], []
'x', 46, 'comesFrom', ['x'], [15]
'n', 49, 'comesFrom', ['n'], [4]
'p2', 50, 'computedFrom', ['sum', 'x', 'n'], [55, 57, 60]
'sum', 55, 'comesFrom', ['sum'], [44]
'x', 57, 'comesFrom', ['x'], [15]
'n', 60, 'comesFrom', ['n'], [4]
'w1', 62, 'computedFrom', ['n', 'p1', '2', '2', 'sum', 'x', 'p1', 'sum', 'x2'], [64, 66, 68, 70, 72, 74, 77, 79, 81]
'n', 64, 'comesFrom', ['n'], [4]
'p1', 66, 'comesFrom', ['p1'], [42]
'2', 68, 'comesFrom', [], []
'2', 70, 'comesFrom', [], []
'sum', 72, 'comesFrom', ['sum'], [44]
'x', 74, 'comesFrom', ['x'], [15]
'p1', 77, 'comesFrom', ['p1'], [42]
'sum', 79, 'comesFrom', ['sum'], [44]
'x2', 81, 'comesFrom', ['x2'], [32]
'w2', 83, 'computedFrom', ['n', 'p2', '2', '2', 'sum', 'x', 'p2', 'sum', 'x2'], [85, 87, 89, 91, 93, 95, 98, 100, 102]
'n', 85, 'comesFrom', ['n'], [4]
'p2', 87, 'comesFrom', ['p2'], [50]
'2', 89, 'comesFrom', [], []
'2', 91, 'comesFrom', [], []
'sum', 93, 'comesFrom', ['sum'], [44]
'x', 95, 'comesFrom', ['x'], [15]
'p2', 98, 'comesFrom', ['p2'], [50]
'sum', 100, 'comesFrom', ['sum'], [44]
'x2', 102, 'comesFrom', ['x2'], [32]
'w1', 108, 'comesFrom', ['w1'], [62]
'w2', 110, 'comesFrom', ['w2'], [83]","'np', 3, 'comesFrom', [], []
'var1', 4, 'computedFrom', ['int', 'eval', 'input'], [6, 8, 10]
'int', 6, 'comesFrom', [], []
'eval', 8, 'comesFrom', [], []
'input', 10, 'comesFrom', [], []
'var2', 15, 'computedFrom', ['list', 'map', 'int', 'input', 'split'], [17, 19, 21, 23, 27]
'list', 17, 'comesFrom', [], []
'map', 19, 'comesFrom', [], []
'int', 21, 'comesFrom', ['int'], [6]
'input', 23, 'comesFrom', ['input'], [10]
'split', 27, 'comesFrom', [], []
'var3', 32, 'computedFrom', ['np', 'power', 'var2', '2'], [34, 36, 38, 40]
'np', 34, 'comesFrom', ['np'], [3]
'power', 36, 'comesFrom', [], []
'var2', 38, 'comesFrom', ['var2'], [15]
'2', 40, 'comesFrom', [], []
'var4', 42, 'computedFrom', ['sum', 'var2', 'var1'], [44, 46, 49]
'sum', 44, 'comesFrom', [], []
'var2', 46, 'comesFrom', ['var2'], [15]
'var1', 49, 'comesFrom', ['var1'], [4]
'var5', 50, 'computedFrom', ['sum', 'var2', 'var1'], [55, 57, 60]
'sum', 55, 'comesFrom', ['sum'], [44]
'var2', 57, 'comesFrom', ['var2'], [15]
'var1', 60, 'comesFrom', ['var1'], [4]
'var6', 62, 'computedFrom', ['var1', 'var4', '2', '2', 'sum', 'var2', 'var4', 'sum', 'var3'], [64, 66, 68, 70, 72, 74, 77, 79, 81]
'var1', 64, 'comesFrom', ['var1'], [4]
'var4', 66, 'comesFrom', ['var4'], [42]
'2', 68, 'comesFrom', [], []
'2', 70, 'comesFrom', [], []
'sum', 72, 'comesFrom', ['sum'], [44]
'var2', 74, 'comesFrom', ['var2'], [15]
'var4', 77, 'comesFrom', ['var4'], [42]
'sum', 79, 'comesFrom', ['sum'], [44]
'var3', 81, 'comesFrom', ['var3'], [32]
'var7', 83, 'computedFrom', ['var1', 'var5', '2', '2', 'sum', 'var2', 'var5', 'sum', 'var3'], [85, 87, 89, 91, 93, 95, 98, 100, 102]
'var1', 85, 'comesFrom', ['var1'], [4]
'var5', 87, 'comesFrom', ['var5'], [50]
'2', 89, 'comesFrom', [], []
'2', 91, 'comesFrom', [], []
'sum', 93, 'comesFrom', ['sum'], [44]
'var2', 95, 'comesFrom', ['var2'], [15]
'var5', 98, 'comesFrom', ['var5'], [50]
'sum', 100, 'comesFrom', ['sum'], [44]
'var3', 102, 'comesFrom', ['var3'], [32]
'var6', 108, 'comesFrom', ['var6'], [62]
'var7', 110, 'comesFrom', ['var7'], [83]",36577,"import sys
var1 = int(input())
var2 = list(map(int, input().split()))
var3, var4 = map(int, input().split())
if var3 == var4:
    print(0)
    return
elif var3 < var4:
    var5 = sum(var2[var3 - 1:var4 - 1])
    var6 = sum(var2[0:var3 - 1]) + sum(var2[var4 - 1:var1])
    var7 = min(var5, var6)
    print(var7)
elif var3 > var4:
    var5 = sum(var2[var4 - 1:var3 - 1])
    var6 = sum(var2[var3 - 1:var1]) + sum(var2[0:var4 - 1])
    var7 = min(var5, var6)
    print(var7)","'var1', 2, 'computedFrom', ['int', 'input'], [4, 6]
'int', 4, 'comesFrom', [], []
'input', 6, 'comesFrom', [], []
'var2', 10, 'computedFrom', ['list', 'map', 'int', 'input', 'split'], [12, 14, 16, 18, 22]
'list', 12, 'comesFrom', [], []
'map', 14, 'comesFrom', [], []
'int', 16, 'comesFrom', ['int'], [4]
'input', 18, 'comesFrom', ['input'], [6]
'split', 22, 'comesFrom', [], []
'var3', 27, 'computedFrom', ['map'], [31]
'var4', 29, 'computedFrom', ['int', 'input', 'split'], [33, 35, 39]
'map', 31, 'comesFrom', ['map'], [14]
'int', 33, 'comesFrom', ['int'], [4]
'input', 35, 'comesFrom', ['input'], [6]
'split', 39, 'comesFrom', ['split'], [22]
'var3', 44, 'comesFrom', ['var3'], [27]
'var4', 46, 'comesFrom', ['var4'], [29]
'var3', 54, 'comesFrom', ['var3'], [27]
'var4', 56, 'comesFrom', ['var4'], [29]
'var5', 58, 'computedFrom', ['sum', 'var2', 'var3', '1', 'var4', '1'], [60, 62, 64, 66, 68, 70]
'sum', 60, 'comesFrom', [], []
'var2', 62, 'comesFrom', ['var2'], [10]
'var3', 64, 'comesFrom', ['var3'], [27]
'1', 66, 'comesFrom', [], []
'var4', 68, 'comesFrom', ['var4'], [29]
'1', 70, 'comesFrom', [], []
'var6', 73, 'computedFrom', ['sum', 'var2', '0', 'var3', '1', 'sum', 'var2', 'var4', '1', 'var1'], [75, 77, 79, 81, 83, 87, 89, 91, 93, 95]
'sum', 75, 'comesFrom', ['sum'], [60]
'var2', 77, 'comesFrom', ['var2'], [10]
'0', 79, 'comesFrom', [], []
'var3', 81, 'comesFrom', ['var3'], [27]
'1', 83, 'comesFrom', [], []
'sum', 87, 'comesFrom', ['sum'], [60]
'var2', 89, 'comesFrom', ['var2'], [10]
'var4', 91, 'comesFrom', ['var4'], [29]
'1', 93, 'comesFrom', [], []
'var1', 95, 'comesFrom', ['var1'], [2]
'var7', 98, 'computedFrom', ['min', 'var5', 'var6'], [100, 102, 104]
'min', 100, 'comesFrom', [], []
'var5', 102, 'comesFrom', ['var5'], [58]
'var6', 104, 'comesFrom', ['var6'], [73]
'var7', 108, 'comesFrom', ['var7'], [98]
'var3', 111, 'comesFrom', ['var3'], [27]
'var4', 113, 'comesFrom', ['var4'], [29]
'var5', 115, 'computedFrom', ['sum', 'var2', 'var4', '1', 'var3', '1'], [117, 119, 121, 123, 125, 127]
'sum', 117, 'comesFrom', [], []
'var2', 119, 'comesFrom', ['var2'], [10]
'var4', 121, 'comesFrom', ['var4'], [29]
'1', 123, 'comesFrom', [], []
'var3', 125, 'comesFrom', ['var3'], [27]
'1', 127, 'comesFrom', [], []
'var6', 130, 'computedFrom', ['sum', 'var2', 'var3', '1', 'var1', 'sum', 'var2', '0', 'var4', '1'], [132, 134, 136, 138, 140, 144, 146, 148, 150, 152]
'sum', 132, 'comesFrom', ['sum'], [117]
'var2', 134, 'comesFrom', ['var2'], [10]
'var3', 136, 'comesFrom', ['var3'], [27]
'1', 138, 'comesFrom', [], []
'var1', 140, 'comesFrom', ['var1'], [2]
'sum', 144, 'comesFrom', ['sum'], [117]
'var2', 146, 'comesFrom', ['var2'], [10]
'0', 148, 'comesFrom', [], []
'var4', 150, 'comesFrom', ['var4'], [29]
'1', 152, 'comesFrom', [], []
'var7', 155, 'computedFrom', ['min', 'var5', 'var6'], [157, 159, 161]
'min', 157, 'comesFrom', [], []
'var5', 159, 'comesFrom', ['var5'], [115]
'var6', 161, 'comesFrom', ['var6'], [130]
'var7', 165, 'comesFrom', ['var7'], [155]","{'inputs': ['50\n75 98 65 75 99 89 84 65 9 53 62 61 61 53 80 7 6 47 86 1 89 27 67 1 31 39 53 92 19 20 76 41 60 15 29 94 76 82 87 89 93 38 42 6 87 36 100 97 93 71\n2 6\n', '99\n1 15 72 78 23 22 26 98 7 2 75 58 100 98 45 79 92 69 79 72 33 88 62 9 15 87 17 73 68 54 34 89 51 91 28 44 20 11 74 7 85 61 30 46 95 72 36 18 48 22 42 46 29 46 86 53 96 55 98 34 60 37 75 54 1 81 20 68 84 19 18 18 75 84 86 57 73 34 23 43 81 87 47 96 57 41 69 1 52 44 54 7 85 35 5 1 19 26 7\n4 64\n', '4\n2 3 4 9\n1 3\n', '3\n4 37 33\n3 3\n', '34\n96 65 24 99 74 76 97 93 99 69 94 82 92 91 98 83 95 97 96 81 90 95 86 87 43 78 88 86 82 62 76 99 83 96\n21 16\n'], 'outputs': ['337\n', '1740\n', '5\n', '0\n', '452\n']}",94653,"var1 = list(map(int, input().split()))
var2 = list(map(int, input().split()))
var3 = list(map(int, input().split()))
var4 = (sum(var1) + sum(var2) + sum(var3)) // 2
var1[0] = var4 - sum(var1)
var2[1] = var4 - sum(var2)
var3[2] = var4 - sum(var3)
for var5 in var1:
    print(var5, end=' ')
print()
for var5 in var2:
    print(var5, end=' ')
print()
for var5 in var3:
    print(var5, end=' ')","'var1', 0, 'computedFrom', ['list', 'map', 'int', 'input', 'split'], [2, 4, 6, 8, 12]
'list', 2, 'comesFrom', [], []
'map', 4, 'comesFrom', [], []
'int', 6, 'comesFrom', [], []
'input', 8, 'comesFrom', [], []
'split', 12, 'comesFrom', [], []
'var2', 17, 'computedFrom', ['list', 'map', 'int', 'input', 'split'], [19, 21, 23, 25, 29]
'list', 19, 'comesFrom', ['list'], [2]
'map', 21, 'comesFrom', ['map'], [4]
'int', 23, 'comesFrom', ['int'], [6]
'input', 25, 'comesFrom', ['input'], [8]
'split', 29, 'comesFrom', ['split'], [12]
'var3', 34, 'computedFrom', ['list', 'map', 'int', 'input', 'split'], [36, 38, 40, 42, 46]
'list', 36, 'comesFrom', ['list'], [2]
'map', 38, 'comesFrom', ['map'], [4]
'int', 40, 'comesFrom', ['int'], [6]
'input', 42, 'comesFrom', ['input'], [8]
'split', 46, 'comesFrom', ['split'], [12]
'var4', 51, 'computedFrom', ['sum', 'var1', 'sum', 'var2', 'sum', 'var3', '2'], [54, 56, 59, 61, 64, 66, 70]
'sum', 54, 'comesFrom', [], []
'var1', 56, 'comesFrom', ['var1'], [0]
'sum', 59, 'comesFrom', ['sum'], [54]
'var2', 61, 'comesFrom', ['var2'], [17]
'sum', 64, 'comesFrom', ['sum'], [54]
'var3', 66, 'comesFrom', ['var3'], [34]
'2', 70, 'comesFrom', [], []
'var1', 71, 'computedFrom', ['var4', 'sum', 'var1'], [76, 78, 80]
'0', 73, 'computedFrom', ['var4', 'sum', 'var1'], [76, 78, 80]
'var4', 76, 'comesFrom', ['var4'], [51]
'sum', 78, 'comesFrom', ['sum'], [54]
'var1', 80, 'comesFrom', ['var1'], [0]
'var2', 82, 'computedFrom', ['var4', 'sum', 'var2'], [87, 89, 91]
'1', 84, 'computedFrom', ['var4', 'sum', 'var2'], [87, 89, 91]
'var4', 87, 'comesFrom', ['var4'], [51]
'sum', 89, 'comesFrom', ['sum'], [54]
'var2', 91, 'comesFrom', ['var2'], [17]
'var3', 93, 'computedFrom', ['var4', 'sum', 'var3'], [98, 100, 102]
'2', 95, 'computedFrom', ['var4', 'sum', 'var3'], [98, 100, 102]
'var4', 98, 'comesFrom', ['var4'], [51]
'sum', 100, 'comesFrom', ['sum'], [54]
'var3', 102, 'comesFrom', ['var3'], [34]
'var5', 105, 'computedFrom', ['var1'], [107]
'var1', 107, 'comesFrom', ['var1'], [71]
'print', 109, 'comesFrom', ['print'], [109]
'var5', 111, 'comesFrom', ['var5'], [105]
'end', 113, 'comesFrom', ['end'], [113]
'print', 117, 'comesFrom', ['print'], [109]
'var5', 121, 'computedFrom', ['var2'], [123]
'var2', 123, 'comesFrom', ['var2'], [82]
'print', 125, 'comesFrom', ['print'], [109]
'var5', 127, 'comesFrom', ['var5'], [121]
'end', 129, 'comesFrom', ['end'], [113]
'print', 133, 'comesFrom', ['print'], [109]
'var5', 137, 'computedFrom', ['var3'], [139]
'var3', 139, 'comesFrom', ['var3'], [93]
'print', 141, 'comesFrom', ['print'], [109]
'var5', 143, 'comesFrom', ['var5'], [137]
'end', 145, 'comesFrom', ['end'], [113]","{'inputs': ['0 6361 2304\n1433 0 8103\n7232 3175 0\n', '0 505 681\n605 0 657\n581 757 0\n', '0 3 6\n5 0 5\n4 7 0\n', '0 99626 99582\n99766 0 99258\n99442 99398 0\n', '0 98721 99776\n99575 0 99123\n98922 99977 0\n'], 'outputs': ['5639 6361 2304\n1433 4768 8103\n7232 3175 3897\n', '707 505 681\n605 631 657\n581 757 555\n', '6 3 6\n5 5 5\n4 7 4\n', '99328 99626 99582\n99766 99512 99258\n99442 99398 99696\n', '99550 98721 99776\n99575 99349 99123\n98922 99977 99148\n']}",157622,"def function1(var1, var2):
    var3 = var1
    while sum(var3 * var4 // var5 for var4, var5 in var2) < var6:
        var3 += 1000000
    while var3 - var1 > 1:
        var7 = (var1 + var3) // 2
        var8 = sum(var7 * var4 // var5 for var4, var5 in var2)
        if var8 < var6:
            var1 = var7
        else:
            var3 = var7
    return var3


var9, var6 = map(int, input().split())
var6 -= var9
var2 = [tuple(map(int, input().split())) for var10 in range(var9)]
var1 = sum(var4 / var5 for var4, var5 in var2)
if var1:
    var1 = function1(int(var6 / var1), var2)
    print(int(var1 > 0) + min((var5 - var1 * var4 % var5 - 1) // var4 for var4, var5 in var2 if var4 > 0) if sum(var1 * var4 // var5 for var4,var5 in var2) == var6 else 0)
else:
    print(0 if var6 else -1)","'function1', 1, 'comesFrom', [], []
'var1', 3, 'comesFrom', [], []
'var2', 5, 'comesFrom', [], []
'var3', 8, 'computedFrom', ['var1'], [10]
'var1', 10, 'comesFrom', ['var1'], [3]
'sum', 12, 'comesFrom', ['sum'], [12]
'var3', 14, 'comesFrom', ['var3'], [8, 29]
'var4', 16, 'comesFrom', ['var4'], [20]
'var5', 18, 'comesFrom', ['var5'], [22]
'var4', 20, 'computedFrom', ['var2'], [24]
'var5', 22, 'computedFrom', ['var2'], [24]
'var2', 24, 'comesFrom', ['var2'], [5]
'var6', 27, 'comesFrom', ['var6'], [27]
'var3', 29, 'computedFrom', ['1000000'], [31]
'1000000', 31, 'comesFrom', [], []
'var3', 33, 'comesFrom', ['var3'], [29, 74]
'var1', 35, 'comesFrom', ['var1'], [3, 69]
'var7', 39, 'computedFrom', ['var1', '2', 'var3'], [42, 44, 47]
'var1', 42, 'comesFrom', ['var1'], [3, 69]
'var3', 44, 'comesFrom', ['var3'], [29, 74]
'2', 47, 'comesFrom', [], []
'var8', 48, 'computedFrom', ['var7', 'var5', 'var4', 'var2', 'sum'], [50, 52, 54, 56, 58, 60, 62]
'sum', 50, 'comesFrom', ['sum'], [12]
'var7', 52, 'comesFrom', ['var7'], [39]
'var4', 54, 'comesFrom', ['var4'], [58]
'var5', 56, 'comesFrom', ['var5'], [60]
'var4', 58, 'computedFrom', ['var2'], [62]
'var5', 60, 'computedFrom', ['var2'], [62]
'var2', 62, 'comesFrom', ['var2'], [5]
'var8', 65, 'comesFrom', ['var8'], [48]
'var6', 67, 'comesFrom', ['var6'], [27]
'var1', 69, 'computedFrom', ['var7'], [71]
'var7', 71, 'comesFrom', ['var7'], [39]
'var3', 74, 'computedFrom', ['var7'], [76]
'var7', 76, 'comesFrom', ['var7'], [39]
'var3', 78, 'comesFrom', ['var3'], [29, 74]
'var9', 79, 'computedFrom', ['map'], [83]
'var6', 81, 'computedFrom', ['int', 'input', 'split'], [85, 87, 91]
'map', 83, 'comesFrom', [], []
'int', 85, 'comesFrom', [], []
'input', 87, 'comesFrom', [], []
'split', 91, 'comesFrom', [], []
'var6', 95, 'computedFrom', ['var9'], [97]
'var9', 97, 'comesFrom', ['var9'], [79]
'var2', 98, 'computedFrom', ['tuple', 'map', 'int', 'input', 'split', 'var10', 'range', 'var9'], [101, 103, 105, 107, 111, 117, 119, 121]
'tuple', 101, 'comesFrom', [], []
'map', 103, 'comesFrom', ['map'], [83]
'int', 105, 'comesFrom', ['int'], [85]
'input', 107, 'comesFrom', ['input'], [87]
'split', 111, 'comesFrom', ['split'], [91]
'var10', 117, 'computedFrom', ['range', 'var9'], [119, 121]
'range', 119, 'comesFrom', [], []
'var9', 121, 'comesFrom', ['var9'], [79]
'var1', 124, 'computedFrom', ['sum', 'var4', 'var5', 'var4', 'var5', 'var2'], [126, 128, 130, 132, 134, 136]
'sum', 126, 'comesFrom', ['sum'], [12]
'var4', 128, 'comesFrom', ['var4'], [132]
'var5', 130, 'comesFrom', ['var5'], [134]
'var4', 132, 'computedFrom', ['var2'], [136]
'var5', 134, 'computedFrom', ['var2'], [136]
'var2', 136, 'comesFrom', ['var2'], [98]
'var1', 139, 'comesFrom', ['var1'], [124]
'var1', 141, 'computedFrom', ['function1', 'int', 'var6', 'var1', 'var2'], [143, 145, 147, 149, 152]
'function1', 143, 'comesFrom', ['function1'], [1]
'int', 145, 'comesFrom', ['int'], [85]
'var6', 147, 'comesFrom', ['var6'], [95]
'var1', 149, 'comesFrom', ['var1'], [124]
'var2', 152, 'comesFrom', ['var2'], [98]
'int', 156, 'comesFrom', ['int'], [85]
'var1', 158, 'comesFrom', ['var1'], [141]
'var5', 166, 'comesFrom', ['var5'], [181]
'var1', 168, 'comesFrom', ['var1'], [141]
'var4', 170, 'comesFrom', ['var4'], [179]
'var5', 172, 'comesFrom', ['var5'], [181]
'var4', 177, 'comesFrom', ['var4'], [179]
'var4', 179, 'computedFrom', ['var2'], [183]
'var5', 181, 'computedFrom', ['var2'], [183]
'var2', 183, 'comesFrom', ['var2'], [98]
'var4', 185, 'comesFrom', ['var4'], [179]
'sum', 190, 'comesFrom', ['sum'], [12]
'var1', 192, 'comesFrom', ['var1'], [141]
'var4', 194, 'comesFrom', ['var4'], [198]
'var5', 196, 'comesFrom', ['var5'], [200]
'var4', 198, 'computedFrom', ['var2'], [202]
'var5', 200, 'computedFrom', ['var2'], [202]
'var2', 202, 'comesFrom', ['var2'], [98]
'var6', 205, 'comesFrom', ['var6'], [95]
'var6', 215, 'comesFrom', ['var6'], [95]","{'inputs': ['1 97\n1 91\n', '42 987654321\n5 21952\n9 60706\n0 54475\n8 83001\n5 41965\n0 13177\n4 25368\n8 20350\n4 69111\n6 27060\n0 33314\n3 52036\n7 80467\n7 14779\n9 27533\n9 75399\n3 79382\n9 8146\n0 4520\n4 32068\n3 39037\n0 47232\n1 29719\n2 49958\n1 52249\n1 25483\n0 65455\n5 41514\n3 87523\n0 91088\n2 5117\n2 58198\n0 51358\n6 4595\n2 13580\n8 1235\n1 56805\n0 52779\n1 73892\n9 88605\n1 98266\n7 18759\n', '26 919241245\n302193 763904252\n302152 990010704\n453347 786598325\n302156 614790744\n151113 552970041\n151053 935503943\n453339 788648514\n453340 819457698\n604398 992471599\n453342 141598754\n302166 998869126\n151098 158907792\n453293 724150038\n604414 436248800\n604434 447578562\n151038 922548042\n302224 990595409\n453333 544888696\n453327 852447711\n151074 79709802\n302177 452406845\n302163 383122661\n604413 202740710\n604420 71972482\n151079 755371852\n453313 986519314\n', '7 12345\n564 6985\n378 5698\n685 1149\n222 1878\n713 6638\n624 5270\n264 7477\n', '8 97\n23 45\n91 20\n100 18\n11 82\n33 58\n11 99\n3 9\n75 55\n'], 'outputs': ['91\n', '27\n', '42\n', '2\n', '0\n']}",94647,"var1 = list(map(int, input().split()))
var2 = list(map(int, input().split()))
var3 = list(map(int, input().split()))
var4 = sum(var1)
var5 = sum(var2)
var6 = sum(var3)
var1[0] = (var5 + var6 - var4) // 2
var2[1] = (var4 + var6 - var5) // 2
var3[2] = (var4 + var5 - var6) // 2
for var7 in var1:
    print(var7, end=' ')
print()
for var7 in var2:
    print(var7, end=' ')
print()
for var7 in var3:
    print(var7, end=' ')","'var1', 0, 'computedFrom', ['list', 'map', 'int', 'input', 'split'], [2, 4, 6, 8, 12]
'list', 2, 'comesFrom', [], []
'map', 4, 'comesFrom', [], []
'int', 6, 'comesFrom', [], []
'input', 8, 'comesFrom', [], []
'split', 12, 'comesFrom', [], []
'var2', 17, 'computedFrom', ['list', 'map', 'int', 'input', 'split'], [19, 21, 23, 25, 29]
'list', 19, 'comesFrom', ['list'], [2]
'map', 21, 'comesFrom', ['map'], [4]
'int', 23, 'comesFrom', ['int'], [6]
'input', 25, 'comesFrom', ['input'], [8]
'split', 29, 'comesFrom', ['split'], [12]
'var3', 34, 'computedFrom', ['list', 'map', 'int', 'input', 'split'], [36, 38, 40, 42, 46]
'list', 36, 'comesFrom', ['list'], [2]
'map', 38, 'comesFrom', ['map'], [4]
'int', 40, 'comesFrom', ['int'], [6]
'input', 42, 'comesFrom', ['input'], [8]
'split', 46, 'comesFrom', ['split'], [12]
'var4', 51, 'computedFrom', ['sum', 'var1'], [53, 55]
'sum', 53, 'comesFrom', [], []
'var1', 55, 'comesFrom', ['var1'], [0]
'var5', 57, 'computedFrom', ['sum', 'var2'], [59, 61]
'sum', 59, 'comesFrom', ['sum'], [53]
'var2', 61, 'comesFrom', ['var2'], [17]
'var6', 63, 'computedFrom', ['sum', 'var3'], [65, 67]
'sum', 65, 'comesFrom', ['sum'], [53]
'var3', 67, 'comesFrom', ['var3'], [34]
'var1', 69, 'computedFrom', ['var5', 'var6', 'var4', '2'], [75, 77, 79, 82]
'0', 71, 'computedFrom', ['var5', 'var6', 'var4', '2'], [75, 77, 79, 82]
'var5', 75, 'comesFrom', ['var5'], [57]
'var6', 77, 'comesFrom', ['var6'], [63]
'var4', 79, 'comesFrom', ['var4'], [51]
'2', 82, 'comesFrom', [], []
'var2', 83, 'computedFrom', ['var4', 'var6', 'var5', '2'], [89, 91, 93, 96]
'1', 85, 'computedFrom', ['var4', 'var6', 'var5', '2'], [89, 91, 93, 96]
'var4', 89, 'comesFrom', ['var4'], [51]
'var6', 91, 'comesFrom', ['var6'], [63]
'var5', 93, 'comesFrom', ['var5'], [57]
'2', 96, 'comesFrom', [], []
'var3', 97, 'computedFrom', ['var4', 'var5', 'var6', '2'], [103, 105, 107, 110]
'2', 99, 'computedFrom', ['var4', 'var5', 'var6', '2'], [103, 105, 107, 110]
'var4', 103, 'comesFrom', ['var4'], [51]
'var5', 105, 'comesFrom', ['var5'], [57]
'var6', 107, 'comesFrom', ['var6'], [63]
'2', 110, 'comesFrom', [], []
'var7', 112, 'computedFrom', ['var1'], [114]
'var1', 114, 'comesFrom', ['var1'], [69]
'print', 116, 'comesFrom', ['print'], [116]
'var7', 118, 'comesFrom', ['var7'], [112]
'end', 120, 'comesFrom', ['end'], [120]
'print', 124, 'comesFrom', ['print'], [116]
'var7', 128, 'computedFrom', ['var2'], [130]
'var2', 130, 'comesFrom', ['var2'], [83]
'print', 132, 'comesFrom', ['print'], [116]
'var7', 134, 'comesFrom', ['var7'], [128]
'end', 136, 'comesFrom', ['end'], [120]
'print', 140, 'comesFrom', ['print'], [116]
'var7', 144, 'computedFrom', ['var3'], [146]
'var3', 146, 'comesFrom', ['var3'], [97]
'print', 148, 'comesFrom', ['print'], [116]
'var7', 150, 'comesFrom', ['var7'], [144]
'end', 152, 'comesFrom', ['end'], [120]","{'inputs': ['0 6361 2304\n1433 0 8103\n7232 3175 0\n', '0 505 681\n605 0 657\n581 757 0\n', '0 3 6\n5 0 5\n4 7 0\n', '0 99626 99582\n99766 0 99258\n99442 99398 0\n', '0 98721 99776\n99575 0 99123\n98922 99977 0\n'], 'outputs': ['5639 6361 2304\n1433 4768 8103\n7232 3175 3897\n', '707 505 681\n605 631 657\n581 757 555\n', '6 3 6\n5 5 5\n4 7 4\n', '99328 99626 99582\n99766 99512 99258\n99442 99398 99696\n', '99550 98721 99776\n99575 99349 99123\n98922 99977 99148\n']}","#### Reference Example 1:
### Python Program:
```python
import sys
var1 = int(input())
var2 = list(map(int, input().split()))
var3, var4 = map(int, input().split())
if var3 == var4:
    print(0)
    return
elif var3 < var4:
    var5 = sum(var2[var3 - 1:var4 - 1])
    var6 = sum(var2[0:var3 - 1]) + sum(var2[var4 - 1:var1])
    var7 = min(var5, var6)
    print(var7)
elif var3 > var4:
    var5 = sum(var2[var4 - 1:var3 - 1])
    var6 = sum(var2[var3 - 1:var1]) + sum(var2[0:var4 - 1])
    var7 = min(var5, var6)
    print(var7)
```

### Input/Output Unit Test Cases:
```Input/Output Unit Test Cases
## Test Case 1:
Input: '50
75 98 65 75 99 89 84 65 9 53 62 61 61 53 80 7 6 47 86 1 89 27 67 1 31 39 53 92 19 20 76 41 60 15 29 94 76 82 87 89 93 38 42 6 87 36 100 97 93 71
2 6'
Output: '337'

## Test Case 2:
Input: '99
1 15 72 78 23 22 26 98 7 2 75 58 100 98 45 79 92 69 79 72 33 88 62 9 15 87 17 73 68 54 34 89 51 91 28 44 20 11 74 7 85 61 30 46 95 72 36 18 48 22 42 46 29 46 86 53 96 55 98 34 60 37 75 54 1 81 20 68 84 19 18 18 75 84 86 57 73 34 23 43 81 87 47 96 57 41 69 1 52 44 54 7 85 35 5 1 19 26 7
4 64'
Output: '1740'

## Test Case 3:
Input: '4
2 3 4 9
1 3'
Output: '5'

## Test Case 4:
Input: '3
4 37 33
3 3'
Output: '0'

## Test Case 5:
Input: '34
96 65 24 99 74 76 97 93 99 69 94 82 92 91 98 83 95 97 96 81 90 95 86 87 43 78 88 86 82 62 76 99 83 96
21 16'
Output: '452'

```

#### Reference Example 2:
### Python Program:
```python
var1 = list(map(int, input().split()))
var2 = list(map(int, input().split()))
var3 = list(map(int, input().split()))
var4 = (sum(var1) + sum(var2) + sum(var3)) // 2
var1[0] = var4 - sum(var1)
var2[1] = var4 - sum(var2)
var3[2] = var4 - sum(var3)
for var5 in var1:
    print(var5, end=' ')
print()
for var5 in var2:
    print(var5, end=' ')
print()
for var5 in var3:
    print(var5, end=' ')
```

### Input/Output Unit Test Cases:
```Input/Output Unit Test Cases
## Test Case 1:
Input: '0 6361 2304
1433 0 8103
7232 3175 0'
Output: '5639 6361 2304
1433 4768 8103
7232 3175 3897'

## Test Case 2:
Input: '0 505 681
605 0 657
581 757 0'
Output: '707 505 681
605 631 657
581 757 555'

## Test Case 3:
Input: '0 3 6
5 0 5
4 7 0'
Output: '6 3 6
5 5 5
4 7 4'

## Test Case 4:
Input: '0 99626 99582
99766 0 99258
99442 99398 0'
Output: '99328 99626 99582
99766 99512 99258
99442 99398 99696'

## Test Case 5:
Input: '0 98721 99776
99575 0 99123
98922 99977 0'
Output: '99550 98721 99776
99575 99349 99123
98922 99977 99148'

```

#### Reference Example 3:
### Python Program:
```python
def function1(var1, var2):
    var3 = var1
    while sum(var3 * var4 // var5 for var4, var5 in var2) < var6:
        var3 += 1000000
    while var3 - var1 > 1:
        var7 = (var1 + var3) // 2
        var8 = sum(var7 * var4 // var5 for var4, var5 in var2)
        if var8 < var6:
            var1 = var7
        else:
            var3 = var7
    return var3


var9, var6 = map(int, input().split())
var6 -= var9
var2 = [tuple(map(int, input().split())) for var10 in range(var9)]
var1 = sum(var4 / var5 for var4, var5 in var2)
if var1:
    var1 = function1(int(var6 / var1), var2)
    print(int(var1 > 0) + min((var5 - var1 * var4 % var5 - 1) // var4 for var4, var5 in var2 if var4 > 0) if sum(var1 * var4 // var5 for var4,var5 in var2) == var6 else 0)
else:
    print(0 if var6 else -1)
```

### Input/Output Unit Test Cases:
```Input/Output Unit Test Cases
## Test Case 1:
Input: '1 97
1 91'
Output: '91'

## Test Case 2:
Input: '42 987654321
5 21952
9 60706
0 54475
8 83001
5 41965
0 13177
4 25368
8 20350
4 69111
6 27060
0 33314
3 52036
7 80467
7 14779
9 27533
9 75399
3 79382
9 8146
0 4520
4 32068
3 39037
0 47232
1 29719
2 49958
1 52249
1 25483
0 65455
5 41514
3 87523
0 91088
2 5117
2 58198
0 51358
6 4595
2 13580
8 1235
1 56805
0 52779
1 73892
9 88605
1 98266
7 18759'
Output: '27'

## Test Case 3:
Input: '26 919241245
302193 763904252
302152 990010704
453347 786598325
302156 614790744
151113 552970041
151053 935503943
453339 788648514
453340 819457698
604398 992471599
453342 141598754
302166 998869126
151098 158907792
453293 724150038
604414 436248800
604434 447578562
151038 922548042
302224 990595409
453333 544888696
453327 852447711
151074 79709802
302177 452406845
302163 383122661
604413 202740710
604420 71972482
151079 755371852
453313 986519314'
Output: '42'

## Test Case 4:
Input: '7 12345
564 6985
378 5698
685 1149
222 1878
713 6638
624 5270
264 7477'
Output: '2'

## Test Case 5:
Input: '8 97
23 45
91 20
100 18
11 82
33 58
11 99
3 9
75 55'
Output: '0'

```

#### Reference Example 4:
### Python Program:
```python
var1 = list(map(int, input().split()))
var2 = list(map(int, input().split()))
var3 = list(map(int, input().split()))
var4 = sum(var1)
var5 = sum(var2)
var6 = sum(var3)
var1[0] = (var5 + var6 - var4) // 2
var2[1] = (var4 + var6 - var5) // 2
var3[2] = (var4 + var5 - var6) // 2
for var7 in var1:
    print(var7, end=' ')
print()
for var7 in var2:
    print(var7, end=' ')
print()
for var7 in var3:
    print(var7, end=' ')
```

### Input/Output Unit Test Cases:
```Input/Output Unit Test Cases
## Test Case 1:
Input: '0 6361 2304
1433 0 8103
7232 3175 0'
Output: '5639 6361 2304
1433 4768 8103
7232 3175 3897'

## Test Case 2:
Input: '0 505 681
605 0 657
581 757 0'
Output: '707 505 681
605 631 657
581 757 555'

## Test Case 3:
Input: '0 3 6
5 0 5
4 7 0'
Output: '6 3 6
5 5 5
4 7 4'

## Test Case 4:
Input: '0 99626 99582
99766 0 99258
99442 99398 0'
Output: '99328 99626 99582
99766 99512 99258
99442 99398 99696'

## Test Case 5:
Input: '0 98721 99776
99575 0 99123
98922 99977 0'
Output: '99550 98721 99776
99575 99349 99123
98922 99977 99148'

```

"
u645250356,p03038,python,s890208193,s797826633,490,431,71452,34916,Accepted,Accepted,12.04,"from collections import Counter,defaultdict,deque

from heapq import heapify,heappop,heappush

from bisect import bisect_left,bisect_right

import sys,math,itertools,string,queue

sys.setrecursionlimit(10**8)

mod = 10**9+7

def inp(): return int(sys.stdin.readline())

def inpl(): return list(map(int, sys.stdin.readline().split()))

def inpl_str(): return list(sys.stdin.readline().split())

def inpln(n): return list(int(sys.stdin.readline()) for i in range(n))



n,m = inpl()

a = inpl()

b = [0] * m

for i in range(m):

    x,y = inpl()

    b[i] = [x,y]

a.sort()

b.sort(key=lambda x:x[1], reverse = True)

res = sum(a)

i = 0

j = 0

while True:

    # print(i,j)

    if a[i] < b[j][1]:

        res += b[j][1] - a[i]

        i += 1

    else:

        break

    b[j][0] -= 1

    if b[j][0] == 0:

        j += 1

    if i >= n or j >= m:

        break

print(res)
","from collections import Counter,defaultdict,deque

from heapq import heappop,heappush,heapify

from bisect import bisect_left,bisect_right 

import sys,math,itertools,fractions,pprint

sys.setrecursionlimit(10**8)

mod = 10**9+7

INF = float('inf')

def inp(): return int(sys.stdin.readline())

def inpl(): return list(map(int, sys.stdin.readline().split()))



n,m = inpl()

a = inpl()

a.sort()

bc = [inpl() for _ in range(m)]

bc.sort(key = lambda x:x[1], reverse = True)

lm = sum(x[1] for x in bc)

now = 0

alt = 0

while now < n and alt < m:

    c,b = bc[alt]

    if a[now] > b:

        break

    else:

        a[now] = b

    bc[alt][0] -= 1

    if bc[alt][0] == 0:

        alt += 1

    now += 1

print((sum(a)))
",35,29,880,728,"from collections import Counter, defaultdict, deque
from heapq import heapify, heappop, heappush
from bisect import bisect_left, bisect_right
import sys, math, itertools, string, queue

sys.setrecursionlimit(10**8)
mod = 10**9 + 7


def inp():
    return int(sys.stdin.readline())


def inpl():
    return list(map(int, sys.stdin.readline().split()))


def inpl_str():
    return list(sys.stdin.readline().split())


def inpln(n):
    return list(int(sys.stdin.readline()) for i in range(n))


n, m = inpl()
a = inpl()
b = [0] * m
for i in range(m):
    x, y = inpl()
    b[i] = [x, y]
a.sort()
b.sort(key=lambda x: x[1], reverse=True)
res = sum(a)
i = 0
j = 0
while True:
    # print(i,j)
    if a[i] < b[j][1]:
        res += b[j][1] - a[i]
        i += 1
    else:
        break
    b[j][0] -= 1
    if b[j][0] == 0:
        j += 1
    if i >= n or j >= m:
        break
print(res)
","from collections import Counter, defaultdict, deque
from heapq import heappop, heappush, heapify
from bisect import bisect_left, bisect_right
import sys, math, itertools, fractions, pprint

sys.setrecursionlimit(10**8)
mod = 10**9 + 7
INF = float(""inf"")


def inp():
    return int(sys.stdin.readline())


def inpl():
    return list(map(int, sys.stdin.readline().split()))


n, m = inpl()
a = inpl()
a.sort()
bc = [inpl() for _ in range(m)]
bc.sort(key=lambda x: x[1], reverse=True)
lm = sum(x[1] for x in bc)
now = 0
alt = 0
while now < n and alt < m:
    c, b = bc[alt]
    if a[now] > b:
        break
    else:
        a[now] = b
    bc[alt][0] -= 1
    if bc[alt][0] == 0:
        alt += 1
    now += 1
print((sum(a)))
",False,17.14285714,"['-from heapq import heapify, heappop, heappush', '+from heapq import heappop, heappush, heapify', '-import sys, math, itertools, string, queue', '+import sys, math, itertools, fractions, pprint', '+INF = float(""inf"")', '-def inpl_str():', '-    return list(sys.stdin.readline().split())', '-', '-', '-def inpln(n):', '-    return list(int(sys.stdin.readline()) for i in range(n))', '-', '-', '-b = [0] * m', '-for i in range(m):', '-    x, y = inpl()', '-    b[i] = [x, y]', '-b.sort(key=lambda x: x[1], reverse=True)', '-res = sum(a)', '-i = 0', '-j = 0', '-while True:', '-    # print(i,j)', '-    if a[i] < b[j][1]:', '-        res += b[j][1] - a[i]', '-        i += 1', '+bc = [inpl() for _ in range(m)]', '+bc.sort(key=lambda x: x[1], reverse=True)', '+lm = sum(x[1] for x in bc)', '+now = 0', '+alt = 0', '+while now < n and alt < m:', '+    c, b = bc[alt]', '+    if a[now] > b:', '+        break', '-        break', '-    b[j][0] -= 1', '-    if b[j][0] == 0:', '-        j += 1', '-    if i >= n or j >= m:', '-        break', '-print(res)', '+        a[now] = b', '+    bc[alt][0] -= 1', '+    if bc[alt][0] == 0:', '+        alt += 1', '+    now += 1', '+print((sum(a)))']",False,0.310756367,0.205392864,1.512985219,"['s890208193', 's797826633']","{'inputs': ['11 3\n1 1 1 1 1 1 1 1 1 1 1\n3 1000000000\n4 1000000000\n3 1000000000\n', '10 3\n1 8 5 7 100 4 52 33 13 5\n3 10\n4 30\n1 4\n', '3 2\n5 1 4\n2 3\n1 5\n', '3 2\n100 100 100\n3 99\n3 99\n'], 'outputs': ['10000000001\n', '338\n', '14\n', '300\n']}","{'inputs': ['3 2\n5 1 1\n2 3\n1 5\n', '3 2\n100 110 100\n3 82\n3 99\n', '11 1\n0 1 2 1 1 1 1 0 1 1 1\n3 1000000000\n4 1010001000\n3 1000000001\n', '11 3\n1 1 1 1 1 1 1 1 1 1 2\n3 1000000000\n4 1000000000\n3 1000000000\n', '10 3\n1 8 5 7 000 4 52 39 13 5\n1 10\n4 30\n0 4\n', '11 3\n1 1 1 1 0 2 1 1 1 1 1\n6 1000001000\n4 1000000000\n3 1100000000\n', '10 2\n0 2 6 7 110 4 7 27 33 8\n3 15\n4 39\n1 4\n', '10 3\n1 8 2 7 100 4 52 33 13 5\n3 10\n4 30\n1 4\n', '10 2\n0 4 1 7 101 4 7 33 33 5\n3 15\n4 30\n1 4\n', '11 1\n-1 1 2 2 1 0 1 0 1 1 1\n1 1000000000\n4 0010101010\n3 1000000001\n', '10 2\n0 8 5 7 010 4 7 33 13 10\n3 5\n4 30\n1 4\n', '10 3\n1 8 5 12 100 4 52 33 13 5\n1 10\n4 30\n1 4\n', '11 3\n0 1 1 1 0 2 1 1 1 1 1\n3 1000101000\n4 1000000000\n3 1100000000\n', '3 2\n3 1 0\n2 0\n2 0\n', '11 1\n-1 1 2 2 1 2 1 0 1 1 1\n3 1000000000\n4 0010101010\n3 1000000001\n', '10 2\n1 8 6 7 100 4 7 9 13 5\n3 10\n4 30\n0 4\n', '11 3\n0 1 1 1 0 1 1 1 1 1 1\n3 1000001010\n4 1001010000\n3 1100000000\n', '11 3\n1 1 1 1 1 1 1 0 1 1 1\n3 1000000000\n1 1000000000\n3 1000000001\n', '11 3\n1 1 1 1 1 1 1 2 1 1 1\n3 1000000000\n4 1000000000\n3 1000000001\n', '10 2\n0 8 0 7 100 4 17 33 24 5\n3 15\n4 47\n1 2\n', '3 2\n5 1 1\n2 3\n1 7\n', '10 2\n0 8 5 7 110 4 7 33 13 10\n3 14\n8 30\n1 4\n', '3 2\n3 1 1\n2 0\n2 0\n', '10 2\n0 8 0 7 101 4 10 33 24 5\n5 15\n4 47\n1 2\n', '3 2\n8 1 1\n2 0\n2 0\n', '3 2\n5 1 1\n2 3\n1 6\n', '11 3\n1 1 1 1 1 1 1 0 2 1 1\n5 1000000000\n4 1000000000\n3 1000000001\n', '10 2\n0 8 0 7 100 4 10 33 24 5\n3 15\n4 47\n1 2\n', '10 3\n2 8 5 7 100 4 7 33 13 5\n3 10\n4 8\n1 4\n', '10 2\n0 8 5 7 100 4 7 33 14 15\n3 10\n4 30\n1 4\n', '3 2\n5 1 1\n2 0\n2 0\n', '10 2\n0 8 0 7 100 4 10 33 22 5\n5 15\n4 47\n1 4\n', '10 2\n0 0 1 10 110 4 7 33 33 5\n3 17\n4 30\n1 4\n', '11 3\n1 1 1 1 1 1 1 0 2 1 1\n3 1000000000\n4 1010000000\n3 1000000001\n', '11 3\n1 1 1 1 1 1 1 0 2 1 1\n3 1000000000\n4 1010001000\n3 1000000001\n', '11 1\n-1 1 2 2 1 1 1 0 1 1 1\n1 1000000000\n4 0010101010\n3 1000000001\n', '11 3\n1 1 1 1 0 1 1 1 1 1 1\n3 1000001000\n4 1000000000\n3 1100000000\n', '11 1\n-1 1 2 2 1 1 1 0 1 1 1\n3 1000000000\n4 0010101010\n3 1000001001\n', '11 3\n1 1 1 1 1 1 1 0 2 1 1\n3 1000000000\n4 1000001000\n3 1000000001\n', '10 2\n0 8 5 7 110 4 7 33 13 10\n3 14\n5 30\n1 4\n', '11 3\n0 1 1 1 0 1 1 1 1 1 1\n3 1000001010\n4 1000010000\n3 1100000000\n', '3 2\n15 1 1\n0 3\n2 6\n', '10 2\n0 4 5 7 100 4 7 33 33 5\n3 15\n4 39\n1 4\n', '3 2\n8 1 1\n0 3\n2 6\n', '10 3\n1 8 5 7 100 4 52 33 13 5\n1 10\n4 30\n1 4\n', '10 1\n0 0 1 7 101 4 7 33 33 5\n3 15\n4 35\n1 4\n', '10 2\n0 8 5 7 100 4 7 33 24 5\n3 15\n4 30\n1 4\n', '3 2\n6 1 1\n0 3\n2 6\n', '11 3\n1 1 1 1 0 1 1 1 1 1 1\n1 1000001000\n4 1000000000\n3 1100000000\n', '11 3\n0 0 1 1 0 1 1 1 1 1 1\n3 1000001010\n4 1000000000\n3 1100000000\n', '3 2\n5 1 1\n2 3\n1 13\n', '3 2\n0 1 2\n2 -1\n1 0\n', '11 1\n-1 1 3 2 1 1 1 0 1 1 1\n1 1000000000\n4 0010101010\n3 1000000001\n', '10 2\n0 2 6 7 100 4 7 27 33 8\n3 15\n4 39\n1 4\n', '10 2\n0 4 1 7 100 4 7 33 33 5\n3 15\n4 33\n1 4\n', '10 2\n0 4 5 7 100 4 7 33 33 5\n3 24\n4 30\n1 4\n', '10 2\n0 0 1 7 100 4 7 33 33 5\n3 5\n4 35\n1 4\n', '10 2\n0 0 1 7 100 4 7 33 33 5\n3 1\n4 55\n1 4\n', '10 2\n0 8 0 7 100 4 10 33 13 5\n5 15\n4 21\n1 4\n', '11 3\n1 1 1 1 1 1 1 1 1 1 1\n3 1000000000\n4 1000000000\n3 1001000000\n', '10 2\n0 4 5 7 100 4 7 33 33 5\n3 15\n4 30\n1 4\n', '10 2\n0 0 1 7 101 4 7 33 33 5\n3 15\n4 35\n1 4\n', '10 2\n0 8 5 7 110 4 7 33 13 10\n3 14\n4 30\n1 4\n', '10 2\n0 8 5 7 100 4 7 33 24 5\n3 4\n4 30\n1 4\n', '11 2\n1 1 1 1 1 1 1 1 1 1 1\n3 1000010000\n4 1000000000\n3 1100000000\n', '11 1\n-1 1 4 2 1 1 1 0 1 1 1\n1 1000000000\n0 0010101010\n3 1000000001\n', '10 3\n1 8 5 7 100 4 7 33 13 5\n3 10\n4 30\n1 4\n', '11 3\n1 1 1 1 0 2 1 1 1 1 1\n3 1000001000\n4 1000000000\n3 1100000000\n', '10 3\n1 8 5 7 100 4 52 33 13 5\n1 2\n4 30\n1 4\n', '10 2\n0 4 5 7 100 4 7 33 33 5\n3 24\n1 30\n1 4\n', '10 2\n0 0 1 7 110 4 7 33 33 5\n3 15\n4 30\n1 4\n', '10 2\n0 8 0 7 100 4 7 33 24 5\n3 19\n4 30\n1 4\n', '10 2\n0 0 1 7 100 4 7 33 33 5\n3 15\n4 35\n1 4\n', '10 2\n0 4 5 7 100 1 7 29 24 5\n3 10\n4 30\n0 4\n', '3 2\n5 1 1\n1 2\n1 5\n', '3 2\n100 100 100\n0 99\n3 99\n', '10 2\n0 8 5 7 100 4 7 33 13 15\n3 10\n4 30\n1 4\n', '10 2\n0 0 1 7 100 4 7 33 33 5\n3 5\n8 35\n1 8\n', '3 2\n5 0 0\n1 6\n1 5\n', '10 2\n0 8 0 7 101 4 10 33 24 1\n3 15\n4 30\n1 4\n', '11 3\n0 0 1 1 0 1 1 1 1 1 1\n3 1000001010\n4 1000010100\n3 1100000000\n', '10 2\n0 4 5 7 100 1 7 29 13 5\n9 10\n4 10\n0 4\n', '3 2\n5 1 1\n2 3\n2 6\n', '3 2\n5 1 1\n2 3\n1 0\n', '11 3\n1 1 1 1 1 1 1 1 1 1 1\n3 1000000000\n4 1000000000\n3 1000000001\n', '10 2\n0 8 5 7 100 4 7 33 24 5\n3 10\n4 30\n1 4\n', '11 3\n1 1 1 1 0 1 1 1 1 1 1\n1 1000001000\n5 1000000000\n3 1100000000\n', '10 3\n1 8 5 7 000 4 52 33 13 5\n1 10\n4 30\n0 4\n', '11 1\n-1 1 5 2 1 1 1 0 1 1 1\n1 1000000000\n4 0010101010\n3 1000000001\n', '10 2\n0 8 5 7 110 4 7 33 13 10\n3 10\n4 30\n1 4\n', '11 2\n1 1 1 1 1 1 1 1 1 1 1\n3 1000000000\n4 1000000000\n3 1100000000\n', '10 2\n0 8 5 7 110 4 7 33 13 10\n3 22\n5 30\n1 4\n', '10 2\n0 16 5 7 110 4 7 66 13 10\n3 14\n4 30\n1 4\n', '10 3\n0 8 4 7 100 4 7 33 15 5\n3 10\n4 30\n1 4\n', '3 2\n5 1 1\n0 3\n2 7\n', '10 2\n0 8 0 7 100 4 10 33 13 5\n5 15\n4 47\n1 4\n', '10 2\n0 4 5 7 100 1 7 29 24 5\n3 10\n4 10\n0 4\n', '11 2\n0 0 1 1 0 1 1 1 1 1 1\n3 1000001000\n4 1000000000\n3 1100000000\n', '11 3\n1 1 1 1 1 1 1 1 1 1 1\n3 1000000000\n4 1000000000\n3 1100000000\n', '11 3\n1 1 2 1 1 1 1 0 2 1 1\n3 1000000010\n4 1010001000\n3 1000000001\n'], 'outputs': ['13\n', '310\n', '3000000009\n', '10000000002\n', '249\n', '11300006000\n', '371\n', '338\n', '332\n', '1000000010\n', '201\n', '340\n', '10300303002\n', '4\n', '3000000011\n', '272\n', '10304043031\n', '7000000007\n', '10000000005\n', '392\n', '15\n', '383\n', '5\n', '391\n', '10\n', '14\n', '11000000003\n', '390\n', '208\n', '302\n', '7\n', '388\n', '347\n', '10040000005\n', '10040004005\n', '1000000011\n', '10300003001\n', '3000000010\n', '10000004005\n', '335\n', '10300043031\n', '27\n', '367\n', '20\n', '336\n', '235\n', '322\n', '18\n', '8300001003\n', '10300003031\n', '21\n', '3\n', '1000000012\n', '361\n', '343\n', '358\n', '325\n', '405\n', '277\n', '10003000001\n', '331\n', '352\n', '318\n', '299\n', '7000030004\n', '1000000013\n', '296\n', '10300003002\n', '333\n', '287\n', '341\n', '334\n', '351\n', '303\n', '12\n', '300\n', '301\n', '413\n', '16\n', '323\n', '10300043431\n', '212\n', '17\n', '11\n', '10000000004\n', '307\n', '9300001002\n', '243\n', '1000000014\n', '306\n', '7000000004\n', '359\n', '354\n', '298\n', '19\n', '381\n', '223\n', '7000003004\n', '10300000001\n', '10040004035\n']}",1,12.36,1,13.13,1.0,12.76,1.0,13.08,"from collections import Counter, defaultdict, deque
from heapq import heapify, heappop, heappush
from bisect import bisect_left, bisect_right
import sys, math, itertools, string, queue
mod = 10 ** 9 + 7
def inp():
    return int(sys.stdin.readline())
def inpl():
    return list(map(int, sys.stdin.readline().split()))
def inpl_str():
    return list(sys.stdin.readline().split())
def inpln(n):
    return list(int(sys.stdin.readline()) for i in range(n))
n, m = inpl()
a = inpl()
b = [0] * m
for i in range(m):
    x, y = inpl()
    b[i] = [x, y]
a.sort()
b.sort(key=lambda x: x[1], reverse=True)
res = sum(a)
i = 0
j = 0
while True:
    if a[i] < b[j][1]:
        res += b[j][1] - a[i]
        i += 1
    else:
        break
    b[j][0] -= 1
    if b[j][0] == 0:
        j += 1
    if i >= n or j >= m:
        break
print(res)","from collections import Counter, defaultdict, deque
from heapq import heapify, heappop, heappush
from bisect import bisect_left, bisect_right
import sys, math, itertools, string, queue
var1 = 10 ** 9 + 7
def function1():
    return int(sys.stdin.readline())
def function2():
    return list(map(int, sys.stdin.readline().split()))
def function3():
    return list(sys.stdin.readline().split())
def function4(var2):
    return list(int(sys.stdin.readline()) for var3 in range(var2))
var2, var4 = function2()
var5 = function2()
var6 = [0] * var4
for var3 in range(var4):
    var7, var8 = function2()
    var6[var3] = [var7, var8]
var5.sort()
var6.sort(key=lambda var7: var7[1], reverse=True)
var9 = sum(var5)
var3 = 0
var10 = 0
while True:
    if var5[var3] < var6[var10][1]:
        var9 += var6[var10][1] - var5[var3]
        var3 += 1
    else:
        break
    var6[var10][0] -= 1
    if var6[var10][0] == 0:
        var10 += 1
    if var3 >= var2 or var10 >= var4:
        break
print(var9)","from collections import Counter, defaultdict, deque
from heapq import heappop, heappush, heapify
from bisect import bisect_left, bisect_right
import sys, math, itertools, fractions, pprint
mod = 10 ** 9 + 7
INF = float('inf')
def inp():
    return int(sys.stdin.readline())
def inpl():
    return list(map(int, sys.stdin.readline().split()))
n, m = inpl()
a = inpl()
a.sort()
bc = [inpl() for _ in range(m)]
bc.sort(key=lambda x: x[1], reverse=True)
lm = sum(x[1] for x in bc)
now = 0
alt = 0
while now < n and alt < m:
    c, b = bc[alt]
    if a[now] > b:
        break
    else:
        a[now] = b
    bc[alt][0] -= 1
    if bc[alt][0] == 0:
        alt += 1
    now += 1
print(sum(a))","'mod', 32, 'computedFrom', ['10', '9', '7'], [34, 36, 38]
'10', 34, 'comesFrom', [], []
'9', 36, 'comesFrom', [], []
'7', 38, 'comesFrom', [], []
'int', 45, 'comesFrom', [], []
'input', 47, 'comesFrom', [], []
'inpl', 52, 'comesFrom', [], []
'list', 57, 'comesFrom', [], []
'int', 61, 'comesFrom', ['int'], [45]
'input', 63, 'comesFrom', ['input'], [47]
'split', 67, 'comesFrom', [], []
'list', 78, 'comesFrom', ['list'], [57]
'input', 80, 'comesFrom', ['input'], [47]
'split', 84, 'comesFrom', ['split'], [67]
'n', 91, 'comesFrom', [], []
'list', 95, 'comesFrom', ['list'], [57]
'int', 97, 'comesFrom', ['int'], [45]
'input', 99, 'comesFrom', ['input'], [47]
'i', 104, 'computedFrom', ['range', 'n'], [106, 108]
'range', 106, 'comesFrom', [], []
'n', 108, 'comesFrom', ['n'], [91]
'n', 111, 'computedFrom', ['inpl'], [115]
'm', 113, 'computedFrom', [], []
'inpl', 115, 'comesFrom', ['inpl'], [52]
'a', 118, 'computedFrom', ['inpl'], [120]
'inpl', 120, 'comesFrom', ['inpl'], [52]
'b', 123, 'computedFrom', ['0', 'm'], [126, 129]
'0', 126, 'comesFrom', [], []
'm', 129, 'comesFrom', ['m'], [113]
'i', 131, 'computedFrom', ['range', 'm'], [133, 135]
'range', 133, 'comesFrom', ['range'], [106]
'm', 135, 'comesFrom', ['m'], [113]
'x', 138, 'computedFrom', ['inpl'], [142]
'y', 140, 'computedFrom', [], []
'inpl', 142, 'comesFrom', ['inpl'], [52]
'b', 145, 'computedFrom', [], []
'i', 147, 'computedFrom', ['y'], [153]
'x', 151, 'comesFrom', ['x'], [138]
'y', 153, 'comesFrom', ['y'], [140]
'a', 155, 'comesFrom', ['a'], [118]
'sort', 157, 'comesFrom', [], []
'b', 160, 'comesFrom', ['b'], [145]
'sort', 162, 'comesFrom', ['sort'], [157]
'x', 167, 'comesFrom', ['x'], [138]
'x', 169, 'comesFrom', ['x'], [138]
'res', 178, 'computedFrom', ['sum', 'a'], [180, 182]
'sum', 180, 'comesFrom', [], []
'a', 182, 'comesFrom', ['a'], [118]
'i', 184, 'computedFrom', ['0'], [186]
'0', 186, 'comesFrom', [], []
'j', 187, 'computedFrom', ['0'], [189]
'0', 189, 'comesFrom', [], []
'a', 194, 'comesFrom', ['a'], [118]
'i', 196, 'comesFrom', ['i'], [184, 221]
'b', 199, 'comesFrom', ['b'], [145, 227]
'j', 201, 'comesFrom', ['j'], [187, 229, 247]
'res', 207, 'computedFrom', ['i', 'b', 'a', '1', 'j'], [209, 211, 214, 217, 219]
'b', 209, 'comesFrom', ['b'], [145, 227]
'j', 211, 'comesFrom', ['j'], [187, 229, 247]
'1', 214, 'comesFrom', [], []
'a', 217, 'comesFrom', ['a'], [118]
'i', 219, 'comesFrom', ['i'], [184, 221]
'i', 221, 'computedFrom', ['1'], [223]
'1', 223, 'comesFrom', [], []
'b', 227, 'computedFrom', ['1'], [235]
'j', 229, 'computedFrom', ['1'], [235]
'0', 232, 'computedFrom', ['1'], [235]
'1', 235, 'comesFrom', [], []
'b', 237, 'comesFrom', ['b'], [227]
'j', 239, 'comesFrom', ['j'], [229]
'0', 242, 'comesFrom', ['0'], [232]
'0', 245, 'comesFrom', ['0'], [232]
'j', 247, 'computedFrom', ['1'], [249]
'1', 249, 'comesFrom', [], []
'i', 251, 'comesFrom', ['i'], [184, 221]
'n', 253, 'comesFrom', ['n'], [111]
'j', 255, 'comesFrom', ['j'], [229, 247]
'm', 257, 'comesFrom', ['m'], [113]
'res', 262, 'comesFrom', ['res'], [178, 207]","'var1', 32, 'computedFrom', ['10', '9', '7'], [34, 36, 38]
'10', 34, 'comesFrom', [], []
'9', 36, 'comesFrom', [], []
'7', 38, 'comesFrom', [], []
'int', 45, 'comesFrom', [], []
'input', 47, 'comesFrom', [], []
'function2', 52, 'comesFrom', [], []
'list', 57, 'comesFrom', [], []
'int', 61, 'comesFrom', ['int'], [45]
'input', 63, 'comesFrom', ['input'], [47]
'split', 67, 'comesFrom', [], []
'list', 78, 'comesFrom', ['list'], [57]
'input', 80, 'comesFrom', ['input'], [47]
'split', 84, 'comesFrom', ['split'], [67]
'var2', 91, 'comesFrom', [], []
'list', 95, 'comesFrom', ['list'], [57]
'int', 97, 'comesFrom', ['int'], [45]
'input', 99, 'comesFrom', ['input'], [47]
'var3', 104, 'computedFrom', ['range', 'var2'], [106, 108]
'range', 106, 'comesFrom', [], []
'var2', 108, 'comesFrom', ['var2'], [91]
'var2', 111, 'computedFrom', ['function2'], [115]
'var4', 113, 'computedFrom', [], []
'function2', 115, 'comesFrom', ['function2'], [52]
'var5', 118, 'computedFrom', ['function2'], [120]
'function2', 120, 'comesFrom', ['function2'], [52]
'var6', 123, 'computedFrom', ['0', 'var4'], [126, 129]
'0', 126, 'comesFrom', [], []
'var4', 129, 'comesFrom', ['var4'], [113]
'var3', 131, 'computedFrom', ['var4', 'range'], [133, 135]
'range', 133, 'comesFrom', ['range'], [106]
'var4', 135, 'comesFrom', ['var4'], [113]
'var7', 138, 'computedFrom', ['function2'], [142]
'var8', 140, 'computedFrom', [], []
'function2', 142, 'comesFrom', ['function2'], [52]
'var6', 145, 'computedFrom', [], []
'var3', 147, 'computedFrom', ['var8'], [153]
'var7', 151, 'comesFrom', ['var7'], [138]
'var8', 153, 'comesFrom', ['var8'], [140]
'var5', 155, 'comesFrom', ['var5'], [118]
'sort', 157, 'comesFrom', [], []
'var6', 160, 'comesFrom', ['var6'], [145]
'sort', 162, 'comesFrom', ['sort'], [157]
'var7', 167, 'comesFrom', ['var7'], [138]
'var7', 169, 'comesFrom', ['var7'], [138]
'var9', 178, 'computedFrom', ['sum', 'var5'], [180, 182]
'sum', 180, 'comesFrom', [], []
'var5', 182, 'comesFrom', ['var5'], [118]
'var3', 184, 'computedFrom', ['0'], [186]
'0', 186, 'comesFrom', [], []
'var10', 187, 'computedFrom', ['0'], [189]
'0', 189, 'comesFrom', [], []
'var5', 194, 'comesFrom', ['var5'], [118]
'var3', 196, 'comesFrom', ['var3'], [184, 221]
'var6', 199, 'comesFrom', ['var6'], [145, 227]
'var10', 201, 'comesFrom', ['var10'], [187, 229, 247]
'var9', 207, 'computedFrom', ['1', 'var5', 'var6', 'var10', 'var3'], [209, 211, 214, 217, 219]
'var6', 209, 'comesFrom', ['var6'], [145, 227]
'var10', 211, 'comesFrom', ['var10'], [187, 229, 247]
'1', 214, 'comesFrom', [], []
'var5', 217, 'comesFrom', ['var5'], [118]
'var3', 219, 'comesFrom', ['var3'], [184, 221]
'var3', 221, 'computedFrom', ['1'], [223]
'1', 223, 'comesFrom', [], []
'var6', 227, 'computedFrom', ['1'], [235]
'var10', 229, 'computedFrom', ['1'], [235]
'0', 232, 'computedFrom', ['1'], [235]
'1', 235, 'comesFrom', [], []
'var6', 237, 'comesFrom', ['var6'], [227]
'var10', 239, 'comesFrom', ['var10'], [229]
'0', 242, 'comesFrom', ['0'], [232]
'0', 245, 'comesFrom', ['0'], [232]
'var10', 247, 'computedFrom', ['1'], [249]
'1', 249, 'comesFrom', [], []
'var3', 251, 'comesFrom', ['var3'], [184, 221]
'var2', 253, 'comesFrom', ['var2'], [111]
'var10', 255, 'comesFrom', ['var10'], [229, 247]
'var4', 257, 'comesFrom', ['var4'], [113]
'var9', 262, 'comesFrom', ['var9'], [178, 207]",136087,"var1 = int(input())
var2 = []
var3 = []
var4 = []
for var5 in range(var1):
    var6, var7 = map(int, input().split())
    var2.append((var6, var7))
var2 = set(var2)
var2 = list(var2)
var2.sort()
var8 = 0
for var5 in range(len(var2)):
    if var8 == 0:
        var9 = var2[var5][0]
    if var9 == var2[var5][0]:
        var3.append(var2[var5])
        var8 = 1
    else:
        var3.sort(key=lambda var6: var6[1])
        var4 += var3
        var9 = var2[var5][0]
        var3 = []
        var3.append(var2[var5])
var3.sort(key=lambda var6: var6[1])
var4 += var3
var10 = 0
var4.insert(0, (0, 0))
if len(var4) == 1:
    var10 += 1
for var5 in range(1, len(var4)):
    var9 = var4[var5 - 1]
    var11 = var4[var5]
    var12 = max(var9[0], var9[1])
    var13 = min(var11[0], var11[1])
    if var13 >= var12:
        var10 += var13 - var12 + 1
for var5 in range(1, len(var4) - 1):
    if var4[var5][0] == var4[var5][1]:
        var10 -= 1
print(var10)","'var1', 0, 'computedFrom', ['int', 'input'], [2, 4]
'int', 2, 'comesFrom', [], []
'input', 4, 'comesFrom', [], []
'var2', 8, 'computedFrom', [], []
'var3', 12, 'computedFrom', [], []
'var5', 21, 'computedFrom', ['var1', 'range'], [23, 25]
'range', 23, 'comesFrom', ['range'], [23]
'var1', 25, 'comesFrom', ['var1'], [0]
'var6', 28, 'computedFrom', ['map'], [32]
'var7', 30, 'computedFrom', ['split', 'int', 'input'], [34, 36, 40]
'map', 32, 'comesFrom', ['map'], [32]
'int', 34, 'comesFrom', ['int'], [2]
'input', 36, 'comesFrom', ['input'], [4]
'split', 40, 'comesFrom', ['split'], [40]
'var2', 44, 'comesFrom', ['var2'], [8]
'append', 46, 'comesFrom', ['append'], [46]
'var6', 49, 'comesFrom', ['var6'], [28]
'var7', 51, 'comesFrom', ['var7'], [30]
'var2', 54, 'computedFrom', ['set', 'var2'], [56, 58]
'set', 56, 'comesFrom', [], []
'var2', 58, 'comesFrom', ['var2'], [8]
'var2', 60, 'computedFrom', ['list', 'var2'], [62, 64]
'list', 62, 'comesFrom', [], []
'var2', 64, 'comesFrom', ['var2'], [54]
'var2', 66, 'comesFrom', ['var2'], [60]
'sort', 68, 'comesFrom', [], []
'var8', 71, 'computedFrom', ['0'], [73]
'0', 73, 'comesFrom', [], []
'var5', 75, 'computedFrom', ['len', 'var2', 'range'], [77, 79, 81]
'range', 77, 'comesFrom', ['range'], [23]
'len', 79, 'comesFrom', ['len'], [79]
'var2', 81, 'comesFrom', ['var2'], [60]
'var8', 86, 'comesFrom', ['var8'], [71, 119]
'var9', 90, 'computedFrom', ['var2', 'var5', '0'], [92, 94, 97]
'var2', 92, 'comesFrom', ['var2'], [60]
'var5', 94, 'comesFrom', ['var5'], [75]
'0', 97, 'comesFrom', [], []
'var9', 100, 'comesFrom', ['var9'], [90, 141]
'var2', 102, 'comesFrom', ['var2'], [60]
'var5', 104, 'comesFrom', ['var5'], [75]
'var3', 110, 'comesFrom', ['var3'], [12, 150]
'append', 112, 'comesFrom', ['append'], [46]
'var2', 114, 'comesFrom', ['var2'], [60]
'var5', 116, 'comesFrom', ['var5'], [75]
'var8', 119, 'computedFrom', ['1'], [121]
'1', 121, 'comesFrom', [], []
'var3', 124, 'comesFrom', ['var3'], [12, 150]
'sort', 126, 'comesFrom', ['sort'], [68]
'key', 128, 'comesFrom', ['key'], [128]
'var6', 131, 'comesFrom', ['var6'], [28]
'var6', 133, 'comesFrom', ['var6'], [28]
'var4', 138, 'computedFrom', ['var3'], [140]
'var3', 140, 'comesFrom', ['var3'], [12, 150]
'var9', 141, 'computedFrom', ['var2', 'var5', '0'], [143, 145, 148]
'var2', 143, 'comesFrom', ['var2'], [60]
'var5', 145, 'comesFrom', ['var5'], [75]
'0', 148, 'comesFrom', [], []
'var3', 150, 'computedFrom', [], []
'var3', 154, 'comesFrom', ['var3'], [150]
'append', 156, 'comesFrom', ['append'], [46]
'var2', 158, 'comesFrom', ['var2'], [60]
'var5', 160, 'comesFrom', ['var5'], [75]
'var3', 163, 'comesFrom', ['var3'], [12, 150]
'sort', 165, 'comesFrom', ['sort'], [68]
'key', 167, 'comesFrom', ['key'], [128]
'var6', 170, 'comesFrom', ['var6'], [28]
'var6', 172, 'comesFrom', ['var6'], [28]
'var4', 177, 'computedFrom', ['var3'], [179]
'var3', 179, 'comesFrom', ['var3'], [12, 150]
'var10', 180, 'computedFrom', ['0'], [182]
'0', 182, 'comesFrom', [], []
'var4', 183, 'comesFrom', ['var4'], [177]
'len', 196, 'comesFrom', ['len'], [79]
'var4', 198, 'comesFrom', ['var4'], [177]
'var10', 203, 'computedFrom', ['1'], [205]
'1', 205, 'comesFrom', [], []
'var5', 207, 'computedFrom', ['len', '1', 'range', 'var4'], [209, 211, 213, 215]
'range', 209, 'comesFrom', ['range'], [23]
'1', 211, 'comesFrom', [], []
'len', 213, 'comesFrom', ['len'], [79]
'var4', 215, 'comesFrom', ['var4'], [177]
'var9', 219, 'computedFrom', ['1', 'var5', 'var4'], [221, 223, 225]
'var4', 221, 'comesFrom', ['var4'], [177]
'var5', 223, 'comesFrom', ['var5'], [207]
'1', 225, 'comesFrom', [], []
'var11', 227, 'computedFrom', ['var5', 'var4'], [229, 231]
'var4', 229, 'comesFrom', ['var4'], [177]
'var5', 231, 'comesFrom', ['var5'], [207]
'var12', 233, 'computedFrom', ['max', '1', '0', 'var9'], [235, 237, 239, 242, 244]
'max', 235, 'comesFrom', ['max'], [235]
'var9', 237, 'comesFrom', ['var9'], [219]
'0', 239, 'comesFrom', [], []
'var9', 242, 'comesFrom', ['var9'], [219]
'1', 244, 'comesFrom', [], []
'var13', 247, 'computedFrom', ['1', '0', 'min', 'var11'], [249, 251, 253, 256, 258]
'min', 249, 'comesFrom', ['min'], [249]
'var11', 251, 'comesFrom', ['var11'], [227]
'0', 253, 'comesFrom', [], []
'var11', 256, 'comesFrom', ['var11'], [227]
'1', 258, 'comesFrom', [], []
'var13', 262, 'comesFrom', ['var13'], [247]
'var12', 264, 'comesFrom', ['var12'], [233]
'var10', 266, 'computedFrom', ['1', 'var13', 'var12'], [268, 270, 272]
'var13', 268, 'comesFrom', ['var13'], [247]
'var12', 270, 'comesFrom', ['var12'], [233]
'1', 272, 'comesFrom', [], []
'var5', 274, 'computedFrom', ['len', '1', 'range', 'var4'], [276, 278, 280, 282, 285]
'range', 276, 'comesFrom', ['range'], [23]
'1', 278, 'comesFrom', [], []
'len', 280, 'comesFrom', ['len'], [79]
'var4', 282, 'comesFrom', ['var4'], [177]
'1', 285, 'comesFrom', [], []
'var4', 289, 'comesFrom', ['var4'], [177]
'var5', 291, 'comesFrom', ['var5'], [274]
'var4', 297, 'comesFrom', ['var4'], [177]
'var5', 299, 'comesFrom', ['var5'], [274]
'var10', 305, 'computedFrom', ['1'], [307]
'1', 307, 'comesFrom', [], []
'var10', 310, 'comesFrom', ['var10'], [180, 203, 266, 305]","{'inputs': ['7\n0 0\n0 0\n0 0\n2 1\n2 2\n6 7\n7 7\n', '3\n5 4\n6 7\n9 9\n', '6\n0 0\n0 1\n1 1\n8 7\n8 8\n9 9\n', '3\n2 0\n3 1\n3 4\n', '4\n0 0\n2 2\n6 5\n7 7\n'], 'outputs': ['8\n', '10\n', '10\n', '2\n', '8\n']}",138893,"import copy


def function1(var1, var2, var3):
    var4 = dict()
    var5 = 0
    for var6 in range(var1):
        var4[var6] = -1 * (-1 * var3[var6] // 2)
        var5 += var4[var6]
    if var5 > var2:
        return -1
    var7 = dict()
    var8 = copy.deepcopy(var3)
    var8.sort()
    var9 = copy.deepcopy(var3)
    var10 = var1 - 1
    while var10 > -1:
        var11 = max(var9)
        var6 = var9.index(var11)
        var7[var10] = var6
        var9[var6] = -1
        var10 -= 1
    var12 = var2 - var5
    var13 = var1 - 1
    while var12 > 0:
        var6 = var7[var13]
        var14 = var3[var6] - var4[var6]
        if var12 >= var14:
            var4[var6] = var3[var6]
        else:
            var4[var6] += var12
        var12 -= var14
        var13 -= 1
    var15 = ''
    for var6 in range(var1):
        var15 += str(var4[var6]) + ' '
    return var15


def function2():
    var6 = 0
    for var16 in iter(input, ''):
        if var6 == 0:
            var17 = var16.split(' ')
            var1, var2 = int(var17[0]), int(var17[1])
        else:
            var16 = var16.split(' ')
            var3 = list(map(int, var16))
            break
        var6 += 1
    print(function1(var1, var2, var3))


function2()","'copy', 1, 'comesFrom', [], []
'function1', 3, 'comesFrom', [], []
'var1', 5, 'comesFrom', [], []
'var2', 7, 'comesFrom', [], []
'var3', 9, 'comesFrom', [], []
'var4', 12, 'computedFrom', ['dict'], [14]
'dict', 14, 'comesFrom', [], []
'var5', 17, 'computedFrom', ['0'], [19]
'0', 19, 'comesFrom', [], []
'var6', 21, 'computedFrom', ['var1', 'range'], [23, 25]
'range', 23, 'comesFrom', ['range'], [23]
'var1', 25, 'comesFrom', ['var1'], [5]
'var4', 28, 'computedFrom', ['1', 'var6', '2', 'var3'], [34, 38, 40, 42, 45]
'var6', 30, 'computedFrom', ['1', 'var6', '2', 'var3'], [34, 38, 40, 42, 45]
'1', 34, 'comesFrom', [], []
'1', 38, 'comesFrom', [], []
'var3', 40, 'comesFrom', ['var3'], [9]
'var6', 42, 'comesFrom', ['var6'], [21]
'2', 45, 'comesFrom', [], []
'var5', 47, 'computedFrom', ['var6', 'var4'], [49, 51]
'var4', 49, 'comesFrom', ['var4'], [28]
'var6', 51, 'comesFrom', ['var6'], [30]
'var5', 54, 'comesFrom', ['var5'], [47]
'var2', 56, 'comesFrom', ['var2'], [7]
'var7', 61, 'computedFrom', ['dict'], [63]
'dict', 63, 'comesFrom', ['dict'], [14]
'var8', 66, 'computedFrom', ['copy', 'deepcopy', 'var3'], [68, 70, 72]
'copy', 68, 'comesFrom', ['copy'], [1]
'deepcopy', 70, 'comesFrom', [], []
'var3', 72, 'comesFrom', ['var3'], [9]
'var8', 74, 'comesFrom', ['var8'], [66]
'var9', 79, 'computedFrom', ['copy', 'deepcopy', 'var3'], [81, 83, 85]
'copy', 81, 'comesFrom', ['copy'], [1]
'deepcopy', 83, 'comesFrom', ['deepcopy'], [70]
'var3', 85, 'comesFrom', ['var3'], [9]
'var10', 87, 'computedFrom', ['var1', '1'], [89, 91]
'var1', 89, 'comesFrom', ['var1'], [5]
'1', 91, 'comesFrom', [], []
'var10', 93, 'comesFrom', ['var10'], [87, 125]
'var11', 98, 'computedFrom', ['max', 'var9'], [100, 102]
'max', 100, 'comesFrom', ['max'], [100]
'var9', 102, 'comesFrom', ['var9'], [79, 118]
'var6', 104, 'computedFrom', ['var9', 'index', 'var11'], [106, 108, 110]
'var9', 106, 'comesFrom', ['var9'], [79, 118]
'index', 108, 'comesFrom', ['index'], [108]
'var11', 110, 'comesFrom', ['var11'], [98]
'var7', 112, 'computedFrom', ['var6'], [117]
'var10', 114, 'computedFrom', ['var6'], [117]
'var6', 117, 'comesFrom', ['var6'], [104]
'var9', 118, 'computedFrom', ['1'], [124]
'var6', 120, 'computedFrom', ['1'], [124]
'1', 124, 'comesFrom', [], []
'var10', 125, 'computedFrom', ['1'], [127]
'1', 127, 'comesFrom', [], []
'var12', 128, 'computedFrom', ['var2', 'var5'], [130, 132]
'var2', 130, 'comesFrom', ['var2'], [7]
'var5', 132, 'comesFrom', ['var5'], [47]
'var13', 133, 'computedFrom', ['var1', '1'], [135, 137]
'var1', 135, 'comesFrom', ['var1'], [5]
'1', 137, 'comesFrom', [], []
'var12', 139, 'comesFrom', ['var12'], [128, 182]
'var6', 143, 'computedFrom', ['var7', 'var13'], [145, 147]
'var7', 145, 'comesFrom', ['var7'], [112]
'var13', 147, 'comesFrom', ['var13'], [133, 185]
'var14', 149, 'computedFrom', ['var6', 'var4', 'var3'], [151, 153, 156, 158]
'var3', 151, 'comesFrom', ['var3'], [9]
'var6', 153, 'comesFrom', ['var6'], [143]
'var4', 156, 'comesFrom', ['var4'], [28, 165, 176]
'var6', 158, 'comesFrom', ['var6'], [143]
'var12', 161, 'comesFrom', ['var12'], [128, 182]
'var14', 163, 'comesFrom', ['var14'], [149]
'var4', 165, 'computedFrom', ['var3'], [170]
'var6', 167, 'computedFrom', ['var6'], [172]
'var3', 170, 'comesFrom', ['var3'], [9]
'var6', 172, 'comesFrom', ['var6'], [143]
'var4', 176, 'computedFrom', ['var12'], [181]
'var6', 178, 'computedFrom', ['var12'], [181]
'var12', 181, 'comesFrom', ['var12'], [128, 182]
'var12', 182, 'computedFrom', ['var14'], [184]
'var14', 184, 'comesFrom', ['var14'], [149]
'var13', 185, 'computedFrom', ['1'], [187]
'1', 187, 'comesFrom', [], []
'var15', 188, 'computedFrom', [""''""], [190]
""''"", 190, 'comesFrom', [], []
'var6', 192, 'computedFrom', ['var1', 'range'], [194, 196]
'range', 194, 'comesFrom', ['range'], [23]
'var1', 196, 'comesFrom', ['var1'], [5]
'var15', 199, 'computedFrom', ['str', 'var6', 'var4', ""' '""], [201, 203, 205, 209]
'str', 201, 'comesFrom', ['str'], [201]
'var4', 203, 'comesFrom', ['var4'], [165, 176]
'var6', 205, 'comesFrom', ['var6'], [192]
""' '"", 209, 'comesFrom', [], []
'var15', 211, 'comesFrom', ['var15'], [199]
'function2', 213, 'comesFrom', [], []
'var6', 217, 'computedFrom', ['0'], [219]
'0', 219, 'comesFrom', [], []
'var16', 221, 'computedFrom', ['iter', ""''"", 'input'], [223, 225, 227]
'iter', 223, 'comesFrom', ['iter'], [223]
'input', 225, 'comesFrom', ['input'], [225]
""''"", 227, 'comesFrom', [], []
'var6', 231, 'comesFrom', ['var6'], [217, 284]
'var17', 235, 'computedFrom', ['split', 'var16', ""' '""], [237, 239, 241]
'var16', 237, 'comesFrom', ['var16'], [221]
'split', 239, 'comesFrom', ['split'], [239, 268]
""' '"", 241, 'comesFrom', [], []
'var1', 243, 'computedFrom', ['int', 'var17', '0'], [247, 249, 251]
'var2', 245, 'computedFrom', ['1', 'int', 'var17'], [255, 257, 259]
'int', 247, 'comesFrom', ['int'], [247, 278]
'var17', 249, 'comesFrom', ['var17'], [235]
'0', 251, 'comesFrom', [], []
'int', 255, 'comesFrom', ['int'], [247, 278]
'var17', 257, 'comesFrom', ['var17'], [235]
'1', 259, 'comesFrom', [], []
'var16', 264, 'computedFrom', ['split', 'var16', ""' '""], [266, 268, 270]
'var16', 266, 'comesFrom', ['var16'], [221]
'split', 268, 'comesFrom', ['split'], [239, 268]
""' '"", 270, 'comesFrom', [], []
'var3', 272, 'computedFrom', ['var16', 'int', 'map', 'list'], [274, 276, 278, 280]
'list', 274, 'comesFrom', ['list'], [274]
'map', 276, 'comesFrom', ['map'], [276]
'int', 278, 'comesFrom', ['int'], [247, 278]
'var16', 280, 'comesFrom', ['var16'], [264]
'var6', 284, 'computedFrom', ['1'], [286]
'1', 286, 'comesFrom', [], []
'function1', 289, 'comesFrom', ['function1'], [3]
'var1', 291, 'comesFrom', ['var1'], [5, 243]
'var2', 293, 'comesFrom', ['var2'], [7, 245]
'var3', 295, 'comesFrom', ['var3'], [9, 272]
'function2', 298, 'comesFrom', ['function2'], [213]","{'inputs': ['50 1113\n25 21 23 37 28 23 19 25 5 12 3 11 46 50 13 50 7 1 8 40 4 6 34 27 11 39 45 31 10 12 48 2 19 37 47 45 30 24 21 42 36 14 31 30 31 50 6 3 33 49\n', '30 50\n3 1 2 4 1 2 2 4 3 4 4 3 3 3 3 5 3 2 5 4 3 3 5 3 3 5 4 5 3 5\n', '3 100\n37 26 37\n', '3 10\n9 8 10\n', '52 2615\n73 78 70 92 94 74 46 19 55 20 70 3 1 42 68 10 66 80 1 31 65 19 73 74 56 35 53 38 92 35 65 81 6 98 74 51 27 49 76 19 86 76 5 60 14 75 64 99 43 7 36 79\n'], 'outputs': ['13 11 12 37 28 12 10 18 3 6 2 6 46 50 7 50 4 1 4 40 2 3 34 27 6 39 45 31 5 6 48 1 10 37 47 45 30 12 11 42 36 7 31 30 31 50 3 2 33 49\n', '-1\n', '37 26 37\n', '-1\n', '73 78 70 92 94 74 46 10 55 10 70 2 1 42 68 5 66 80 1 16 65 10 73 74 56 18 53 38 92 30 65 81 3 98 74 51 14 49 76 10 86 76 3 60 7 75 64 99 43 4 36 79\n']}",142584,"from collections import Counter
var1 = 10 ** 9 + 7


def function1(var2, var3):
    var4 = 1
    while var3:
        if var3 & 1:
            var4 *= var2
            var4 %= var1
        var2 *= var2
        var2 %= var1
        var3 //= 2
    return var4


var3, var5 = map(int, input().split())
var6 = [[var7] for var7 in range(var3)]


def function2(var2):
    var4 = var6[var2 - 1]
    while type(var4[0]) == list:
        var4 = var4[0]
    if type(var6[var2 - 1][0]) == list:
        var6[var2 - 1][:] = [var4]
    return var4


for var8 in range(var3 - 1):
    var2, var9, var10 = map(int, input().split())
    if not var10:
        var11 = function2(var2)
        var12 = function2(var9)
        if var11 != var12:
            var12[:] = [var11]
var4 = function1(var3, var5)
for var13 in Counter(function2(var14)[0] for var14 in range(1, var3 + 1)).values():
    var4 -= function1(var13, var5)
    var4 %= var1
print(var4)","'Counter', 3, 'comesFrom', [], []
'var1', 4, 'computedFrom', ['10', '9', '7'], [6, 8, 10]
'10', 6, 'comesFrom', [], []
'9', 8, 'comesFrom', [], []
'7', 10, 'comesFrom', [], []
'function1', 12, 'comesFrom', [], []
'var2', 14, 'comesFrom', [], []
'var3', 16, 'comesFrom', [], []
'var4', 19, 'computedFrom', ['1'], [21]
'1', 21, 'comesFrom', [], []
'var3', 23, 'comesFrom', ['var3'], [16, 42]
'var3', 26, 'comesFrom', ['var3'], [16, 42]
'var4', 30, 'computedFrom', ['var2'], [32]
'var2', 32, 'comesFrom', ['var2'], [14, 39]
'var4', 33, 'computedFrom', ['var1'], [35]
'var1', 35, 'comesFrom', ['var1'], [4]
'var2', 36, 'computedFrom', ['var2'], [38]
'var2', 38, 'comesFrom', ['var2'], [14, 39]
'var2', 39, 'computedFrom', ['var1'], [41]
'var1', 41, 'comesFrom', ['var1'], [4]
'var3', 42, 'computedFrom', ['2'], [44]
'2', 44, 'comesFrom', [], []
'var4', 46, 'comesFrom', ['var4'], [19, 33]
'var3', 47, 'computedFrom', ['map'], [51]
'var5', 49, 'computedFrom', ['int', 'input', 'split'], [53, 55, 59]
'map', 51, 'comesFrom', [], []
'int', 53, 'comesFrom', [], []
'input', 55, 'comesFrom', [], []
'split', 59, 'comesFrom', [], []
'var6', 63, 'computedFrom', ['var7', 'var7', 'range', 'var3'], [67, 70, 72, 74]
'var7', 67, 'comesFrom', ['var7'], [70]
'var7', 70, 'computedFrom', ['range', 'var3'], [72, 74]
'range', 72, 'comesFrom', [], []
'var3', 74, 'comesFrom', ['var3'], [47]
'function2', 78, 'comesFrom', [], []
'var2', 80, 'comesFrom', ['var2'], [39]
'var4', 83, 'computedFrom', ['var6', 'var2', '1'], [85, 87, 89]
'var6', 85, 'comesFrom', ['var6'], [63]
'var2', 87, 'comesFrom', ['var2'], [39]
'1', 89, 'comesFrom', [], []
'type', 92, 'comesFrom', ['type'], [92]
'var4', 94, 'comesFrom', ['var4'], [83, 102]
'list', 100, 'comesFrom', ['list'], [100]
'var4', 102, 'computedFrom', ['0', 'var4'], [104, 106]
'var4', 104, 'comesFrom', ['var4'], [83, 102]
'0', 106, 'comesFrom', [], []
'type', 109, 'comesFrom', ['type'], [92]
'var6', 111, 'comesFrom', ['var6'], [63]
'var2', 113, 'comesFrom', ['var2'], [39]
'list', 122, 'comesFrom', ['list'], [100]
'var6', 124, 'computedFrom', ['var4'], [135]
'var2', 126, 'computedFrom', ['var4'], [135]
'1', 128, 'computedFrom', ['var4'], [135]
'var4', 135, 'comesFrom', ['var4'], [102]
'var4', 138, 'comesFrom', ['var4'], [102]
'var8', 140, 'computedFrom', ['1', 'range', 'var3'], [142, 144, 146]
'range', 142, 'comesFrom', ['range'], [72]
'var3', 144, 'comesFrom', ['var3'], [47]
'1', 146, 'comesFrom', ['1'], [128]
'var2', 149, 'computedFrom', ['split', 'int', 'input', 'map'], [155, 157, 159, 163]
'var9', 151, 'computedFrom', ['split', 'int', 'input', 'map'], [155, 157, 159, 163]
'var10', 153, 'computedFrom', ['split', 'int', 'input', 'map'], [155, 157, 159, 163]
'map', 155, 'comesFrom', ['map'], [51]
'int', 157, 'comesFrom', ['int'], [53]
'input', 159, 'comesFrom', ['input'], [55]
'split', 163, 'comesFrom', ['split'], [59]
'var10', 169, 'comesFrom', ['var10'], [153]
'var11', 171, 'computedFrom', ['var2', 'function2'], [173, 175]
'function2', 173, 'comesFrom', ['function2'], [78]
'var2', 175, 'comesFrom', ['var2'], [149]
'var12', 177, 'computedFrom', ['var9', 'function2'], [179, 181]
'function2', 179, 'comesFrom', ['function2'], [78]
'var9', 181, 'comesFrom', ['var9'], [151]
'var11', 184, 'comesFrom', ['var11'], [171]
'var12', 186, 'comesFrom', ['var12'], [177]
'var12', 188, 'computedFrom', ['var11'], [194]
'var11', 194, 'comesFrom', ['var11'], [171]
'var4', 196, 'computedFrom', ['function1', 'var3', 'var5'], [198, 200, 202]
'function1', 198, 'comesFrom', ['function1'], [12]
'var3', 200, 'comesFrom', ['var3'], [47]
'var5', 202, 'comesFrom', ['var5'], [49]
'var13', 205, 'computedFrom', ['0', 'range', 'values', 'var3', '1', 'var14', 'function2', 'Counter'], [207, 209, 211, 214, 217, 219, 221, 223, 225, 229]
'Counter', 207, 'comesFrom', ['Counter'], [3]
'function2', 209, 'comesFrom', ['function2'], [78]
'var14', 211, 'comesFrom', ['var14'], [217]
'0', 214, 'comesFrom', [], []
'var14', 217, 'computedFrom', ['1', 'range', 'var3'], [219, 221, 223, 225]
'range', 219, 'comesFrom', ['range'], [72]
'1', 221, 'comesFrom', ['1'], [128]
'var3', 223, 'comesFrom', ['var3'], [47]
'1', 225, 'comesFrom', ['1'], [128]
'values', 229, 'comesFrom', ['values'], [229]
'var4', 233, 'computedFrom', ['function1', 'var5', 'var13'], [235, 237, 239]
'function1', 235, 'comesFrom', ['function1'], [12]
'var13', 237, 'comesFrom', ['var13'], [205]
'var5', 239, 'comesFrom', ['var5'], [49]
'var4', 241, 'computedFrom', ['var1'], [243]
'var1', 243, 'comesFrom', ['var1'], [4]
'var4', 246, 'comesFrom', ['var4'], [241]","{'inputs': ['7 12\n4 5 0\n2 7 1\n7 6 1\n2 5 0\n2 3 0\n1 6 0\n', '3 5\n1 2 1\n2 3 0\n', '4 6\n1 2 0\n1 3 0\n1 4 0\n', '4 19\n2 4 1\n2 3 0\n1 4 0\n', '13 3\n9 13 1\n8 3 1\n11 9 0\n8 13 0\n10 9 0\n2 7 0\n4 8 1\n11 5 0\n10 12 0\n12 1 1\n5 7 0\n6 8 1\n'], 'outputs': ['824505797\n', '210\n', '0\n', '876856450\n', '1842\n']}",136812,"def function1(var1, var2):
    var3 = 0
    var4 = 0
    for var5 in range(var1, var2):
        var6 = ''.join(var7[var5])
        var6 = var6.split('0')
        for var8 in var6:
            var9 = len(var8)
            if var9 > var3:
                var3 = var9
                var4 = var5
    return var3, var4


def function2(var10, var11):
    var12 = 0
    var13 = var11
    while var13 != -1 and var7[var10][var13] == '1':
        var12 += 1
        var13 -= 1
    var13 = var11
    while var13 != var14 and var7[var10][var13] == '1':
        var12 += 1
        var13 += 1
    if var7[var10][var11] == '1':
        var12 -= 1
    return var12


var15, var14, var16 = map(int, input().split())
var7 = []
for var5 in range(var15):
    var7.append(input().split())
var3, var4 = function1(0, var15)
for var5 in range(var16):
    var10, var11 = map(int, input().split())
    var10 -= 1
    var11 -= 1
    var7[var10][var11] = str(1 - int(var7[var10][var11]))
    if var10 == var4:
        var3, var4 = function1(0, var15)
    else:
        var12 = function2(var10, var11)
        if var12 > var3:
            var3 = var12
            var4 = var10
    print(var3)","'function1', 1, 'comesFrom', [], []
'var1', 3, 'comesFrom', [], []
'var2', 5, 'comesFrom', [], []
'var3', 8, 'computedFrom', ['0'], [10]
'0', 10, 'comesFrom', [], []
'var4', 11, 'computedFrom', ['0'], [13]
'0', 13, 'comesFrom', [], []
'var5', 15, 'computedFrom', ['var1', 'var2', 'range'], [17, 19, 21]
'range', 17, 'comesFrom', ['range'], [17]
'var1', 19, 'comesFrom', ['var1'], [3]
'var2', 21, 'comesFrom', ['var2'], [5]
'var6', 24, 'computedFrom', ['var7', ""''"", 'var5', 'join'], [26, 28, 30, 32]
""''"", 26, 'comesFrom', [], []
'join', 28, 'comesFrom', ['join'], [28]
'var7', 30, 'comesFrom', ['var7'], [30]
'var5', 32, 'comesFrom', ['var5'], [15]
'var6', 35, 'computedFrom', ['split', ""'0'"", 'var6'], [37, 39, 41]
'var6', 37, 'comesFrom', ['var6'], [24]
'split', 39, 'comesFrom', ['split'], [39]
""'0'"", 41, 'comesFrom', [], []
'var8', 44, 'computedFrom', ['var6'], [46]
'var6', 46, 'comesFrom', ['var6'], [35]
'var9', 48, 'computedFrom', ['len', 'var8'], [50, 52]
'len', 50, 'comesFrom', ['len'], [50]
'var8', 52, 'comesFrom', ['var8'], [44]
'var9', 55, 'comesFrom', ['var9'], [48]
'var3', 57, 'comesFrom', ['var3'], [8, 59]
'var3', 59, 'computedFrom', ['var9'], [61]
'var9', 61, 'comesFrom', ['var9'], [48]
'var4', 62, 'computedFrom', ['var5'], [64]
'var5', 64, 'comesFrom', ['var5'], [15]
'var3', 66, 'comesFrom', ['var3'], [8, 59]
'var4', 68, 'comesFrom', ['var4'], [11, 62]
'function2', 70, 'comesFrom', [], []
'var10', 72, 'comesFrom', [], []
'var11', 74, 'comesFrom', [], []
'var12', 77, 'computedFrom', ['0'], [79]
'0', 79, 'comesFrom', [], []
'var13', 80, 'computedFrom', ['var11'], [82]
'var11', 82, 'comesFrom', ['var11'], [74]
'var13', 84, 'comesFrom', ['var13'], [80, 102]
'var7', 89, 'comesFrom', ['var7'], [30]
'var10', 91, 'comesFrom', ['var10'], [72]
'var13', 94, 'comesFrom', ['var13'], [80, 102]
'var12', 99, 'computedFrom', ['1'], [101]
'1', 101, 'comesFrom', [], []
'var13', 102, 'computedFrom', ['1'], [104]
'1', 104, 'comesFrom', [], []
'var13', 105, 'computedFrom', ['var11'], [107]
'var11', 107, 'comesFrom', ['var11'], [74]
'var13', 109, 'comesFrom', ['var13'], [105, 126]
'var14', 111, 'comesFrom', ['var14'], [111]
'var7', 113, 'comesFrom', ['var7'], [30]
'var10', 115, 'comesFrom', ['var10'], [72]
'var13', 118, 'comesFrom', ['var13'], [105, 126]
'var12', 123, 'computedFrom', ['1'], [125]
'1', 125, 'comesFrom', [], []
'var13', 126, 'computedFrom', ['1'], [128]
'1', 128, 'comesFrom', [], []
'var7', 130, 'comesFrom', ['var7'], [30]
'var10', 132, 'comesFrom', ['var10'], [72]
'var11', 135, 'comesFrom', ['var11'], [74]
'var12', 140, 'computedFrom', ['1'], [142]
'1', 142, 'comesFrom', [], []
'var12', 144, 'comesFrom', ['var12'], [123, 140]
'var15', 145, 'computedFrom', ['map', 'int', 'input', 'split'], [151, 153, 155, 159]
'var14', 147, 'computedFrom', ['map', 'int', 'input', 'split'], [151, 153, 155, 159]
'var16', 149, 'computedFrom', ['map', 'int', 'input', 'split'], [151, 153, 155, 159]
'map', 151, 'comesFrom', [], []
'int', 153, 'comesFrom', [], []
'input', 155, 'comesFrom', [], []
'split', 159, 'comesFrom', ['split'], [39]
'var7', 163, 'computedFrom', [], []
'var5', 168, 'computedFrom', ['var15', 'range'], [170, 172]
'range', 170, 'comesFrom', ['range'], [17]
'var15', 172, 'comesFrom', ['var15'], [145]
'var7', 175, 'comesFrom', ['var7'], [163]
'append', 177, 'comesFrom', ['append'], [177]
'input', 179, 'comesFrom', ['input'], [155]
'split', 183, 'comesFrom', ['split'], [39]
'var3', 187, 'computedFrom', ['function1'], [191]
'var4', 189, 'computedFrom', ['0', 'var15'], [193, 195]
'function1', 191, 'comesFrom', ['function1'], [1]
'0', 193, 'comesFrom', [], []
'var15', 195, 'comesFrom', ['var15'], [145]
'var5', 198, 'computedFrom', ['var16', 'range'], [200, 202]
'range', 200, 'comesFrom', ['range'], [17]
'var16', 202, 'comesFrom', ['var16'], [149]
'var10', 205, 'computedFrom', ['map'], [209]
'var11', 207, 'computedFrom', ['split', 'int', 'input'], [211, 213, 217]
'map', 209, 'comesFrom', ['map'], [151]
'int', 211, 'comesFrom', ['int'], [153]
'input', 213, 'comesFrom', ['input'], [155]
'split', 217, 'comesFrom', ['split'], [39]
'var10', 221, 'computedFrom', ['1'], [223]
'1', 223, 'comesFrom', [], []
'var11', 224, 'computedFrom', ['1'], [226]
'1', 226, 'comesFrom', [], []
'var7', 227, 'computedFrom', ['var7', 'str', 'var11', 'int', 'var10', '1'], [235, 237, 239, 241, 243, 246]
'var10', 229, 'computedFrom', ['var7', 'str', 'var11', 'int', 'var10', '1'], [235, 237, 239, 241, 243, 246]
'var11', 232, 'computedFrom', ['var7', 'str', 'var11', 'int', 'var10', '1'], [235, 237, 239, 241, 243, 246]
'str', 235, 'comesFrom', ['str'], [235]
'1', 237, 'comesFrom', [], []
'int', 239, 'comesFrom', ['int'], [153]
'var7', 241, 'comesFrom', ['var7'], [163, 227]
'var10', 243, 'comesFrom', ['var10'], [221]
'var11', 246, 'comesFrom', ['var11'], [224]
'var10', 251, 'comesFrom', ['var10'], [229]
'var4', 253, 'comesFrom', ['var4'], [189, 257, 283]
'var3', 255, 'computedFrom', ['function1'], [259]
'var4', 257, 'computedFrom', ['var15', '0'], [261, 263]
'function1', 259, 'comesFrom', ['function1'], [1]
'0', 261, 'comesFrom', [], []
'var15', 263, 'comesFrom', ['var15'], [145]
'var12', 267, 'computedFrom', ['function2', 'var10', 'var11'], [269, 271, 273]
'function2', 269, 'comesFrom', ['function2'], [70]
'var10', 271, 'comesFrom', ['var10'], [229]
'var11', 273, 'comesFrom', ['var11'], [232]
'var12', 276, 'comesFrom', ['var12'], [267]
'var3', 278, 'comesFrom', ['var3'], [187, 255, 280]
'var3', 280, 'computedFrom', ['var12'], [282]
'var12', 282, 'comesFrom', ['var12'], [267]
'var4', 283, 'computedFrom', ['var10'], [285]
'var10', 285, 'comesFrom', ['var10'], [229]
'print', 286, 'comesFrom', ['print'], [286]
'var3', 288, 'comesFrom', ['var3'], [187, 255, 280]","{'inputs': ['2 2 10\n1 1\n0 1\n2 2\n2 2\n1 1\n2 1\n2 1\n1 1\n1 1\n2 1\n1 1\n2 1\n', '1 1 3\n1\n1 1\n1 1\n1 1\n', '1 5 5\n0 0 0 0 0\n1 2\n1 1\n1 4\n1 5\n1 3\n', '5 5 30\n0 1 1 1 0\n1 1 0 1 1\n0 1 1 1 1\n0 0 1 1 0\n0 0 0 0 0\n3 2\n2 2\n2 2\n4 3\n1 4\n3 2\n4 1\n2 4\n1 4\n2 1\n5 2\n4 1\n4 1\n5 1\n2 4\n2 4\n4 4\n1 2\n3 1\n4 5\n1 2\n2 3\n1 1\n5 1\n3 4\n1 1\n5 4\n1 5\n5 4\n2 2\n', '5 1 5\n0\n0\n0\n0\n0\n1 1\n2 1\n3 1\n4 1\n5 1\n'], 'outputs': ['2\n2\n1\n2\n1\n2\n1\n2\n2\n2\n', '0\n1\n0\n', '1\n2\n2\n2\n5\n', '3\n3\n3\n3\n3\n4\n4\n4\n4\n4\n4\n4\n4\n4\n4\n4\n4\n4\n5\n5\n5\n5\n5\n5\n4\n3\n3\n4\n4\n4\n', '1\n1\n1\n1\n1\n']}","#### Reference Example 1:
### Python Program:
```python
var1 = int(input())
var2 = []
var3 = []
var4 = []
for var5 in range(var1):
    var6, var7 = map(int, input().split())
    var2.append((var6, var7))
var2 = set(var2)
var2 = list(var2)
var2.sort()
var8 = 0
for var5 in range(len(var2)):
    if var8 == 0:
        var9 = var2[var5][0]
    if var9 == var2[var5][0]:
        var3.append(var2[var5])
        var8 = 1
    else:
        var3.sort(key=lambda var6: var6[1])
        var4 += var3
        var9 = var2[var5][0]
        var3 = []
        var3.append(var2[var5])
var3.sort(key=lambda var6: var6[1])
var4 += var3
var10 = 0
var4.insert(0, (0, 0))
if len(var4) == 1:
    var10 += 1
for var5 in range(1, len(var4)):
    var9 = var4[var5 - 1]
    var11 = var4[var5]
    var12 = max(var9[0], var9[1])
    var13 = min(var11[0], var11[1])
    if var13 >= var12:
        var10 += var13 - var12 + 1
for var5 in range(1, len(var4) - 1):
    if var4[var5][0] == var4[var5][1]:
        var10 -= 1
print(var10)
```

### Input/Output Unit Test Cases:
```Input/Output Unit Test Cases
## Test Case 1:
Input: '7
0 0
0 0
0 0
2 1
2 2
6 7
7 7'
Output: '8'

## Test Case 2:
Input: '3
5 4
6 7
9 9'
Output: '10'

## Test Case 3:
Input: '6
0 0
0 1
1 1
8 7
8 8
9 9'
Output: '10'

## Test Case 4:
Input: '3
2 0
3 1
3 4'
Output: '2'

## Test Case 5:
Input: '4
0 0
2 2
6 5
7 7'
Output: '8'

```

#### Reference Example 2:
### Python Program:
```python
import copy


def function1(var1, var2, var3):
    var4 = dict()
    var5 = 0
    for var6 in range(var1):
        var4[var6] = -1 * (-1 * var3[var6] // 2)
        var5 += var4[var6]
    if var5 > var2:
        return -1
    var7 = dict()
    var8 = copy.deepcopy(var3)
    var8.sort()
    var9 = copy.deepcopy(var3)
    var10 = var1 - 1
    while var10 > -1:
        var11 = max(var9)
        var6 = var9.index(var11)
        var7[var10] = var6
        var9[var6] = -1
        var10 -= 1
    var12 = var2 - var5
    var13 = var1 - 1
    while var12 > 0:
        var6 = var7[var13]
        var14 = var3[var6] - var4[var6]
        if var12 >= var14:
            var4[var6] = var3[var6]
        else:
            var4[var6] += var12
        var12 -= var14
        var13 -= 1
    var15 = ''
    for var6 in range(var1):
        var15 += str(var4[var6]) + ' '
    return var15


def function2():
    var6 = 0
    for var16 in iter(input, ''):
        if var6 == 0:
            var17 = var16.split(' ')
            var1, var2 = int(var17[0]), int(var17[1])
        else:
            var16 = var16.split(' ')
            var3 = list(map(int, var16))
            break
        var6 += 1
    print(function1(var1, var2, var3))


function2()
```

### Input/Output Unit Test Cases:
```Input/Output Unit Test Cases
## Test Case 1:
Input: '50 1113
25 21 23 37 28 23 19 25 5 12 3 11 46 50 13 50 7 1 8 40 4 6 34 27 11 39 45 31 10 12 48 2 19 37 47 45 30 24 21 42 36 14 31 30 31 50 6 3 33 49'
Output: '13 11 12 37 28 12 10 18 3 6 2 6 46 50 7 50 4 1 4 40 2 3 34 27 6 39 45 31 5 6 48 1 10 37 47 45 30 12 11 42 36 7 31 30 31 50 3 2 33 49'

## Test Case 2:
Input: '30 50
3 1 2 4 1 2 2 4 3 4 4 3 3 3 3 5 3 2 5 4 3 3 5 3 3 5 4 5 3 5'
Output: '-1'

## Test Case 3:
Input: '3 100
37 26 37'
Output: '37 26 37'

## Test Case 4:
Input: '3 10
9 8 10'
Output: '-1'

## Test Case 5:
Input: '52 2615
73 78 70 92 94 74 46 19 55 20 70 3 1 42 68 10 66 80 1 31 65 19 73 74 56 35 53 38 92 35 65 81 6 98 74 51 27 49 76 19 86 76 5 60 14 75 64 99 43 7 36 79'
Output: '73 78 70 92 94 74 46 10 55 10 70 2 1 42 68 5 66 80 1 16 65 10 73 74 56 18 53 38 92 30 65 81 3 98 74 51 14 49 76 10 86 76 3 60 7 75 64 99 43 4 36 79'

```

#### Reference Example 3:
### Python Program:
```python
from collections import Counter
var1 = 10 ** 9 + 7


def function1(var2, var3):
    var4 = 1
    while var3:
        if var3 & 1:
            var4 *= var2
            var4 %= var1
        var2 *= var2
        var2 %= var1
        var3 //= 2
    return var4


var3, var5 = map(int, input().split())
var6 = [[var7] for var7 in range(var3)]


def function2(var2):
    var4 = var6[var2 - 1]
    while type(var4[0]) == list:
        var4 = var4[0]
    if type(var6[var2 - 1][0]) == list:
        var6[var2 - 1][:] = [var4]
    return var4


for var8 in range(var3 - 1):
    var2, var9, var10 = map(int, input().split())
    if not var10:
        var11 = function2(var2)
        var12 = function2(var9)
        if var11 != var12:
            var12[:] = [var11]
var4 = function1(var3, var5)
for var13 in Counter(function2(var14)[0] for var14 in range(1, var3 + 1)).values():
    var4 -= function1(var13, var5)
    var4 %= var1
print(var4)
```

### Input/Output Unit Test Cases:
```Input/Output Unit Test Cases
## Test Case 1:
Input: '7 12
4 5 0
2 7 1
7 6 1
2 5 0
2 3 0
1 6 0'
Output: '824505797'

## Test Case 2:
Input: '3 5
1 2 1
2 3 0'
Output: '210'

## Test Case 3:
Input: '4 6
1 2 0
1 3 0
1 4 0'
Output: '0'

## Test Case 4:
Input: '4 19
2 4 1
2 3 0
1 4 0'
Output: '876856450'

## Test Case 5:
Input: '13 3
9 13 1
8 3 1
11 9 0
8 13 0
10 9 0
2 7 0
4 8 1
11 5 0
10 12 0
12 1 1
5 7 0
6 8 1'
Output: '1842'

```

#### Reference Example 4:
### Python Program:
```python
def function1(var1, var2):
    var3 = 0
    var4 = 0
    for var5 in range(var1, var2):
        var6 = ''.join(var7[var5])
        var6 = var6.split('0')
        for var8 in var6:
            var9 = len(var8)
            if var9 > var3:
                var3 = var9
                var4 = var5
    return var3, var4


def function2(var10, var11):
    var12 = 0
    var13 = var11
    while var13 != -1 and var7[var10][var13] == '1':
        var12 += 1
        var13 -= 1
    var13 = var11
    while var13 != var14 and var7[var10][var13] == '1':
        var12 += 1
        var13 += 1
    if var7[var10][var11] == '1':
        var12 -= 1
    return var12


var15, var14, var16 = map(int, input().split())
var7 = []
for var5 in range(var15):
    var7.append(input().split())
var3, var4 = function1(0, var15)
for var5 in range(var16):
    var10, var11 = map(int, input().split())
    var10 -= 1
    var11 -= 1
    var7[var10][var11] = str(1 - int(var7[var10][var11]))
    if var10 == var4:
        var3, var4 = function1(0, var15)
    else:
        var12 = function2(var10, var11)
        if var12 > var3:
            var3 = var12
            var4 = var10
    print(var3)
```

### Input/Output Unit Test Cases:
```Input/Output Unit Test Cases
## Test Case 1:
Input: '2 2 10
1 1
0 1
2 2
2 2
1 1
2 1
2 1
1 1
1 1
2 1
1 1
2 1'
Output: '2
2
1
2
1
2
1
2
2
2'

## Test Case 2:
Input: '1 1 3
1
1 1
1 1
1 1'
Output: '0
1
0'

## Test Case 3:
Input: '1 5 5
0 0 0 0 0
1 2
1 1
1 4
1 5
1 3'
Output: '1
2
2
2
5'

## Test Case 4:
Input: '5 5 30
0 1 1 1 0
1 1 0 1 1
0 1 1 1 1
0 0 1 1 0
0 0 0 0 0
3 2
2 2
2 2
4 3
1 4
3 2
4 1
2 4
1 4
2 1
5 2
4 1
4 1
5 1
2 4
2 4
4 4
1 2
3 1
4 5
1 2
2 3
1 1
5 1
3 4
1 1
5 4
1 5
5 4
2 2'
Output: '3
3
3
3
3
4
4
4
4
4
4
4
4
4
4
4
4
4
5
5
5
5
5
5
4
3
3
4
4
4'

## Test Case 5:
Input: '5 1 5
0
0
0
0
0
1 1
2 1
3 1
4 1
5 1'
Output: '1
1
1
1
1'

```

"
u884982181,p03325,python,s470797111,s347705079,557,99,14868,4148,Accepted,Accepted,82.23,"import numpy as np

N = int(eval(input()))

a = list(map(int,input().split()))

ans = 0

a = np.array(a)

while a.size > 0:

    a = a[a%2 == 0]

    ans += len(a)

    a = a//2

print(ans)","n = int(eval(input()))

a = list(map(int,input().split()))

ans = 0

for i in range(n):

    while a[i]%2 == 0:

        a[i] //=2

        ans+=1

print(ans)",10,8,183,152,"import numpy as np

N = int(eval(input()))
a = list(map(int, input().split()))
ans = 0
a = np.array(a)
while a.size > 0:
    a = a[a % 2 == 0]
    ans += len(a)
    a = a // 2
print(ans)
","n = int(eval(input()))
a = list(map(int, input().split()))
ans = 0
for i in range(n):
    while a[i] % 2 == 0:
        a[i] //= 2
        ans += 1
print(ans)
",False,20.0,"['-import numpy as np', '-', '-N = int(eval(input()))', '+n = int(eval(input()))', '-a = np.array(a)', '-while a.size > 0:', '-    a = a[a % 2 == 0]', '-    ans += len(a)', '-    a = a // 2', '+for i in range(n):', '+    while a[i] % 2 == 0:', '+        a[i] //= 2', '+        ans += 1']",False,1.402619367,0.203185857,6.903134849,"['s470797111', 's347705079']","{'inputs': ['3\n5 2 4\n', '4\n631 577 243 199\n', '10\n2184 2126 1721 1800 1024 2528 3360 1945 1280 1776\n'], 'outputs': ['3\n', '0\n', '39\n']}","{'inputs': ['4\n631 846 243 199\n', '3\n3 6 13\n', '10\n2184 2126 1721 1800 1480 2850 1620 1945 1280 1776\n', '10\n2184 2126 168 1800 1480 3501 2580 3434 443 455\n', '10\n2184 1881 75 5149 1822 1706 1557 1688 326 744\n', '10\n2184 2126 168 1800 1480 3501 2580 3434 443 870\n', '4\n2828 118 120 123\n', '10\n2184 2126 1721 1800 1480 1870 1620 1945 875 1776\n', '3\n2 6 13\n', '3\n5 2 8\n', '10\n2184 2126 168 5149 1822 4167 1557 3434 179 744\n', '4\n1183 73 99 123\n', '4\n1767 1844 932 8\n', '3\n5 5 13\n', '4\n573 127 120 123\n', '4\n999 127 120 149\n', '4\n1183 54 218 123\n', '4\n573 64 120 123\n', '4\n766 145 120 17\n', '4\n1183 846 218 123\n', '10\n552 2571 1721 1800 1480 2528 3360 1945 1280 1776\n', '10\n2184 1881 230 5149 1822 1706 1557 1688 300 744\n', '10\n2184 2126 168 1800 1480 1870 2580 1945 875 2447\n', '3\n5 2 7\n', '4\n1183 103 63 123\n', '10\n2184 1881 230 5149 1822 4167 1557 1688 300 744\n', '10\n2821 640 100 1600 842 1744 481 1506 333 1455\n', '4\n999 145 120 17\n', '10\n2184 1881 230 5149 1822 1706 1557 1688 326 744\n', '3\n2 5 22\n', '10\n2184 339 75 5149 1822 1706 1557 1688 530 1455\n', '10\n2184 2126 1721 1800 1480 2850 3360 1945 1280 1776\n', '10\n2184 2126 1721 1800 1024 2528 3360 1945 1280 3188\n', '4\n999 127 120 123\n', '4\n405 490 327 23\n', '10\n2184 2126 168 5149 1822 4167 1557 1688 179 744\n', '10\n2184 2126 1721 1800 1480 2850 1620 1945 875 1776\n', '4\n573 116 120 123\n', '10\n2184 2126 1721 1800 1480 1870 2580 1945 875 2447\n', '10\n2184 2126 168 3213 1822 2695 1557 3434 179 455\n', '10\n2184 2126 168 5149 1822 4167 1557 1377 179 744\n', '4\n1183 45 120 123\n', '10\n2184 2126 168 3228 1480 2695 3853 3434 443 455\n', '10\n2184 1600 168 1800 1480 1870 3043 1662 1156 870\n', '4\n631 846 218 115\n', '4\n1183 73 218 123\n', '4\n999 127 120 17\n', '3\n3 3 8\n', '3\n3 3 11\n', '4\n1142 1720 568 8\n', '10\n228 159 101 14 906 132 100 110 199 1024\n', '10\n2184 2126 168 5149 1822 2695 1557 3434 179 821\n', '4\n1183 73 59 123\n', '10\n2184 1881 230 5149 1822 1512 1557 1688 300 744\n', '4\n1183 73 120 123\n', '3\n3 5 11\n', '4\n766 282 120 17\n', '10\n2184 1881 75 5149 1822 1706 1557 1688 326 1455\n', '4\n537 490 327 8\n', '10\n176 159 101 11 906 316 100 110 199 1024\n', '4\n489 491 235 17\n', '4\n1183 846 218 115\n', '4\n2828 64 120 123\n', '4\n1183 103 120 123\n', '10\n2184 2126 168 5149 1822 4167 1557 3434 179 821\n', '10\n763 2126 1721 1800 1480 2850 1620 1945 1280 1776\n', '10\n2184 2126 168 3213 1480 2695 3853 3434 443 455\n', '4\n405 490 327 17\n', '4\n1183 73 63 123\n', '3\n2 5 13\n', '10\n2184 2126 168 3213 1822 2695 1557 3434 443 455\n', '10\n2184 2126 168 3228 1480 3501 3853 3434 443 455\n', '10\n2184 2126 2239 1800 1480 2850 3360 3004 1280 1776\n', '10\n2184 2126 1721 1800 1480 2528 3360 1945 1280 1776\n', '4\n766 491 235 17\n', '10\n2184 339 111 5149 1822 1706 1047 1688 511 1455\n', '3\n3 5 13\n', '4\n537 490 327 23\n', '4\n1671 118 120 123\n', '10\n2184 2126 168 5149 1822 4167 1557 1688 300 744\n', '10\n451 2126 1721 1800 1480 2528 3360 1945 1280 1776\n', '10\n2184 2126 168 1800 1480 1870 2580 1945 875 870\n', '4\n376 490 327 23\n', '3\n2 5 11\n', '10\n2184 2126 168 5149 1822 2695 1557 3434 179 455\n', '10\n2184 2126 168 1800 1480 1870 2580 2879 443 870\n', '4\n631 846 218 199\n', '3\n5 3 8\n', '10\n2184 2126 168 1800 1480 1870 2580 3434 443 870\n', '10\n2184 2126 1721 1800 1480 1870 1620 1945 875 2447\n', '10\n2184 2126 168 1800 1480 1870 2580 2879 875 870\n', '10\n2184 2126 168 3213 1480 2695 1557 3434 443 455\n', '4\n1671 73 120 123\n', '4\n766 282 235 17\n', '10\n2184 2126 168 3228 1480 3501 2580 3434 443 455\n', '4\n405 491 327 17\n', '10\n2184 1881 75 5149 1822 1706 1557 1688 530 1455\n', '10\n2184 2126 1721 1800 518 2528 2118 1945 1280 3188\n', '4\n405 491 235 17\n', '10\n2184 2126 230 5149 1822 4167 1557 1688 300 744\n'], 'outputs': ['1\n', '1\n', '25\n', '16\n', '12\n', '17\n', '6\n', '17\n', '2\n', '4\n', '12\n', '0\n', '7\n', '0\n', '3\n', '3\n', '2\n', '9\n', '4\n', '2\n', '31\n', '14\n', '16\n', '1\n', '0\n', '13\n', '21\n', '3\n', '13\n', '2\n', '9\n', '28\n', '37\n', '3\n', '1\n', '14\n', '17\n', '5\n', '13\n', '9\n', '11\n', '3\n', '13\n', '23\n', '2\n', '1\n', '3\n', '3\n', '0\n', '10\n', '19\n', '9\n', '0\n', '16\n', '3\n', '0\n', '5\n', '9\n', '4\n', '20\n', '0\n', '2\n', '11\n', '3\n', '9\n', '22\n', '11\n', '1\n', '0\n', '1\n', '9\n', '13\n', '30\n', '32\n', '1\n', '8\n', '0\n', '1\n', '4\n', '16\n', '29\n', '17\n', '4\n', '1\n', '9\n', '17\n', '2\n', '3\n', '18\n', '13\n', '17\n', '11\n', '3\n', '2\n', '15\n', '0\n', '9\n', '24\n', '0\n', '14\n']}",1,60.13,1,29.43,1.0,52.62,1.0,27.55,"import numpy as np
N = int(eval(input()))
a = list(map(int, input().split()))
ans = 0
a = np.array(a)
while a.size > 0:
    a = a[a % 2 == 0]
    ans += len(a)
    a = a // 2
print(ans)","import numpy as np
var1 = int(eval(input()))
var2 = list(map(int, input().split()))
var3 = 0
var2 = np.array(var2)
while var2.size > 0:
    var2 = var2[var2 % 2 == 0]
    var3 += len(var2)
    var2 = var2 // 2
print(var3)","n = int(eval(input()))
a = list(map(int, input().split()))
ans = 0
for i in range(n):
    while a[i] % 2 == 0:
        a[i] //= 2
        ans += 1
print(ans)","'np', 3, 'comesFrom', [], []
'N', 4, 'computedFrom', ['int', 'eval', 'input'], [6, 8, 10]
'int', 6, 'comesFrom', [], []
'eval', 8, 'comesFrom', [], []
'input', 10, 'comesFrom', [], []
'a', 15, 'computedFrom', ['list', 'map', 'int', 'input', 'split'], [17, 19, 21, 23, 27]
'list', 17, 'comesFrom', [], []
'map', 19, 'comesFrom', [], []
'int', 21, 'comesFrom', ['int'], [6]
'input', 23, 'comesFrom', ['input'], [10]
'split', 27, 'comesFrom', [], []
'ans', 32, 'computedFrom', ['0'], [34]
'0', 34, 'comesFrom', [], []
'a', 35, 'computedFrom', ['np', 'array', 'a'], [37, 39, 41]
'np', 37, 'comesFrom', ['np'], [3]
'array', 39, 'comesFrom', [], []
'a', 41, 'comesFrom', ['a'], [15]
'a', 44, 'comesFrom', ['a'], [35, 66]
'size', 46, 'comesFrom', ['size'], [46]
'a', 50, 'computedFrom', ['0', '2', 'a'], [52, 54, 56, 58]
'a', 52, 'comesFrom', ['a'], [35, 66]
'a', 54, 'comesFrom', ['a'], [35, 66]
'2', 56, 'comesFrom', [], []
'0', 58, 'comesFrom', [], []
'ans', 60, 'computedFrom', ['len', 'a'], [62, 64]
'len', 62, 'comesFrom', ['len'], [62]
'a', 64, 'comesFrom', ['a'], [50]
'a', 66, 'computedFrom', ['2', 'a'], [68, 70]
'a', 68, 'comesFrom', ['a'], [50]
'2', 70, 'comesFrom', [], []
'ans', 73, 'comesFrom', ['ans'], [60]","'np', 3, 'comesFrom', [], []
'var1', 4, 'computedFrom', ['int', 'eval', 'input'], [6, 8, 10]
'int', 6, 'comesFrom', [], []
'eval', 8, 'comesFrom', [], []
'input', 10, 'comesFrom', [], []
'var2', 15, 'computedFrom', ['list', 'map', 'int', 'input', 'split'], [17, 19, 21, 23, 27]
'list', 17, 'comesFrom', [], []
'map', 19, 'comesFrom', [], []
'int', 21, 'comesFrom', ['int'], [6]
'input', 23, 'comesFrom', ['input'], [10]
'split', 27, 'comesFrom', [], []
'var3', 32, 'computedFrom', ['0'], [34]
'0', 34, 'comesFrom', [], []
'var2', 35, 'computedFrom', ['np', 'array', 'var2'], [37, 39, 41]
'np', 37, 'comesFrom', ['np'], [3]
'array', 39, 'comesFrom', [], []
'var2', 41, 'comesFrom', ['var2'], [15]
'var2', 44, 'comesFrom', ['var2'], [35, 66]
'size', 46, 'comesFrom', ['size'], [46]
'var2', 50, 'computedFrom', ['var2', '0', '2'], [52, 54, 56, 58]
'var2', 52, 'comesFrom', ['var2'], [35, 66]
'var2', 54, 'comesFrom', ['var2'], [35, 66]
'2', 56, 'comesFrom', [], []
'0', 58, 'comesFrom', [], []
'var3', 60, 'computedFrom', ['len', 'var2'], [62, 64]
'len', 62, 'comesFrom', ['len'], [62]
'var2', 64, 'comesFrom', ['var2'], [50]
'var2', 66, 'computedFrom', ['var2', '2'], [68, 70]
'var2', 68, 'comesFrom', ['var2'], [50]
'2', 70, 'comesFrom', [], []
'var3', 73, 'comesFrom', ['var3'], [60]",119340,"import array as arr


def function1(var1, var2, var3, var4):
    return var1[var3:var4 + 1] == arr.array('i', list(reversed(var2[var3:var4 + 1])))


var5 = int(input())
var1 = arr.array('i', list(map(int, input().split())))
var2 = arr.array('i', list(sorted(var1)))
var6 = 0
var7 = 0
var3 = 0
var4 = 0
while var6 < var5:
    if var1[var6] == var2[var6]:
        var6 += 1
    elif var7:
        var7 = 2
        print('no')
        break
    else:
        var3 = var6
        var4 = var2.index(var1[var6])
        if function1(var1, var2, var3, var4):
            var7 = 1
            var6 = var4 + 1
        else:
            var7 = 2
            print('no')
            break
if var7 == 1:
    print('yes')
    print(var3 + 1, var4 + 1)
elif var7 == 0:
    print('yes')
    print(1, 1)","'array', 1, 'comesFrom', [], []
'arr', 3, 'comesFrom', [], []
'function1', 5, 'comesFrom', [], []
'var1', 7, 'comesFrom', [], []
'var2', 9, 'comesFrom', [], []
'var3', 11, 'comesFrom', [], []
'var4', 13, 'comesFrom', [], []
'var1', 17, 'comesFrom', ['var1'], [7]
'var3', 19, 'comesFrom', ['var3'], [11]
'var4', 21, 'comesFrom', ['var4'], [13]
'arr', 26, 'comesFrom', ['arr'], [3]
'array', 28, 'comesFrom', ['array'], [1]
'list', 32, 'comesFrom', [], []
'var2', 36, 'comesFrom', ['var2'], [9]
'var3', 38, 'comesFrom', ['var3'], [11]
'var4', 40, 'comesFrom', ['var4'], [13]
'var5', 47, 'computedFrom', ['int', 'input'], [49, 51]
'int', 49, 'comesFrom', [], []
'input', 51, 'comesFrom', [], []
'var1', 55, 'computedFrom', ['arr', 'array', ""'i'"", 'list', 'map', 'int', 'input', 'split'], [57, 59, 61, 63, 65, 67, 69, 73]
'arr', 57, 'comesFrom', ['arr'], [3]
'array', 59, 'comesFrom', ['array'], [1]
""'i'"", 61, 'comesFrom', [], []
'list', 63, 'comesFrom', ['list'], [32]
'map', 65, 'comesFrom', [], []
'int', 67, 'comesFrom', ['int'], [49]
'input', 69, 'comesFrom', ['input'], [51]
'split', 73, 'comesFrom', [], []
'var2', 79, 'computedFrom', ['arr', 'array', ""'i'"", 'list', 'sorted', 'var1'], [81, 83, 85, 87, 89, 91]
'arr', 81, 'comesFrom', ['arr'], [3]
'array', 83, 'comesFrom', ['array'], [1]
""'i'"", 85, 'comesFrom', [], []
'list', 87, 'comesFrom', ['list'], [32]
'sorted', 89, 'comesFrom', [], []
'var1', 91, 'comesFrom', ['var1'], [55]
'var6', 95, 'computedFrom', ['0'], [97]
'0', 97, 'comesFrom', [], []
'var7', 98, 'computedFrom', ['0'], [100]
'0', 100, 'comesFrom', [], []
'var3', 101, 'computedFrom', ['0'], [103]
'0', 103, 'comesFrom', [], []
'var4', 104, 'computedFrom', ['0'], [106]
'0', 106, 'comesFrom', [], []
'var6', 108, 'comesFrom', ['var6'], [95, 123, 168]
'var5', 110, 'comesFrom', ['var5'], [47]
'var1', 113, 'comesFrom', ['var1'], [55]
'var6', 115, 'comesFrom', ['var6'], [95, 123, 168]
'var2', 118, 'comesFrom', ['var2'], [79]
'var6', 120, 'comesFrom', ['var6'], [95, 123, 168]
'var6', 123, 'computedFrom', ['1'], [125]
'1', 125, 'comesFrom', [], []
'var7', 127, 'comesFrom', ['var7'], [98, 129, 165, 175]
'var7', 129, 'computedFrom', ['2'], [131]
'2', 131, 'comesFrom', [], []
'print', 132, 'comesFrom', ['print'], [132, 178]
'var3', 139, 'computedFrom', ['var6'], [141]
'var6', 141, 'comesFrom', ['var6'], [95, 123, 168]
'var4', 142, 'computedFrom', ['index', 'var1', 'var2', 'var6'], [144, 146, 148, 150]
'var2', 144, 'comesFrom', ['var2'], [79]
'index', 146, 'comesFrom', ['index'], [146]
'var1', 148, 'comesFrom', ['var1'], [55]
'var6', 150, 'comesFrom', ['var6'], [95, 123, 168]
'function1', 154, 'comesFrom', ['function1'], [5]
'var1', 156, 'comesFrom', ['var1'], [55]
'var2', 158, 'comesFrom', ['var2'], [79]
'var3', 160, 'comesFrom', ['var3'], [139]
'var4', 162, 'comesFrom', ['var4'], [142]
'var7', 165, 'computedFrom', ['1'], [167]
'1', 167, 'comesFrom', [], []
'var6', 168, 'computedFrom', ['1', 'var4'], [170, 172]
'var4', 170, 'comesFrom', ['var4'], [142]
'1', 172, 'comesFrom', [], []
'var7', 175, 'computedFrom', ['2'], [177]
'2', 177, 'comesFrom', [], []
'print', 178, 'comesFrom', ['print'], [132, 178]
'var7', 184, 'comesFrom', ['var7'], [98, 129, 165, 175]
'print', 188, 'comesFrom', ['print'], [132, 178]
'print', 192, 'comesFrom', ['print'], [132, 178]
'var3', 194, 'comesFrom', ['var3'], [101, 139]
'var4', 198, 'comesFrom', ['var4'], [104, 142]
'var7', 203, 'comesFrom', ['var7'], [98, 129, 165, 175]
'print', 207, 'comesFrom', ['print'], [132, 178]
'print', 211, 'comesFrom', ['print'], [132, 178]","{'inputs': ['6\n19517752 43452931 112792556 68417469 779722934 921694415\n', '40\n3284161 23121669 24630274 33434127 178753820 231503277 271972002 272578266 346450638 355655265 372217434 376132047 386622863 387235708 389799554 427160037 466577363 491873718 492746058 502535866 535768673 551570285 557477055 583643014 586216753 588981593 592960633 605923775 611051145 643142759 632768011 634888864 736715552 750574599 867737742 924365786 927179496 934453020 954090860 977765165\n', '2\n1 2\n', '6\n1 5 3 4 2 6\n', '5\n866379155 593548704 259097686 216134784 879911740\n'], 'outputs': ['yes\n3 4\n', 'no\n', 'yes\n1 1\n', 'no\n', 'yes\n1 4\n']}",157023,"import sys
import operator
import array


def function1():
    var1 = list(map(int, input().split()))
    var2 = int(input())
    var3 = list(map(int, input().split()))
    var4 = [[]] * (var2 * 6)
    for var5 in range(0, var2):
        for var6 in range(0, 6):
            var4[var5 * 6 + var6] = var3[var5] - var1[var6], var5
    var4.sort(key=operator.itemgetter(0))
    var7 = array.array('L', [0]) * var2
    var8 = var2
    var9 = len(var4)
    var10 = 999999999999
    var11 = 0
    for var5 in range(0, var9):
        while var11 < var9 and var8 > 0:
            var7[var4[var11][1]] += 1
            if var7[var4[var11][1]] == 1:
                var8 -= 1
            var11 += 1
        if var8 > 0:
            break
        var10 = min(var10, var4[var11 - 1][0] - var4[var5][0])
        var7[var4[var5][1]] -= 1
        if var7[var4[var5][1]] == 0:
            var8 += 1
    print(var10)


def function2(var12):
    function1()


function2(sys.argv)","'sys', 1, 'comesFrom', [], []
'operator', 3, 'comesFrom', [], []
'array', 5, 'comesFrom', [], []
'function1', 7, 'comesFrom', [], []
'var1', 11, 'computedFrom', ['list', 'map', 'int', 'input', 'split'], [13, 15, 17, 19, 23]
'list', 13, 'comesFrom', [], []
'map', 15, 'comesFrom', [], []
'int', 17, 'comesFrom', [], []
'input', 19, 'comesFrom', [], []
'split', 23, 'comesFrom', [], []
'var2', 28, 'computedFrom', ['int', 'input'], [30, 32]
'int', 30, 'comesFrom', ['int'], [17]
'input', 32, 'comesFrom', ['input'], [19]
'var3', 36, 'computedFrom', ['list', 'map', 'int', 'input', 'split'], [38, 40, 42, 44, 48]
'list', 38, 'comesFrom', ['list'], [13]
'map', 40, 'comesFrom', ['map'], [15]
'int', 42, 'comesFrom', ['int'], [17]
'input', 44, 'comesFrom', ['input'], [19]
'split', 48, 'comesFrom', ['split'], [23]
'var4', 53, 'computedFrom', ['var2', '6'], [61, 63]
'var2', 61, 'comesFrom', ['var2'], [28]
'6', 63, 'comesFrom', [], []
'var5', 66, 'computedFrom', ['var2', '0', 'range'], [68, 70, 72]
'range', 68, 'comesFrom', ['range'], [68]
'0', 70, 'comesFrom', [], []
'var2', 72, 'comesFrom', ['var2'], [28]
'var6', 76, 'computedFrom', ['0', 'range', '6'], [78, 80, 82]
'range', 78, 'comesFrom', ['range'], [68]
'0', 80, 'comesFrom', [], []
'6', 82, 'comesFrom', ['6'], [89]
'var4', 85, 'computedFrom', ['var1', 'var5', 'var6', 'var3'], [94, 96, 99, 101, 104]
'var5', 87, 'computedFrom', ['var1', 'var5', 'var6', 'var3'], [94, 96, 99, 101, 104]
'6', 89, 'computedFrom', ['var1', 'var5', 'var6', 'var3'], [94, 96, 99, 101, 104]
'var6', 91, 'computedFrom', ['var1', 'var5', 'var6', 'var3'], [94, 96, 99, 101, 104]
'var3', 94, 'comesFrom', ['var3'], [36]
'var5', 96, 'comesFrom', ['var5'], [66, 87]
'var1', 99, 'comesFrom', ['var1'], [11]
'var6', 101, 'comesFrom', ['var6'], [76]
'var5', 104, 'comesFrom', ['var5'], [66, 87]
'var4', 105, 'comesFrom', ['var4'], [85]
'operator', 111, 'comesFrom', ['operator'], [3]
'var7', 118, 'computedFrom', ['array', 'array', ""'L'"", '0', 'var2'], [120, 122, 124, 127, 131]
'array', 120, 'comesFrom', ['array'], [5]
'array', 122, 'comesFrom', ['array'], [5]
""'L'"", 124, 'comesFrom', [], []
'0', 127, 'comesFrom', [], []
'var2', 131, 'comesFrom', ['var2'], [28]
'var8', 132, 'computedFrom', ['var2'], [134]
'var2', 134, 'comesFrom', ['var2'], [28]
'var9', 135, 'computedFrom', ['len', 'var4'], [137, 139]
'len', 137, 'comesFrom', [], []
'var4', 139, 'comesFrom', ['var4'], [85]
'var10', 141, 'computedFrom', ['999999999999'], [143]
'999999999999', 143, 'comesFrom', [], []
'var11', 144, 'computedFrom', ['0'], [146]
'0', 146, 'comesFrom', [], []
'var5', 148, 'computedFrom', ['var9', '0', 'range'], [150, 152, 154]
'range', 150, 'comesFrom', ['range'], [68]
'0', 152, 'comesFrom', [], []
'var9', 154, 'comesFrom', ['var9'], [135]
'var11', 158, 'comesFrom', ['var11'], [144, 195]
'var9', 160, 'comesFrom', ['var9'], [135]
'var8', 162, 'comesFrom', ['var8'], [132, 192, 254]
'var7', 166, 'computedFrom', ['1'], [177]
'var4', 168, 'computedFrom', ['1'], [177]
'var11', 170, 'computedFrom', ['1'], [177]
'1', 173, 'computedFrom', ['1'], [177]
'1', 177, 'comesFrom', ['1'], [173, 235]
'var7', 179, 'comesFrom', ['var7'], [166]
'var4', 181, 'comesFrom', ['var4'], [168]
'var11', 183, 'comesFrom', ['var11'], [170]
'1', 186, 'comesFrom', ['1'], [173]
'1', 190, 'comesFrom', ['1'], [173]
'var8', 192, 'computedFrom', ['1'], [194]
'1', 194, 'comesFrom', ['1'], [173]
'var11', 195, 'computedFrom', ['1'], [197]
'1', 197, 'comesFrom', ['1'], [173]
'var8', 199, 'comesFrom', ['var8'], [132, 192, 254]
'var10', 204, 'computedFrom', ['var5', 'var4', '0', 'min', 'var11', 'var10', '1'], [206, 208, 210, 212, 214, 217, 220, 222, 225]
'min', 206, 'comesFrom', ['min'], [206]
'var10', 208, 'comesFrom', ['var10'], [141, 204]
'var4', 210, 'comesFrom', ['var4'], [168]
'var11', 212, 'comesFrom', ['var11'], [195]
'1', 214, 'comesFrom', ['1'], [173]
'0', 217, 'comesFrom', [], []
'var4', 220, 'comesFrom', ['var4'], [168]
'var5', 222, 'comesFrom', ['var5'], [148]
'0', 225, 'comesFrom', [], []
'var7', 228, 'computedFrom', ['1'], [239]
'var4', 230, 'computedFrom', ['1'], [239]
'var5', 232, 'computedFrom', ['1'], [239]
'1', 235, 'computedFrom', ['1'], [239]
'1', 239, 'comesFrom', ['1'], [173]
'var7', 241, 'comesFrom', ['var7'], [228]
'var4', 243, 'comesFrom', ['var4'], [230]
'var5', 245, 'comesFrom', ['var5'], [232]
'1', 248, 'comesFrom', ['1'], [235]
'var8', 254, 'computedFrom', ['1'], [256]
'1', 256, 'comesFrom', ['1'], [235]
'var10', 259, 'comesFrom', ['var10'], [204]
'function2', 262, 'comesFrom', [], []
'function1', 267, 'comesFrom', ['function1'], [7]
'function2', 270, 'comesFrom', ['function2'], [262]
'sys', 272, 'comesFrom', ['sys'], [1]","{'inputs': ['5 4 7 6 4 1\n10\n19 16 18 12 16 15 16 20 16 14\n', '1 1 2 2 3 3\n7\n13 4 11 12 11 13 12\n', '158260522 877914575 602436426 24979445 861648772 623690081\n1\n896194147\n', '1 1 1 96 99 100\n3\n101 146 175\n', '1 4 100 10 30 5\n6\n101 104 105 110 130 200\n'], 'outputs': ['2\n', '7\n', '0\n', '50\n', '0\n']}",133066,"class UnionFind:

    def function2(var1, var2, var3):
        var1.data = [var4 for var4 in range(var2 + var3)]
        var1.size = [0] * (var3 + var2)

    def function3(var1, var5, var6):
        var7 = var1.find(var5)
        var8 = var1.find(var6)
        if var7 == var8:
            return
        if var1.size[var7] <= var1.size[var8]:
            var1.data[var7] = var8
            var1.size[var8] += var1.size[var7]
        else:
            var1.data[var8] = var7
            var1.size[var7] += var1.size[var8]

    def function4(var1, var6):
        if var6 != var1.data[var6]:
            var1.data[var6] = var1.find(var1.data[var6])
        return var1.data[var6]


def function1():
    var2, var3 = map(int, input().split())
    var9 = UnionFind(var2, var3)
    var10 = False
    for var4 in range(var2):
        var11 = input().split()
        var12 = int(var11[0])
        for var13 in range(1, var12 + 1):
            var14 = int(var11[var13]) - 1 + var2
            var9.union(var4, var14)
            var10 = True
    var15 = set()
    for var4 in range(var2):
        var14 = var9.find(var4)
        var15.add(var14)
    if var10:
        print(len(var15) - 1)
    else:
        print(var2)


function1()","'UnionFind', 1, 'comesFrom', [], []
'var2', 8, 'comesFrom', [], []
'var3', 10, 'comesFrom', [], []
'var1', 13, 'computedFrom', ['var4', 'var4', 'range', 'var2', 'var3'], [18, 20, 22, 24, 26]
'data', 15, 'computedFrom', ['var4', 'var4', 'range', 'var2', 'var3'], [18, 20, 22, 24, 26]
'var4', 18, 'comesFrom', ['var4'], [20]
'var4', 20, 'computedFrom', ['range', 'var2', 'var3'], [22, 24, 26]
'range', 22, 'comesFrom', [], []
'var2', 24, 'comesFrom', ['var2'], [8]
'var3', 26, 'comesFrom', ['var3'], [10]
'var1', 29, 'computedFrom', ['0'], [34]
'size', 31, 'computedFrom', ['var3', 'var2'], [38, 40]
'0', 34, 'comesFrom', [], []
'var3', 38, 'comesFrom', ['var3'], [10]
'var2', 40, 'comesFrom', ['var2'], [8]
'var1', 45, 'comesFrom', ['var1'], [29]
'var5', 47, 'comesFrom', [], []
'var6', 49, 'comesFrom', [], []
'var7', 52, 'computedFrom', ['var1', 'find', 'var5'], [54, 56, 58]
'var1', 54, 'comesFrom', ['var1'], [29]
'find', 56, 'comesFrom', [], []
'var5', 58, 'comesFrom', ['var5'], [47]
'var8', 60, 'computedFrom', ['var1', 'find', 'var6'], [62, 64, 66]
'var1', 62, 'comesFrom', ['var1'], [29]
'find', 64, 'comesFrom', ['find'], [56]
'var6', 66, 'comesFrom', ['var6'], [49]
'var7', 69, 'comesFrom', ['var7'], [52]
'var8', 71, 'comesFrom', ['var8'], [60]
'var1', 75, 'comesFrom', ['var1'], [29]
'size', 77, 'comesFrom', ['size'], [31]
'var7', 79, 'comesFrom', ['var7'], [52]
'var1', 82, 'comesFrom', ['var1'], [29]
'size', 84, 'comesFrom', ['size'], [31]
'var8', 86, 'comesFrom', ['var8'], [60]
'var1', 89, 'computedFrom', ['var8'], [96]
'data', 91, 'computedFrom', ['var8'], [96]
'var7', 93, 'computedFrom', ['var8'], [96]
'var8', 96, 'comesFrom', ['var8'], [60]
'var1', 97, 'computedFrom', ['var1', 'size'], [104, 106]
'size', 99, 'computedFrom', ['var1', 'size'], [104, 106]
'var8', 101, 'computedFrom', ['var7'], [108]
'var1', 104, 'comesFrom', ['var1'], [89]
'size', 106, 'comesFrom', ['size'], [31]
'var7', 108, 'comesFrom', ['var7'], [93]
'var1', 112, 'computedFrom', ['var7'], [119]
'data', 114, 'computedFrom', ['var7'], [119]
'var8', 116, 'computedFrom', ['var7'], [119]
'var7', 119, 'comesFrom', ['var7'], [52]
'var1', 120, 'computedFrom', ['var1', 'size'], [127, 129]
'size', 122, 'computedFrom', ['var1', 'size'], [127, 129]
'var7', 124, 'computedFrom', ['var8'], [131]
'var1', 127, 'comesFrom', ['var1'], [112]
'size', 129, 'comesFrom', ['size'], [31]
'var8', 131, 'comesFrom', ['var8'], [116]
'var1', 136, 'comesFrom', ['var1'], [97, 120]
'var6', 138, 'comesFrom', ['var6'], [49]
'var6', 142, 'comesFrom', ['var6'], [49]
'var1', 144, 'comesFrom', ['var1'], [97, 120]
'data', 146, 'comesFrom', ['data'], [91, 114]
'var6', 148, 'comesFrom', ['var6'], [49]
'var1', 151, 'computedFrom', ['var1', 'find', 'var1', 'data', 'var6'], [158, 160, 162, 164, 166]
'data', 153, 'computedFrom', ['var1', 'find', 'var1', 'data', 'var6'], [158, 160, 162, 164, 166]
'var6', 155, 'computedFrom', ['var1', 'find', 'var1', 'data', 'var6'], [158, 160, 162, 164, 166]
'var1', 158, 'comesFrom', ['var1'], [97, 120]
'find', 160, 'comesFrom', ['find'], [56]
'var1', 162, 'comesFrom', ['var1'], [97, 120]
'data', 164, 'comesFrom', ['data'], [91, 114]
'var6', 166, 'comesFrom', ['var6'], [49]
'var1', 170, 'comesFrom', ['var1'], [97, 120, 151]
'data', 172, 'comesFrom', ['data'], [91, 114, 153]
'var6', 174, 'comesFrom', ['var6'], [49, 155]
'function1', 177, 'comesFrom', [], []
'var2', 181, 'computedFrom', ['map'], [185]
'var3', 183, 'computedFrom', ['int', 'input', 'split'], [187, 189, 193]
'map', 185, 'comesFrom', [], []
'int', 187, 'comesFrom', [], []
'input', 189, 'comesFrom', [], []
'split', 193, 'comesFrom', [], []
'var9', 197, 'computedFrom', ['UnionFind', 'var2', 'var3'], [199, 201, 203]
'UnionFind', 199, 'comesFrom', ['UnionFind'], [1]
'var2', 201, 'comesFrom', ['var2'], [181]
'var3', 203, 'comesFrom', ['var3'], [183]
'var10', 205, 'computedFrom', ['False'], [207]
'False', 207, 'comesFrom', [], []
'var4', 209, 'computedFrom', ['var2', 'range'], [211, 213]
'range', 211, 'comesFrom', ['range'], [22]
'var2', 213, 'comesFrom', ['var2'], [181]
'var11', 216, 'computedFrom', ['split', 'input'], [218, 222]
'input', 218, 'comesFrom', ['input'], [189]
'split', 222, 'comesFrom', ['split'], [193]
'var12', 225, 'computedFrom', ['int', '0', 'var11'], [227, 229, 231]
'int', 227, 'comesFrom', ['int'], [187]
'var11', 229, 'comesFrom', ['var11'], [216]
'0', 231, 'comesFrom', [], []
'var13', 235, 'computedFrom', ['1', 'range', 'var12'], [237, 239, 241, 243]
'range', 237, 'comesFrom', ['range'], [22]
'1', 239, 'comesFrom', [], []
'var12', 241, 'comesFrom', ['var12'], [225]
'1', 243, 'comesFrom', [], []
'var14', 246, 'computedFrom', ['var13', 'var2', 'var11', 'int', '1'], [248, 250, 252, 256, 258]
'int', 248, 'comesFrom', ['int'], [187]
'var11', 250, 'comesFrom', ['var11'], [216]
'var13', 252, 'comesFrom', ['var13'], [235]
'1', 256, 'comesFrom', [], []
'var2', 258, 'comesFrom', ['var2'], [181]
'var9', 259, 'comesFrom', ['var9'], [197]
'union', 261, 'comesFrom', ['union'], [261]
'var4', 263, 'comesFrom', ['var4'], [209]
'var14', 265, 'comesFrom', ['var14'], [246]
'var10', 267, 'computedFrom', ['True'], [269]
'True', 269, 'comesFrom', [], []
'var15', 270, 'computedFrom', ['set'], [272]
'set', 272, 'comesFrom', [], []
'var4', 276, 'computedFrom', ['var2', 'range'], [278, 280]
'range', 278, 'comesFrom', ['range'], [22]
'var2', 280, 'comesFrom', ['var2'], [181]
'var14', 283, 'computedFrom', ['var9', 'var4', 'find'], [285, 287, 289]
'var9', 285, 'comesFrom', ['var9'], [197]
'find', 287, 'comesFrom', ['find'], [56]
'var4', 289, 'comesFrom', ['var4'], [276]
'var15', 291, 'comesFrom', ['var15'], [270]
'add', 293, 'comesFrom', ['add'], [293]
'var14', 295, 'comesFrom', ['var14'], [283]
'var10', 298, 'comesFrom', ['var10'], [267]
'var15', 304, 'comesFrom', ['var15'], [270]
'var2', 313, 'comesFrom', ['var2'], [181]
'function1', 315, 'comesFrom', ['function1'], [177]","{'inputs': ['100 100\n1 33\n0\n2 35 4\n2 40 78\n1 69\n0\n1 2\n0\n0\n2 81 34\n1 45\n0\n1 87\n1 50\n1 97\n0\n2 100 59\n0\n0\n0\n1 45\n0\n0\n0\n1 6\n1 54\n0\n0\n0\n4 79 96 52 84\n1 86\n0\n0\n0\n0\n0\n0\n0\n0\n3 90 2 80\n0\n0\n0\n0\n0\n0\n0\n0\n0\n0\n1 2\n0\n1 64\n0\n1 78\n1 82\n0\n0\n0\n0\n0\n1 6\n0\n0\n2 47 57\n1 95\n0\n2 91 79\n0\n1 27\n0\n1 74\n0\n0\n1 14\n0\n0\n2 90 19\n0\n1 10\n0\n0\n0\n0\n0\n1 57\n0\n2 28 50\n0\n0\n0\n1 47\n0\n0\n1 14\n0\n1 84\n1 1\n0\n0\n', '11 42\n4 20 26 9 24\n14 34 7 28 32 12 15 26 4 10 38 21 20 8 11\n4 21 8 36 6\n11 32 1 39 11 21 10 25 17 26 15 4\n2 8 12\n2 21 31\n8 17 10 3 39 32 30 5 15\n20 24 20 38 17 4 7 21 19 32 28 31 22 30 37 10 5 33 2 13 9\n7 38 34 42 27 20 11 6\n3 40 3 39\n14 39 40 4 30 33 8 36 28 14 23 16 7 25 9\n', '100 100\n0\n0\n0\n0\n0\n0\n0\n0\n0\n0\n0\n0\n0\n0\n0\n0\n0\n0\n0\n0\n0\n0\n0\n0\n0\n0\n0\n0\n0\n0\n0\n0\n0\n0\n0\n0\n0\n0\n0\n0\n0\n0\n0\n0\n0\n0\n0\n0\n0\n0\n0\n0\n0\n0\n0\n0\n0\n0\n0\n0\n0\n0\n0\n0\n0\n0\n0\n0\n0\n0\n0\n0\n0\n0\n0\n0\n0\n0\n0\n0\n0\n0\n0\n0\n0\n0\n0\n0\n0\n0\n0\n0\n0\n0\n0\n0\n0\n0\n0\n0\n', '10 10\n5 7 5 2 8 1\n7 10 6 9 5 8 2 4\n2 2 7\n5 8 6 9 10 1\n2 9 5\n3 6 5 2\n6 5 8 7 9 10 4\n0\n1 1\n2 8 6\n', '3 100\n0\n0\n0\n'], 'outputs': ['87\n', '0\n', '100\n', '1\n', '3\n']}",157021,"import sys
import operator
import array


def function1():
    var1 = list(map(int, input().split()))
    var2 = int(input())
    var3 = list(map(int, input().split()))
    var4 = [[]] * (var2 * 6)
    var5 = 0
    for var6 in range(0, var2):
        for var7 in range(0, 6):
            var4[var5] = var3[var6] - var1[var7], var6
            var5 += 1
    var4.sort(key=operator.itemgetter(0))
    var8 = array.array('L', [0]) * var2
    var9 = var2
    var10 = len(var4)
    var11 = 999999999999
    var12 = 0
    for var6 in range(0, var10):
        while var12 < var10 and var9 > 0:
            var8[var4[var12][1]] += 1
            if var8[var4[var12][1]] == 1:
                var9 -= 1
            var12 += 1
        if var9 > 0:
            break
        var11 = min(var11, var4[var12 - 1][0] - var4[var6][0])
        var8[var4[var6][1]] -= 1
        if var8[var4[var6][1]] == 0:
            var9 += 1
    print(var11)


def function2(var13):
    function1()


function2(sys.argv)","'sys', 1, 'comesFrom', [], []
'operator', 3, 'comesFrom', [], []
'array', 5, 'comesFrom', [], []
'function1', 7, 'comesFrom', [], []
'var1', 11, 'computedFrom', ['list', 'map', 'int', 'input', 'split'], [13, 15, 17, 19, 23]
'list', 13, 'comesFrom', [], []
'map', 15, 'comesFrom', [], []
'int', 17, 'comesFrom', [], []
'input', 19, 'comesFrom', [], []
'split', 23, 'comesFrom', [], []
'var2', 28, 'computedFrom', ['int', 'input'], [30, 32]
'int', 30, 'comesFrom', ['int'], [17]
'input', 32, 'comesFrom', ['input'], [19]
'var3', 36, 'computedFrom', ['list', 'map', 'int', 'input', 'split'], [38, 40, 42, 44, 48]
'list', 38, 'comesFrom', ['list'], [13]
'map', 40, 'comesFrom', ['map'], [15]
'int', 42, 'comesFrom', ['int'], [17]
'input', 44, 'comesFrom', ['input'], [19]
'split', 48, 'comesFrom', ['split'], [23]
'var4', 53, 'computedFrom', ['var2', '6'], [61, 63]
'var2', 61, 'comesFrom', ['var2'], [28]
'6', 63, 'comesFrom', [], []
'var5', 65, 'computedFrom', ['0'], [67]
'0', 67, 'comesFrom', [], []
'var6', 69, 'computedFrom', ['var2', '0', 'range'], [71, 73, 75]
'range', 71, 'comesFrom', ['range'], [71]
'0', 73, 'comesFrom', [], []
'var2', 75, 'comesFrom', ['var2'], [28]
'var7', 79, 'computedFrom', ['0', 'range', '6'], [81, 83, 85]
'range', 81, 'comesFrom', ['range'], [71]
'0', 83, 'comesFrom', [], []
'6', 85, 'comesFrom', [], []
'var4', 88, 'computedFrom', ['var7', 'var1', 'var6', 'var3'], [93, 95, 98, 100, 103]
'var5', 90, 'computedFrom', ['var7', 'var1', 'var6', 'var3'], [93, 95, 98, 100, 103]
'var3', 93, 'comesFrom', ['var3'], [36]
'var6', 95, 'comesFrom', ['var6'], [69]
'var1', 98, 'comesFrom', ['var1'], [11]
'var7', 100, 'comesFrom', ['var7'], [79]
'var6', 103, 'comesFrom', ['var6'], [69]
'var5', 104, 'computedFrom', ['1'], [106]
'1', 106, 'comesFrom', [], []
'var4', 107, 'comesFrom', ['var4'], [88]
'operator', 113, 'comesFrom', ['operator'], [3]
'var8', 120, 'computedFrom', ['array', 'array', ""'L'"", '0', 'var2'], [122, 124, 126, 129, 133]
'array', 122, 'comesFrom', ['array'], [5]
'array', 124, 'comesFrom', ['array'], [5]
""'L'"", 126, 'comesFrom', [], []
'0', 129, 'comesFrom', [], []
'var2', 133, 'comesFrom', ['var2'], [28]
'var9', 134, 'computedFrom', ['var2'], [136]
'var2', 136, 'comesFrom', ['var2'], [28]
'var10', 137, 'computedFrom', ['len', 'var4'], [139, 141]
'len', 139, 'comesFrom', [], []
'var4', 141, 'comesFrom', ['var4'], [88]
'var11', 143, 'computedFrom', ['999999999999'], [145]
'999999999999', 145, 'comesFrom', [], []
'var12', 146, 'computedFrom', ['0'], [148]
'0', 148, 'comesFrom', [], []
'var6', 150, 'computedFrom', ['0', 'range', 'var10'], [152, 154, 156]
'range', 152, 'comesFrom', ['range'], [71]
'0', 154, 'comesFrom', [], []
'var10', 156, 'comesFrom', ['var10'], [137]
'var12', 160, 'comesFrom', ['var12'], [146, 197]
'var10', 162, 'comesFrom', ['var10'], [137]
'var9', 164, 'comesFrom', ['var9'], [134, 194, 256]
'var8', 168, 'computedFrom', ['1'], [179]
'var4', 170, 'computedFrom', ['1'], [179]
'var12', 172, 'computedFrom', ['1'], [179]
'1', 175, 'computedFrom', ['1'], [179]
'1', 179, 'comesFrom', ['1'], [175, 237]
'var8', 181, 'comesFrom', ['var8'], [168]
'var4', 183, 'comesFrom', ['var4'], [170]
'var12', 185, 'comesFrom', ['var12'], [172]
'1', 188, 'comesFrom', ['1'], [175]
'1', 192, 'comesFrom', ['1'], [175]
'var9', 194, 'computedFrom', ['1'], [196]
'1', 196, 'comesFrom', ['1'], [175]
'var12', 197, 'computedFrom', ['1'], [199]
'1', 199, 'comesFrom', ['1'], [175]
'var9', 201, 'comesFrom', ['var9'], [134, 194, 256]
'var11', 206, 'computedFrom', ['var6', 'var4', '0', 'min', 'var12', 'var11', '1'], [208, 210, 212, 214, 216, 219, 222, 224, 227]
'min', 208, 'comesFrom', ['min'], [208]
'var11', 210, 'comesFrom', ['var11'], [143, 206]
'var4', 212, 'comesFrom', ['var4'], [170]
'var12', 214, 'comesFrom', ['var12'], [197]
'1', 216, 'comesFrom', ['1'], [175]
'0', 219, 'comesFrom', [], []
'var4', 222, 'comesFrom', ['var4'], [170]
'var6', 224, 'comesFrom', ['var6'], [150]
'0', 227, 'comesFrom', [], []
'var8', 230, 'computedFrom', ['1'], [241]
'var4', 232, 'computedFrom', ['1'], [241]
'var6', 234, 'computedFrom', ['1'], [241]
'1', 237, 'computedFrom', ['1'], [241]
'1', 241, 'comesFrom', ['1'], [175]
'var8', 243, 'comesFrom', ['var8'], [230]
'var4', 245, 'comesFrom', ['var4'], [232]
'var6', 247, 'comesFrom', ['var6'], [234]
'1', 250, 'comesFrom', ['1'], [237]
'var9', 256, 'computedFrom', ['1'], [258]
'1', 258, 'comesFrom', ['1'], [237]
'var11', 261, 'comesFrom', ['var11'], [206]
'function2', 264, 'comesFrom', [], []
'function1', 269, 'comesFrom', ['function1'], [7]
'function2', 272, 'comesFrom', ['function2'], [264]
'sys', 274, 'comesFrom', ['sys'], [1]","{'inputs': ['5 4 7 6 4 1\n10\n19 16 18 12 16 15 16 20 16 14\n', '1 1 2 2 3 3\n7\n13 4 11 12 11 13 12\n', '158260522 877914575 602436426 24979445 861648772 623690081\n1\n896194147\n', '1 1 1 96 99 100\n3\n101 146 175\n', '1 4 100 10 30 5\n6\n101 104 105 110 130 200\n'], 'outputs': ['2\n', '7\n', '0\n', '50\n', '0\n']}","#### Reference Example 1:
### Python Program:
```python
import array as arr


def function1(var1, var2, var3, var4):
    return var1[var3:var4 + 1] == arr.array('i', list(reversed(var2[var3:var4 + 1])))


var5 = int(input())
var1 = arr.array('i', list(map(int, input().split())))
var2 = arr.array('i', list(sorted(var1)))
var6 = 0
var7 = 0
var3 = 0
var4 = 0
while var6 < var5:
    if var1[var6] == var2[var6]:
        var6 += 1
    elif var7:
        var7 = 2
        print('no')
        break
    else:
        var3 = var6
        var4 = var2.index(var1[var6])
        if function1(var1, var2, var3, var4):
            var7 = 1
            var6 = var4 + 1
        else:
            var7 = 2
            print('no')
            break
if var7 == 1:
    print('yes')
    print(var3 + 1, var4 + 1)
elif var7 == 0:
    print('yes')
    print(1, 1)
```

### Input/Output Unit Test Cases:
```Input/Output Unit Test Cases
## Test Case 1:
Input: '6
19517752 43452931 112792556 68417469 779722934 921694415'
Output: 'yes
3 4'

## Test Case 2:
Input: '40
3284161 23121669 24630274 33434127 178753820 231503277 271972002 272578266 346450638 355655265 372217434 376132047 386622863 387235708 389799554 427160037 466577363 491873718 492746058 502535866 535768673 551570285 557477055 583643014 586216753 588981593 592960633 605923775 611051145 643142759 632768011 634888864 736715552 750574599 867737742 924365786 927179496 934453020 954090860 977765165'
Output: 'no'

## Test Case 3:
Input: '2
1 2'
Output: 'yes
1 1'

## Test Case 4:
Input: '6
1 5 3 4 2 6'
Output: 'no'

## Test Case 5:
Input: '5
866379155 593548704 259097686 216134784 879911740'
Output: 'yes
1 4'

```

#### Reference Example 2:
### Python Program:
```python
import sys
import operator
import array


def function1():
    var1 = list(map(int, input().split()))
    var2 = int(input())
    var3 = list(map(int, input().split()))
    var4 = [[]] * (var2 * 6)
    for var5 in range(0, var2):
        for var6 in range(0, 6):
            var4[var5 * 6 + var6] = var3[var5] - var1[var6], var5
    var4.sort(key=operator.itemgetter(0))
    var7 = array.array('L', [0]) * var2
    var8 = var2
    var9 = len(var4)
    var10 = 999999999999
    var11 = 0
    for var5 in range(0, var9):
        while var11 < var9 and var8 > 0:
            var7[var4[var11][1]] += 1
            if var7[var4[var11][1]] == 1:
                var8 -= 1
            var11 += 1
        if var8 > 0:
            break
        var10 = min(var10, var4[var11 - 1][0] - var4[var5][0])
        var7[var4[var5][1]] -= 1
        if var7[var4[var5][1]] == 0:
            var8 += 1
    print(var10)


def function2(var12):
    function1()


function2(sys.argv)
```

### Input/Output Unit Test Cases:
```Input/Output Unit Test Cases
## Test Case 1:
Input: '5 4 7 6 4 1
10
19 16 18 12 16 15 16 20 16 14'
Output: '2'

## Test Case 2:
Input: '1 1 2 2 3 3
7
13 4 11 12 11 13 12'
Output: '7'

## Test Case 3:
Input: '158260522 877914575 602436426 24979445 861648772 623690081
1
896194147'
Output: '0'

## Test Case 4:
Input: '1 1 1 96 99 100
3
101 146 175'
Output: '50'

## Test Case 5:
Input: '1 4 100 10 30 5
6
101 104 105 110 130 200'
Output: '0'

```

#### Reference Example 3:
### Python Program:
```python
class UnionFind:

    def function2(var1, var2, var3):
        var1.data = [var4 for var4 in range(var2 + var3)]
        var1.size = [0] * (var3 + var2)

    def function3(var1, var5, var6):
        var7 = var1.find(var5)
        var8 = var1.find(var6)
        if var7 == var8:
            return
        if var1.size[var7] <= var1.size[var8]:
            var1.data[var7] = var8
            var1.size[var8] += var1.size[var7]
        else:
            var1.data[var8] = var7
            var1.size[var7] += var1.size[var8]

    def function4(var1, var6):
        if var6 != var1.data[var6]:
            var1.data[var6] = var1.find(var1.data[var6])
        return var1.data[var6]


def function1():
    var2, var3 = map(int, input().split())
    var9 = UnionFind(var2, var3)
    var10 = False
    for var4 in range(var2):
        var11 = input().split()
        var12 = int(var11[0])
        for var13 in range(1, var12 + 1):
            var14 = int(var11[var13]) - 1 + var2
            var9.union(var4, var14)
            var10 = True
    var15 = set()
    for var4 in range(var2):
        var14 = var9.find(var4)
        var15.add(var14)
    if var10:
        print(len(var15) - 1)
    else:
        print(var2)


function1()
```

### Input/Output Unit Test Cases:
```Input/Output Unit Test Cases
## Test Case 1:
Input: '100 100
1 33
0
2 35 4
2 40 78
1 69
0
1 2
0
0
2 81 34
1 45
0
1 87
1 50
1 97
0
2 100 59
0
0
0
1 45
0
0
0
1 6
1 54
0
0
0
4 79 96 52 84
1 86
0
0
0
0
0
0
0
0
3 90 2 80
0
0
0
0
0
0
0
0
0
0
1 2
0
1 64
0
1 78
1 82
0
0
0
0
0
1 6
0
0
2 47 57
1 95
0
2 91 79
0
1 27
0
1 74
0
0
1 14
0
0
2 90 19
0
1 10
0
0
0
0
0
1 57
0
2 28 50
0
0
0
1 47
0
0
1 14
0
1 84
1 1
0
0'
Output: '87'

## Test Case 2:
Input: '11 42
4 20 26 9 24
14 34 7 28 32 12 15 26 4 10 38 21 20 8 11
4 21 8 36 6
11 32 1 39 11 21 10 25 17 26 15 4
2 8 12
2 21 31
8 17 10 3 39 32 30 5 15
20 24 20 38 17 4 7 21 19 32 28 31 22 30 37 10 5 33 2 13 9
7 38 34 42 27 20 11 6
3 40 3 39
14 39 40 4 30 33 8 36 28 14 23 16 7 25 9'
Output: '0'

## Test Case 3:
Input: '100 100
0
0
0
0
0
0
0
0
0
0
0
0
0
0
0
0
0
0
0
0
0
0
0
0
0
0
0
0
0
0
0
0
0
0
0
0
0
0
0
0
0
0
0
0
0
0
0
0
0
0
0
0
0
0
0
0
0
0
0
0
0
0
0
0
0
0
0
0
0
0
0
0
0
0
0
0
0
0
0
0
0
0
0
0
0
0
0
0
0
0
0
0
0
0
0
0
0
0
0
0'
Output: '100'

## Test Case 4:
Input: '10 10
5 7 5 2 8 1
7 10 6 9 5 8 2 4
2 2 7
5 8 6 9 10 1
2 9 5
3 6 5 2
6 5 8 7 9 10 4
0
1 1
2 8 6'
Output: '1'

## Test Case 5:
Input: '3 100
0
0
0'
Output: '3'

```

#### Reference Example 4:
### Python Program:
```python
import sys
import operator
import array


def function1():
    var1 = list(map(int, input().split()))
    var2 = int(input())
    var3 = list(map(int, input().split()))
    var4 = [[]] * (var2 * 6)
    var5 = 0
    for var6 in range(0, var2):
        for var7 in range(0, 6):
            var4[var5] = var3[var6] - var1[var7], var6
            var5 += 1
    var4.sort(key=operator.itemgetter(0))
    var8 = array.array('L', [0]) * var2
    var9 = var2
    var10 = len(var4)
    var11 = 999999999999
    var12 = 0
    for var6 in range(0, var10):
        while var12 < var10 and var9 > 0:
            var8[var4[var12][1]] += 1
            if var8[var4[var12][1]] == 1:
                var9 -= 1
            var12 += 1
        if var9 > 0:
            break
        var11 = min(var11, var4[var12 - 1][0] - var4[var6][0])
        var8[var4[var6][1]] -= 1
        if var8[var4[var6][1]] == 0:
            var9 += 1
    print(var11)


def function2(var13):
    function1()


function2(sys.argv)
```

### Input/Output Unit Test Cases:
```Input/Output Unit Test Cases
## Test Case 1:
Input: '5 4 7 6 4 1
10
19 16 18 12 16 15 16 20 16 14'
Output: '2'

## Test Case 2:
Input: '1 1 2 2 3 3
7
13 4 11 12 11 13 12'
Output: '7'

## Test Case 3:
Input: '158260522 877914575 602436426 24979445 861648772 623690081
1
896194147'
Output: '0'

## Test Case 4:
Input: '1 1 1 96 99 100
3
101 146 175'
Output: '50'

## Test Case 5:
Input: '1 4 100 10 30 5
6
101 104 105 110 130 200'
Output: '0'

```

"
u093739220,p03013,python,s120232779,s983584428,173,130,11884,13948,Accepted,Accepted,24.86,"N, M = list(map(int, input().split("" "")))

A = {int(eval(input())) for _ in range(M)}



memo = [0] * (N + 1)

memo[0] = 1

memo[1] = 0 if 1 in A else 1



if N == 1:

    print((memo[1]))

else:

    for i in range(2, N + 1):

        if i in A:

            continue

        memo[i] = (memo[i - 2] + memo[i - 1]) % 1000000007



    print((memo[N]))
","N, M = list(map(int, input().split("" "")))

A = {int(input()) for _ in range(M)}



memo = [0] * (N + 1)

memo[0] = 1

memo[1] = 0 if 1 in A else 1



if N == 1:

    print((memo[1]))

else:

    for i in range(2, N + 1):

        if i in A:

            continue

        memo[i] = (memo[i - 2] + memo[i - 1]) % 1000000007

    print((memo[N]))
",16,15,343,343,"N, M = list(map(int, input().split("" "")))
A = {int(eval(input())) for _ in range(M)}
memo = [0] * (N + 1)
memo[0] = 1
memo[1] = 0 if 1 in A else 1
if N == 1:
    print((memo[1]))
else:
    for i in range(2, N + 1):
        if i in A:
            continue
        memo[i] = (memo[i - 2] + memo[i - 1]) % 1000000007
    print((memo[N]))
","N, M = list(map(int, input().split("" "")))
A = {int(input()) for _ in range(M)}
memo = [0] * (N + 1)
memo[0] = 1
memo[1] = 0 if 1 in A else 1
if N == 1:
    print((memo[1]))
else:
    for i in range(2, N + 1):
        if i in A:
            continue
        memo[i] = (memo[i - 2] + memo[i - 1]) % 1000000007
    print((memo[N]))
",False,6.25,"['-A = {int(eval(input())) for _ in range(M)}', '+A = {int(input()) for _ in range(M)}']",False,0.392192254,0.272783552,1.437741573,"['s120232779', 's983584428']","{'inputs': ['100 5\n1\n23\n45\n67\n89\n', '10 2\n4\n5\n', '6 1\n3\n'], 'outputs': ['608200469\n', '0\n', '4\n']}","{'inputs': ['10 2\n4\n1\n', '100 1\n1\n23\n44\n58\n89\n', '101 1\n1\n23\n44\n101\n89\n', '111 3\n1\n23\n4\n47\n17\n', '10 2\n3\n2\n', '8 1\n3\n', '100 2\n1\n20\n151\n101\n89\n', '100 3\n2\n30\n46\n47\n17\n', '17 0\n7\n0\n', '12 1\n6\n0\n', '100 5\n1\n23\n45\n47\n89\n', '10 0\n4\n1\n', '100 5\n1\n23\n21\n27\n89\n', '010 1\n1\n88\n140\n8\n24\n', '100 5\n1\n23\n4\n27\n89\n', '100 4\n1\n23\n65\n27\n31\n', '011 0\n1\n19\n1\n65\n104\n', '27 -4\n3\n-1\n', '13 0\n7\n0\n', '12 0\n6\n0\n', '100 5\n1\n23\n7\n27\n89\n', '100 3\n1\n23\n4\n47\n17\n', '100 5\n1\n23\n21\n47\n89\n', '100 3\n1\n10\n90\n47\n89\n', '110 1\n1\n85\n140\n8\n24\n', '10 2\n6\n4\n', '101 5\n1\n23\n48\n67\n89\n', '101 3\n1\n10\n90\n47\n89\n', '101 4\n2\n16\n50\n27\n31\n', '100 5\n1\n23\n21\n27\n91\n', '10 2\n1\n3\n', '101 2\n1\n5\n141\n100\n89\n', '101 2\n1\n23\n141\n101\n89\n', '12 1\n8\n0\n', '100 3\n1\n23\n71\n47\n154\n', '101 4\n1\n23\n65\n27\n31\n', '100 5\n1\n23\n21\n18\n91\n', '100 3\n1\n23\n90\n47\n89\n', '100 4\n2\n23\n95\n27\n31\n', '111 5\n1\n40\n45\n47\n89\n', '100 3\n1\n23\n46\n47\n89\n', '101 5\n1\n23\n45\n67\n89\n', '6 1\n1\n', '101 5\n2\n23\n48\n67\n89\n', '101 4\n2\n19\n65\n27\n31\n', '10 2\n6\n2\n', '21 1\n1\n', '10 1\n4\n2\n', '100 5\n1\n23\n21\n27\n93\n', '100 0\n1\n23\n45\n47\n89\n', '100 4\n3\n23\n95\n27\n31\n', '100 2\n2\n23\n28\n27\n93\n', '101 0\n0\n35\n44\n58\n89\n', '101 2\n1\n25\n141\n101\n89\n', '100 5\n1\n23\n28\n62\n93\n', '101 2\n1\n37\n141\n101\n89\n', '100 3\n1\n23\n45\n47\n89\n', '100 4\n2\n23\n65\n27\n93\n', '20 0\n7\n0\n', '100 5\n1\n6\n45\n67\n89\n', '100 5\n1\n6\n45\n67\n1\n', '111 -1\n0\n80\n49\n8\n485\n', '100 3\n1\n30\n46\n47\n17\n', '13 1\n7\n-1\n', '011 1\n1\n133\n140\n8\n24\n', '13 1\n4\n2\n', '100 3\n1\n33\n46\n47\n89\n', '16 -4\n4\n-1\n', '15 -1\n4\n0\n', '110 4\n1\n23\n65\n27\n31\n', '100 2\n1\n37\n141\n101\n89\n', '4 1\n3\n', '110 0\n-2\n116\n44\n26\n153\n', '101 5\n1\n23\n45\n47\n89\n', '10 2\n3\n3\n', '100 1\n2\n23\n44\n58\n89\n', '110 3\n1\n23\n71\n47\n154\n', '101 2\n2\n23\n28\n27\n93\n', '100 2\n1\n24\n151\n001\n89\n', '7 -1\n3\n-2\n', '110 3\n1\n23\n4\n47\n17\n', '101 5\n1\n40\n45\n47\n89\n', '100 3\n1\n23\n5\n47\n17\n', '19 2\n7\n5\n', '101 3\n1\n23\n4\n47\n17\n', '101 4\n2\n23\n65\n27\n31\n', '5 1\n1\n', '15 1\n8\n0\n', '100 3\n1\n33\n5\n47\n17\n', '110 4\n1\n32\n65\n27\n31\n', '101 4\n2\n19\n65\n30\n31\n', '111 1\n1\n23\n44\n101\n89\n', '100 2\n1\n23\n28\n27\n93\n', '24 0\n8\n0\n', '18 -2\n4\n-1\n', '100 5\n1\n23\n28\n37\n93\n', '111 2\n1\n23\n44\n101\n89\n', '4 1\n2\n', '101 4\n2\n16\n45\n27\n31\n', '101 4\n2\n16\n65\n27\n31\n'], 'outputs': ['8\n', '94208912\n', '687995182\n', '619793911\n', '0\n', '10\n', '878718644\n', '250223782\n', '2584\n', '64\n', '621622238\n', '89\n', '40991458\n', '34\n', '560134404\n', '34319280\n', '144\n', '317811\n', '377\n', '233\n', '7898576\n', '96839479\n', '358254682\n', '492215488\n', '42837731\n', '9\n', '352686026\n', '778312335\n', '796411630\n', '643250530\n', '13\n', '186727242\n', '883987870\n', '63\n', '829506026\n', '855029413\n', '644936936\n', '882573500\n', '615530829\n', '808103790\n', '153598646\n', '366077159\n', '5\n', '157493236\n', '84865811\n', '6\n', '6765\n', '24\n', '318772094\n', '782204094\n', '890327982\n', '709798407\n', '470199269\n', '300126398\n', '93718175\n', '456586262\n', '733629168\n', '605716241\n', '10946\n', '229617645\n', '731163710\n', '868959523\n', '980948137\n', '104\n', '55\n', '102\n', '796449253\n', '1597\n', '987\n', '193472899\n', '319068443\n', '2\n', '455898627\n', '668692158\n', '26\n', '593786270\n', '670637289\n', '887463728\n', '738895863\n', '21\n', '294219152\n', '311183275\n', '32238891\n', '720\n', '890939586\n', '561782750\n', '3\n', '273\n', '542655836\n', '629434670\n', '703973878\n', '413060896\n', '322757328\n', '75025\n', '4181\n', '107148026\n', '426572798\n', '1\n', '208893593\n', '743477159\n']}",1,44.9,1,14.23,1.0,43.48,1.0,17.83,"N, M = list(map(int, input().split(' ')))
A = {int(eval(input())) for _ in range(M)}
memo = [0] * (N + 1)
memo[0] = 1
memo[1] = 0 if 1 in A else 1
if N == 1:
    print(memo[1])
else:
    for i in range(2, N + 1):
        if i in A:
            continue
        memo[i] = (memo[i - 2] + memo[i - 1]) % 1000000007
    print(memo[N])","var1, var2 = list(map(int, input().split(' ')))
var3 = {int(eval(input())) for var4 in range(var2)}
var5 = [0] * (var1 + 1)
var5[0] = 1
var5[1] = 0 if 1 in var3 else 1
if var1 == 1:
    print(var5[1])
else:
    for var6 in range(2, var1 + 1):
        if var6 in var3:
            continue
        var5[var6] = (var5[var6 - 2] + var5[var6 - 1]) % 1000000007
    print(var5[var1])","N, M = list(map(int, input().split(' ')))
A = {int(input()) for _ in range(M)}
memo = [0] * (N + 1)
memo[0] = 1
memo[1] = 0 if 1 in A else 1
if N == 1:
    print(memo[1])
else:
    for i in range(2, N + 1):
        if i in A:
            continue
        memo[i] = (memo[i - 2] + memo[i - 1]) % 1000000007
    print(memo[N])","'N', 0, 'computedFrom', ['list'], [4]
'M', 2, 'computedFrom', ['map', 'int', 'input', 'split', ""' '""], [6, 8, 10, 14, 16]
'list', 4, 'comesFrom', [], []
'map', 6, 'comesFrom', [], []
'int', 8, 'comesFrom', [], []
'input', 10, 'comesFrom', [], []
'split', 14, 'comesFrom', [], []
""' '"", 16, 'comesFrom', [], []
'A', 20, 'computedFrom', ['int', 'eval', 'input', '_', 'range', 'M'], [23, 25, 27, 33, 35, 37]
'int', 23, 'comesFrom', ['int'], [8]
'eval', 25, 'comesFrom', [], []
'input', 27, 'comesFrom', ['input'], [10]
'_', 33, 'computedFrom', ['range', 'M'], [35, 37]
'range', 35, 'comesFrom', [], []
'M', 37, 'comesFrom', ['M'], [2]
'memo', 40, 'computedFrom', ['0', 'N', '1'], [43, 47, 49]
'0', 43, 'comesFrom', [], []
'N', 47, 'comesFrom', ['N'], [0]
'1', 49, 'comesFrom', [], []
'memo', 51, 'computedFrom', ['1'], [56]
'0', 53, 'computedFrom', ['1'], [56]
'1', 56, 'comesFrom', [], []
'memo', 57, 'computedFrom', ['0', '1', 'A', '1'], [62, 64, 66, 68]
'1', 59, 'computedFrom', ['0', '1', 'A', '1'], [62, 64, 66, 68]
'0', 62, 'comesFrom', ['0'], [53]
'1', 64, 'comesFrom', [], []
'A', 66, 'comesFrom', ['A'], [20]
'1', 68, 'comesFrom', [], []
'N', 70, 'comesFrom', ['N'], [0]
'1', 72, 'comesFrom', ['1'], [59]
'memo', 76, 'comesFrom', ['memo'], [57]
'1', 78, 'comesFrom', ['1'], [59]
'i', 84, 'computedFrom', ['range', '2', '1', 'N'], [86, 88, 90, 92]
'range', 86, 'comesFrom', ['range'], [35]
'2', 88, 'comesFrom', [], []
'N', 90, 'comesFrom', ['N'], [0]
'1', 92, 'comesFrom', ['1'], [59]
'i', 96, 'comesFrom', ['i'], [84]
'A', 98, 'comesFrom', ['A'], [20]
'memo', 101, 'computedFrom', ['i', 'memo', '1', '1000000007', '2'], [107, 109, 111, 114, 116, 118, 122]
'i', 103, 'computedFrom', ['i', 'memo', '1', '1000000007', '2'], [107, 109, 111, 114, 116, 118, 122]
'memo', 107, 'comesFrom', ['memo'], [57, 101]
'i', 109, 'comesFrom', ['i'], [84]
'2', 111, 'comesFrom', [], []
'memo', 114, 'comesFrom', ['memo'], [57, 101]
'i', 116, 'comesFrom', ['i'], [84]
'1', 118, 'comesFrom', ['1'], [59]
'1000000007', 122, 'comesFrom', [], []
'memo', 125, 'comesFrom', ['memo'], [101]
'N', 127, 'comesFrom', ['N'], [0]","'var1', 0, 'computedFrom', ['list'], [4]
'var2', 2, 'computedFrom', ['map', 'int', 'input', 'split', ""' '""], [6, 8, 10, 14, 16]
'list', 4, 'comesFrom', [], []
'map', 6, 'comesFrom', [], []
'int', 8, 'comesFrom', [], []
'input', 10, 'comesFrom', [], []
'split', 14, 'comesFrom', [], []
""' '"", 16, 'comesFrom', [], []
'var3', 20, 'computedFrom', ['int', 'eval', 'input', 'var4', 'range', 'var2'], [23, 25, 27, 33, 35, 37]
'int', 23, 'comesFrom', ['int'], [8]
'eval', 25, 'comesFrom', [], []
'input', 27, 'comesFrom', ['input'], [10]
'var4', 33, 'computedFrom', ['range', 'var2'], [35, 37]
'range', 35, 'comesFrom', [], []
'var2', 37, 'comesFrom', ['var2'], [2]
'var5', 40, 'computedFrom', ['0', 'var1', '1'], [43, 47, 49]
'0', 43, 'comesFrom', [], []
'var1', 47, 'comesFrom', ['var1'], [0]
'1', 49, 'comesFrom', [], []
'var5', 51, 'computedFrom', ['1'], [56]
'0', 53, 'computedFrom', ['1'], [56]
'1', 56, 'comesFrom', [], []
'var5', 57, 'computedFrom', ['0', '1', 'var3', '1'], [62, 64, 66, 68]
'1', 59, 'computedFrom', ['0', '1', 'var3', '1'], [62, 64, 66, 68]
'0', 62, 'comesFrom', ['0'], [53]
'1', 64, 'comesFrom', [], []
'var3', 66, 'comesFrom', ['var3'], [20]
'1', 68, 'comesFrom', [], []
'var1', 70, 'comesFrom', ['var1'], [0]
'1', 72, 'comesFrom', ['1'], [59]
'var5', 76, 'comesFrom', ['var5'], [57]
'1', 78, 'comesFrom', ['1'], [59]
'var6', 84, 'computedFrom', ['range', '2', 'var1', '1'], [86, 88, 90, 92]
'range', 86, 'comesFrom', ['range'], [35]
'2', 88, 'comesFrom', [], []
'var1', 90, 'comesFrom', ['var1'], [0]
'1', 92, 'comesFrom', ['1'], [59]
'var6', 96, 'comesFrom', ['var6'], [84]
'var3', 98, 'comesFrom', ['var3'], [20]
'var5', 101, 'computedFrom', ['1', 'var5', '1000000007', 'var6', '2'], [107, 109, 111, 114, 116, 118, 122]
'var6', 103, 'computedFrom', ['1', 'var5', '1000000007', 'var6', '2'], [107, 109, 111, 114, 116, 118, 122]
'var5', 107, 'comesFrom', ['var5'], [57, 101]
'var6', 109, 'comesFrom', ['var6'], [84]
'2', 111, 'comesFrom', [], []
'var5', 114, 'comesFrom', ['var5'], [57, 101]
'var6', 116, 'comesFrom', ['var6'], [84]
'1', 118, 'comesFrom', ['1'], [59]
'1000000007', 122, 'comesFrom', [], []
'var5', 125, 'comesFrom', ['var5'], [101]
'var1', 127, 'comesFrom', ['var1'], [0]",134612,"var1, var2 = list(map(int, input().split()))
var3 = [[(False) for var4 in range(var2)] for var4 in range(var1)]
var5 = list(map(int, input().split()))
var6 = list(map(int, input().split()))
for var7 in range(var1):
    if var5[var7] == 0:
        var3[var7] = [True] + var3[var7][1:]
    else:
        for var8 in range(var5[var7]):
            var3[var7][var8] = True
        if var8 + 1 < var2:
            var3[var7][var8 + 1] = True
for var7 in range(var2):
    if var6[var7] == 0:
        var3[0][var7] = True
    else:
        for var8 in range(var6[var7]):
            var3[var8][var7] = True
        if var8 + 1 < var1:
            var3[var8 + 1][var7] = True
var9 = 0
for var7 in var3:
    var9 += var7.count(False)
var10 = 10 ** 9 + 7
var11 = var6[0]
var12 = var5[:var11]
var13 = var5[0]
var14 = var6[:var13]
for var7 in range(var1):
    for var8 in range(var2):
        if var5[var7] - var8 == 0 and -var6[var8] + var7 < 0:
            print(0)
            return
        if var6[var8] - var7 == 0 and -var5[var7] + var8 < 0:
            print(0)
            return
if 0 in var12:
    print(0)
elif 0 in var14:
    print(0)
else:
    print(pow(2, var9, var10))","'var1', 0, 'computedFrom', ['list'], [4]
'var2', 2, 'computedFrom', ['map', 'int', 'input', 'split'], [6, 8, 10, 14]
'list', 4, 'comesFrom', [], []
'map', 6, 'comesFrom', [], []
'int', 8, 'comesFrom', [], []
'input', 10, 'comesFrom', [], []
'split', 14, 'comesFrom', [], []
'var3', 19, 'computedFrom', ['False', 'var4', 'range', 'var2', 'var4', 'range', 'var1'], [24, 27, 29, 31, 35, 37, 39]
'False', 24, 'comesFrom', [], []
'var4', 27, 'computedFrom', ['range', 'var2'], [29, 31]
'range', 29, 'comesFrom', ['range'], [37]
'var2', 31, 'comesFrom', ['var2'], [2]
'var4', 35, 'computedFrom', ['range', 'var1'], [37, 39]
'range', 37, 'comesFrom', [], []
'var1', 39, 'comesFrom', ['var1'], [0]
'var5', 42, 'computedFrom', ['list', 'map', 'int', 'input', 'split'], [44, 46, 48, 50, 54]
'list', 44, 'comesFrom', ['list'], [4]
'map', 46, 'comesFrom', ['map'], [6]
'int', 48, 'comesFrom', ['int'], [8]
'input', 50, 'comesFrom', ['input'], [10]
'split', 54, 'comesFrom', ['split'], [14]
'var6', 59, 'computedFrom', ['list', 'map', 'int', 'input', 'split'], [61, 63, 65, 67, 71]
'list', 61, 'comesFrom', ['list'], [4]
'map', 63, 'comesFrom', ['map'], [6]
'int', 65, 'comesFrom', ['int'], [8]
'input', 67, 'comesFrom', ['input'], [10]
'split', 71, 'comesFrom', ['split'], [14]
'var7', 77, 'computedFrom', ['var1', 'range'], [79, 81]
'range', 79, 'comesFrom', ['range'], [37]
'var1', 81, 'comesFrom', ['var1'], [0]
'var5', 85, 'comesFrom', ['var5'], [42]
'var7', 87, 'comesFrom', ['var7'], [77]
'var3', 92, 'computedFrom', ['var7', 'True', '1', 'var3'], [98, 101, 103, 106]
'var7', 94, 'computedFrom', ['var7', 'True', '1', 'var3'], [98, 101, 103, 106]
'True', 98, 'comesFrom', [], []
'var3', 101, 'comesFrom', ['var3'], [19, 92, 122, 138]
'var7', 103, 'comesFrom', ['var7'], [77]
'1', 106, 'comesFrom', ['1'], [145]
'var8', 112, 'computedFrom', ['var7', 'range', 'var5'], [114, 116, 118]
'range', 114, 'comesFrom', ['range'], [37]
'var5', 116, 'comesFrom', ['var5'], [42]
'var7', 118, 'comesFrom', ['var7'], [77, 124]
'var3', 122, 'computedFrom', ['True'], [130]
'var7', 124, 'computedFrom', ['True'], [130]
'var8', 127, 'computedFrom', ['True'], [130]
'True', 130, 'comesFrom', [], []
'var8', 132, 'comesFrom', ['var8'], [127]
'1', 134, 'comesFrom', ['1'], [145]
'var2', 136, 'comesFrom', ['var2'], [2]
'var3', 138, 'computedFrom', ['True'], [148]
'var7', 140, 'computedFrom', ['True'], [148]
'var8', 143, 'computedFrom', ['True'], [148]
'1', 145, 'computedFrom', ['True'], [148]
'True', 148, 'comesFrom', [], []
'var7', 150, 'computedFrom', ['var2', 'range'], [152, 154]
'range', 152, 'comesFrom', ['range'], [37]
'var2', 154, 'comesFrom', ['var2'], [2]
'var6', 158, 'comesFrom', ['var6'], [59]
'var7', 160, 'comesFrom', ['var7'], [150]
'0', 163, 'comesFrom', ['0'], [167]
'var3', 165, 'computedFrom', ['True'], [173]
'0', 167, 'computedFrom', ['True'], [173]
'var7', 170, 'computedFrom', ['True'], [173]
'True', 173, 'comesFrom', [], []
'var8', 177, 'computedFrom', ['var7', 'range', 'var6'], [179, 181, 183]
'range', 179, 'comesFrom', ['range'], [37]
'var6', 181, 'comesFrom', ['var6'], [59]
'var7', 183, 'comesFrom', ['var7'], [150, 192]
'var3', 187, 'computedFrom', ['True'], [195]
'var8', 189, 'computedFrom', ['True'], [195]
'var7', 192, 'computedFrom', ['True'], [195]
'True', 195, 'comesFrom', [], []
'var8', 197, 'comesFrom', ['var8'], [189]
'1', 199, 'comesFrom', ['1'], [145, 207]
'var1', 201, 'comesFrom', ['var1'], [0]
'var3', 203, 'computedFrom', ['True'], [213]
'var8', 205, 'computedFrom', ['True'], [213]
'1', 207, 'computedFrom', ['True'], [213]
'var7', 210, 'computedFrom', ['True'], [213]
'True', 213, 'comesFrom', [], []
'var9', 214, 'computedFrom', ['0'], [216]
'0', 216, 'comesFrom', ['0'], [167]
'var7', 218, 'computedFrom', ['var3'], [220]
'var3', 220, 'comesFrom', ['var3'], [165, 187, 203]
'var9', 222, 'computedFrom', ['var7', 'False', 'count'], [224, 226, 228]
'var7', 224, 'comesFrom', ['var7'], [218]
'count', 226, 'comesFrom', ['count'], [226]
'False', 228, 'comesFrom', [], []
'var10', 230, 'computedFrom', ['10', '9', '7'], [232, 234, 236]
'10', 232, 'comesFrom', [], []
'9', 234, 'comesFrom', [], []
'7', 236, 'comesFrom', [], []
'var11', 237, 'computedFrom', ['var6', '0'], [239, 241]
'var6', 239, 'comesFrom', ['var6'], [59]
'0', 241, 'comesFrom', ['0'], [167]
'var12', 243, 'computedFrom', ['var5', 'var11'], [245, 248]
'var5', 245, 'comesFrom', ['var5'], [42]
'var11', 248, 'comesFrom', ['var11'], [237]
'var13', 250, 'computedFrom', ['var5', '0'], [252, 254]
'var5', 252, 'comesFrom', ['var5'], [42]
'0', 254, 'comesFrom', ['0'], [167]
'var14', 256, 'computedFrom', ['var6', 'var13'], [258, 261]
'var6', 258, 'comesFrom', ['var6'], [59]
'var13', 261, 'comesFrom', ['var13'], [250]
'var7', 264, 'computedFrom', ['var1', 'range'], [266, 268]
'range', 266, 'comesFrom', ['range'], [37]
'var1', 268, 'comesFrom', ['var1'], [0]
'var8', 272, 'computedFrom', ['var2', 'range'], [274, 276]
'range', 274, 'comesFrom', ['range'], [37]
'var2', 276, 'comesFrom', ['var2'], [2]
'var5', 280, 'comesFrom', ['var5'], [42]
'var7', 282, 'comesFrom', ['var7'], [264]
'var8', 285, 'comesFrom', ['var8'], [272]
'0', 287, 'comesFrom', ['0'], [167]
'var6', 290, 'comesFrom', ['var6'], [59]
'var8', 292, 'comesFrom', ['var8'], [272]
'var7', 295, 'comesFrom', ['var7'], [264]
'0', 297, 'comesFrom', ['0'], [167]
'print', 299, 'comesFrom', ['print'], [299]
'0', 301, 'comesFrom', ['0'], [167]
'var6', 305, 'comesFrom', ['var6'], [59]
'var8', 307, 'comesFrom', ['var8'], [272]
'var7', 310, 'comesFrom', ['var7'], [264]
'0', 312, 'comesFrom', ['0'], [167]
'var5', 315, 'comesFrom', ['var5'], [42]
'var7', 317, 'comesFrom', ['var7'], [264]
'var8', 320, 'comesFrom', ['var8'], [272]
'0', 322, 'comesFrom', ['0'], [167]
'print', 324, 'comesFrom', ['print'], [299]
'0', 326, 'comesFrom', ['0'], [167]
'0', 330, 'comesFrom', ['0'], [167]
'var12', 332, 'comesFrom', ['var12'], [243]
'print', 334, 'comesFrom', ['print'], [299]
'0', 336, 'comesFrom', ['0'], [167]
'0', 339, 'comesFrom', ['0'], [167]
'var14', 341, 'comesFrom', ['var14'], [256]
'print', 343, 'comesFrom', ['print'], [299]
'0', 345, 'comesFrom', ['0'], [167]
'print', 349, 'comesFrom', ['print'], [299]
'var9', 355, 'comesFrom', ['var9'], [222]
'var10', 357, 'comesFrom', ['var10'], [230]","{'inputs': ['4 5\n2 5 2 2\n4 4 0 2 2\n', '3 5\n4 3 2\n3 2 2 1 0\n', '9 9\n9 9 9 9 9 9 9 9 9\n9 9 9 9 9 9 9 9 9\n', '2 4\n2 2\n0 0 0 2\n', '3 6\n0 0 0\n0 0 0 0 0 0\n'], 'outputs': ['4\n', '0\n', '1\n', '0\n', '1024\n']}",145403,"var1, var2 = map(int, input().split())
var3 = []
var4 = []
for var5 in range(var1):
    var3.append(list(map(int, input().split())))
for var5 in range(var1):
    var4.append(list(map(int, input().split())))
var6 = []
for var5 in range(var1):
    var7 = []
    for var8 in range(var2):
        var9 = var3[var5][var8]
        var10 = var4[var5][var8]
        var7.append(var9 ^ var10)
    var6.append(var7)
for var5 in range(var1 - 1):
    for var8 in range(var2 - 1):
        if var6[var5][var8] == 0:
            continue
        else:
            var6[var5][var8] = 0
            var6[var5 + 1][var8] = 1 if var6[var5 + 1][var8] == 0 else 0
            var6[var5][var8 + 1] = 1 if var6[var5][var8 + 1] == 0 else 0
            var6[var5 + 1][var8 + 1] = 1 if var6[var5 + 1][var8 + 1] == 0 else 0
for var5 in range(var1):
    for var8 in range(var2):
        var11 = var6[var5][var8]
        if var11 == 1:
            print('No')
            return
print('Yes')","'var1', 0, 'computedFrom', ['map'], [4]
'var2', 2, 'computedFrom', ['int', 'input', 'split'], [6, 8, 12]
'map', 4, 'comesFrom', [], []
'int', 6, 'comesFrom', [], []
'input', 8, 'comesFrom', [], []
'split', 12, 'comesFrom', [], []
'var3', 16, 'computedFrom', [], []
'var4', 20, 'computedFrom', [], []
'var5', 25, 'computedFrom', ['var1', 'range'], [27, 29]
'range', 27, 'comesFrom', ['range'], [27]
'var1', 29, 'comesFrom', ['var1'], [0]
'var3', 32, 'comesFrom', ['var3'], [16]
'append', 34, 'comesFrom', ['append'], [34]
'list', 36, 'comesFrom', ['list'], [36]
'map', 38, 'comesFrom', ['map'], [4]
'int', 40, 'comesFrom', ['int'], [6]
'input', 42, 'comesFrom', ['input'], [8]
'split', 46, 'comesFrom', ['split'], [12]
'var5', 53, 'computedFrom', ['var1', 'range'], [55, 57]
'range', 55, 'comesFrom', ['range'], [27]
'var1', 57, 'comesFrom', ['var1'], [0]
'var4', 60, 'comesFrom', ['var4'], [20]
'append', 62, 'comesFrom', ['append'], [34]
'list', 64, 'comesFrom', ['list'], [36]
'map', 66, 'comesFrom', ['map'], [4]
'int', 68, 'comesFrom', ['int'], [6]
'input', 70, 'comesFrom', ['input'], [8]
'split', 74, 'comesFrom', ['split'], [12]
'var6', 80, 'computedFrom', [], []
'var5', 85, 'computedFrom', ['var1', 'range'], [87, 89]
'range', 87, 'comesFrom', ['range'], [27]
'var1', 89, 'comesFrom', ['var1'], [0]
'var7', 92, 'computedFrom', [], []
'var8', 97, 'computedFrom', ['var2', 'range'], [99, 101]
'range', 99, 'comesFrom', ['range'], [27]
'var2', 101, 'comesFrom', ['var2'], [2]
'var9', 104, 'computedFrom', ['var8', 'var5', 'var3'], [106, 108, 111]
'var3', 106, 'comesFrom', ['var3'], [16]
'var5', 108, 'comesFrom', ['var5'], [85]
'var8', 111, 'comesFrom', ['var8'], [97]
'var10', 113, 'computedFrom', ['var8', 'var5', 'var4'], [115, 117, 120]
'var4', 115, 'comesFrom', ['var4'], [20]
'var5', 117, 'comesFrom', ['var5'], [85]
'var8', 120, 'comesFrom', ['var8'], [97]
'var7', 122, 'comesFrom', ['var7'], [92]
'append', 124, 'comesFrom', ['append'], [34]
'var9', 126, 'comesFrom', ['var9'], [104]
'var10', 128, 'comesFrom', ['var10'], [113]
'var6', 130, 'comesFrom', ['var6'], [80]
'append', 132, 'comesFrom', ['append'], [34]
'var7', 134, 'comesFrom', ['var7'], [92]
'var5', 137, 'computedFrom', ['1', 'var1', 'range'], [139, 141, 143]
'range', 139, 'comesFrom', ['range'], [27]
'var1', 141, 'comesFrom', ['var1'], [0]
'1', 143, 'comesFrom', ['1'], [238]
'var8', 147, 'computedFrom', ['1', 'var2', 'range'], [149, 151, 153]
'range', 149, 'comesFrom', ['range'], [27]
'var2', 151, 'comesFrom', ['var2'], [2]
'1', 153, 'comesFrom', ['1'], [238]
'var6', 157, 'comesFrom', ['var6'], [80, 229]
'var5', 159, 'comesFrom', ['var5'], [137, 231]
'var8', 162, 'comesFrom', ['var8'], [147]
'var6', 170, 'computedFrom', ['0'], [178]
'var5', 172, 'computedFrom', ['0'], [178]
'var8', 175, 'computedFrom', ['0'], [178]
'0', 178, 'comesFrom', [], []
'var6', 179, 'computedFrom', ['var5', 'var6', '0', 'var8', '1'], [189, 191, 193, 195, 198, 201, 203]
'var5', 181, 'computedFrom', ['var5', 'var6', '0', 'var8', '1'], [189, 191, 193, 195, 198, 201, 203]
'1', 183, 'computedFrom', ['var5', 'var6', '0', 'var8', '1'], [189, 191, 193, 195, 198, 201, 203]
'var8', 186, 'computedFrom', ['var5', 'var6', '0', 'var8', '1'], [189, 191, 193, 195, 198, 201, 203]
'1', 189, 'comesFrom', ['1'], [238]
'var6', 191, 'comesFrom', ['var6'], [170]
'var5', 193, 'comesFrom', ['var5'], [172]
'1', 195, 'comesFrom', ['1'], [238]
'var8', 198, 'comesFrom', ['var8'], [175]
'0', 201, 'comesFrom', [], []
'0', 203, 'comesFrom', [], []
'var6', 204, 'computedFrom', ['var5', 'var6', '0', 'var8', '1'], [214, 216, 218, 221, 223, 226, 228]
'var5', 206, 'computedFrom', ['var5', 'var6', '0', 'var8', '1'], [214, 216, 218, 221, 223, 226, 228]
'var8', 209, 'computedFrom', ['var5', 'var6', '0', 'var8', '1'], [214, 216, 218, 221, 223, 226, 228]
'1', 211, 'computedFrom', ['var5', 'var6', '0', 'var8', '1'], [214, 216, 218, 221, 223, 226, 228]
'1', 214, 'comesFrom', ['1'], [183]
'var6', 216, 'comesFrom', ['var6'], [179]
'var5', 218, 'comesFrom', ['var5'], [181]
'var8', 221, 'comesFrom', ['var8'], [186]
'1', 223, 'comesFrom', ['1'], [183]
'0', 226, 'comesFrom', [], []
'0', 228, 'comesFrom', [], []
'var6', 229, 'computedFrom', ['var5', 'var6', '0', 'var8', '1'], [241, 243, 245, 247, 250, 252, 255, 257]
'var5', 231, 'computedFrom', ['var5', 'var6', '0', 'var8', '1'], [241, 243, 245, 247, 250, 252, 255, 257]
'1', 233, 'computedFrom', ['var5', 'var6', '0', 'var8', '1'], [241, 243, 245, 247, 250, 252, 255, 257]
'var8', 236, 'computedFrom', ['var5', 'var6', '0', 'var8', '1'], [241, 243, 245, 247, 250, 252, 255, 257]
'1', 238, 'computedFrom', ['var5', 'var6', '0', 'var8', '1'], [241, 243, 245, 247, 250, 252, 255, 257]
'1', 241, 'comesFrom', ['1'], [211]
'var6', 243, 'comesFrom', ['var6'], [204]
'var5', 245, 'comesFrom', ['var5'], [206]
'1', 247, 'comesFrom', ['1'], [211]
'var8', 250, 'comesFrom', ['var8'], [209]
'1', 252, 'comesFrom', ['1'], [211]
'0', 255, 'comesFrom', [], []
'0', 257, 'comesFrom', [], []
'var5', 259, 'computedFrom', ['var1', 'range'], [261, 263]
'range', 261, 'comesFrom', ['range'], [27]
'var1', 263, 'comesFrom', ['var1'], [0]
'var8', 267, 'computedFrom', ['var2', 'range'], [269, 271]
'range', 269, 'comesFrom', ['range'], [27]
'var2', 271, 'comesFrom', ['var2'], [2]
'var11', 274, 'computedFrom', ['var8', 'var5', 'var6'], [276, 278, 281]
'var6', 276, 'comesFrom', ['var6'], [80, 229]
'var5', 278, 'comesFrom', ['var5'], [259]
'var8', 281, 'comesFrom', ['var8'], [267]
'var11', 284, 'comesFrom', ['var11'], [274]
'1', 286, 'comesFrom', ['1'], [238]
'print', 288, 'comesFrom', ['print'], [288]
'print', 293, 'comesFrom', ['print'], [288]","{'inputs': ['2 6\n0 0 0 0 0 0\n0 0 0 0 0 0\n0 0 1 0 1 0\n0 0 0 1 0 1\n', '3 3\n0 0 0\n0 0 0\n0 0 0\n0 0 0\n0 1 0\n0 0 0\n', '3 1\n0\n1\n0\n0\n1\n0\n', '3 2\n0 0\n0 0\n0 0\n1 1\n1 1\n1 1\n', '6 7\n0 0 1 1 0 0 1\n0 1 0 0 1 0 1\n0 0 0 1 0 0 1\n1 0 1 0 1 0 0\n0 1 0 0 1 0 1\n0 1 0 1 0 0 1\n1 1 0 1 0 1 1\n0 1 1 0 1 0 0\n1 1 0 1 0 0 1\n1 0 1 0 0 1 0\n0 1 1 0 1 0 0\n0 1 1 1 1 0 1\n'], 'outputs': ['No\n', 'No\n', 'Yes\n', 'No\n', 'Yes\n']}",161449,"var1 = int(input())
var2 = [() for var3 in range(var1)]
for var3 in range(var1):
    var4, var5 = list(map(int, input().split()))
    var6 = [() for var3 in range(var4)]
    for var7 in range(var4):
        var8, var9 = list(map(int, input().split()))
        var6[var7] = [var8, var9]
    var2[var3] = var6, var4, var5
for var3 in range(var1):
    var4, var5 = var2[var3][1], var2[var3][2]
    var6 = var2[var3][0]
    if var4 == 1 and var6[0][1] - var6[0][0] > 1:
        print('NO')
        continue
    var10 = [(0) for var3 in range(52)]
    for var11 in var6:
        var12 = var11[0]
        var13 = var11[1]
        for var7 in range(var12, var13 + 1):
            var10[var7] += 1
        if not var11[0] <= var5 <= var11[1]:
            for var7 in range(var12, var13 + 1):
                var10[var7] -= 1
    if max(var10) == var10[var5]:
        if var10.count(var10[var5]) == 1:
            print('YES')
        else:
            print('NO')
    else:
        print('No')","'var1', 0, 'computedFrom', ['int', 'input'], [2, 4]
'int', 2, 'comesFrom', [], []
'input', 4, 'comesFrom', [], []
'var2', 8, 'computedFrom', ['var3', 'range', 'var1'], [14, 16, 18]
'var3', 14, 'computedFrom', ['range', 'var1'], [16, 18]
'range', 16, 'comesFrom', [], []
'var1', 18, 'comesFrom', ['var1'], [0]
'var3', 22, 'computedFrom', ['var1', 'range'], [24, 26]
'range', 24, 'comesFrom', ['range'], [16]
'var1', 26, 'comesFrom', ['var1'], [0]
'var4', 29, 'computedFrom', ['list'], [33]
'var5', 31, 'computedFrom', ['split', 'int', 'input', 'map'], [35, 37, 39, 43]
'list', 33, 'comesFrom', ['list'], [33]
'map', 35, 'comesFrom', ['map'], [35]
'int', 37, 'comesFrom', ['int'], [2]
'input', 39, 'comesFrom', ['input'], [4]
'split', 43, 'comesFrom', ['split'], [43]
'var6', 48, 'computedFrom', ['range', 'var4', 'var3'], [54, 56, 58]
'var3', 54, 'computedFrom', ['range', 'var4'], [56, 58]
'range', 56, 'comesFrom', ['range'], [16]
'var4', 58, 'comesFrom', ['var4'], [29]
'var7', 62, 'computedFrom', ['range', 'var4'], [64, 66]
'range', 64, 'comesFrom', ['range'], [16]
'var4', 66, 'comesFrom', ['var4'], [29]
'var8', 69, 'computedFrom', ['list'], [73]
'var9', 71, 'computedFrom', ['split', 'int', 'input', 'map'], [75, 77, 79, 83]
'list', 73, 'comesFrom', ['list'], [33]
'map', 75, 'comesFrom', ['map'], [35]
'int', 77, 'comesFrom', ['int'], [2]
'input', 79, 'comesFrom', ['input'], [4]
'split', 83, 'comesFrom', ['split'], [43]
'var6', 88, 'computedFrom', [], []
'var7', 90, 'computedFrom', ['var9'], [96]
'var8', 94, 'comesFrom', ['var8'], [69]
'var9', 96, 'comesFrom', ['var9'], [71]
'var2', 98, 'computedFrom', ['var5', 'var6', 'var4'], [103, 105, 107]
'var3', 100, 'computedFrom', ['var5', 'var6', 'var4'], [103, 105, 107]
'var6', 103, 'comesFrom', ['var6'], [88]
'var4', 105, 'comesFrom', ['var4'], [29]
'var5', 107, 'comesFrom', ['var5'], [31]
'var3', 109, 'computedFrom', ['var1', 'range'], [111, 113]
'range', 111, 'comesFrom', ['range'], [16]
'var1', 113, 'comesFrom', ['var1'], [0]
'var4', 116, 'computedFrom', ['1', 'var2', 'var3'], [120, 122, 125]
'var5', 118, 'computedFrom', ['var2', '2', 'var3'], [128, 130, 133]
'var2', 120, 'comesFrom', ['var2'], [98]
'var3', 122, 'comesFrom', ['var3'], [109]
'1', 125, 'comesFrom', [], []
'var2', 128, 'comesFrom', ['var2'], [98]
'var3', 130, 'comesFrom', ['var3'], [109]
'2', 133, 'comesFrom', [], []
'var6', 135, 'computedFrom', ['var2', '0', 'var3'], [137, 139, 142]
'var2', 137, 'comesFrom', ['var2'], [98]
'var3', 139, 'comesFrom', ['var3'], [109]
'0', 142, 'comesFrom', [], []
'var4', 145, 'comesFrom', ['var4'], [116]
'var6', 149, 'comesFrom', ['var6'], [135]
'var6', 157, 'comesFrom', ['var6'], [135]
'print', 167, 'comesFrom', ['print'], [167]
'var10', 172, 'computedFrom', ['52', '0', 'range', 'var3'], [176, 179, 181, 183]
'0', 176, 'comesFrom', [], []
'var3', 179, 'computedFrom', ['52', 'range'], [181, 183]
'range', 181, 'comesFrom', ['range'], [16]
'52', 183, 'comesFrom', [], []
'var11', 187, 'computedFrom', ['var6'], [189]
'var6', 189, 'comesFrom', ['var6'], [135]
'var12', 191, 'computedFrom', ['0', 'var11'], [193, 195]
'var11', 193, 'comesFrom', ['var11'], [187]
'0', 195, 'comesFrom', [], []
'var13', 197, 'computedFrom', ['1', 'var11'], [199, 201]
'var11', 199, 'comesFrom', ['var11'], [187]
'1', 201, 'comesFrom', [], []
'var7', 204, 'computedFrom', ['1', 'range', 'var13', 'var12'], [206, 208, 210, 212]
'range', 206, 'comesFrom', ['range'], [16]
'var12', 208, 'comesFrom', ['var12'], [191]
'var13', 210, 'comesFrom', ['var13'], [197]
'1', 212, 'comesFrom', [], []
'var10', 215, 'computedFrom', ['1'], [220]
'var7', 217, 'computedFrom', ['1'], [220]
'1', 220, 'comesFrom', [], []
'var11', 223, 'comesFrom', ['var11'], [187]
'var5', 228, 'comesFrom', ['var5'], [118]
'var11', 230, 'comesFrom', ['var11'], [187]
'var7', 236, 'computedFrom', ['1', 'range', 'var13', 'var12'], [238, 240, 242, 244]
'range', 238, 'comesFrom', ['range'], [16]
'var12', 240, 'comesFrom', ['var12'], [191]
'var13', 242, 'comesFrom', ['var13'], [197]
'1', 244, 'comesFrom', [], []
'var10', 247, 'computedFrom', ['1'], [252]
'var7', 249, 'computedFrom', ['1'], [252]
'1', 252, 'comesFrom', [], []
'max', 254, 'comesFrom', ['max'], [254]
'var10', 256, 'comesFrom', ['var10'], [215, 247]
'var10', 259, 'comesFrom', ['var10'], [215, 247]
'var5', 261, 'comesFrom', ['var5'], [118]
'var10', 265, 'comesFrom', ['var10'], [215, 247]
'count', 267, 'comesFrom', ['count'], [267]
'var10', 269, 'comesFrom', ['var10'], [215, 247]
'var5', 271, 'comesFrom', ['var5'], [118]
'print', 277, 'comesFrom', ['print'], [167]
'print', 283, 'comesFrom', ['print'], [167]
'print', 289, 'comesFrom', ['print'], [167]","{'inputs': ['9\n4 3\n1 3\n7 9\n2 5\n3 6\n2 9\n1 4\n3 7\n1 3\n2 4\n3 5\n1 4\n6 7\n5 5\n4 3\n1 3\n7 9\n2 5\n3 6\n2 9\n1 4\n3 7\n1 3\n2 4\n3 5\n1 4\n6 7\n5 5\n1 4\n3 7\n', '5\n1 4\n5 6\n1 4\n4 4\n1 2\n2 2\n1 1\n1 7\n1 4\n3 4\n', '5\n1 2\n1 1\n1 3\n2 4\n1 5\n2 6\n2 7\n3 5\n3 6\n1 1\n1 1\n', '5\n1 1\n1 1\n1 1\n1 1\n1 1\n1 1\n1 1\n1 1\n1 1\n1 1\n', '4\n4 3\n1 3\n7 9\n2 5\n3 6\n2 9\n1 4\n3 7\n1 3\n2 4\n3 5\n1 4\n6 7\n5 5\n'], 'outputs': ['YES\nNO\nNO\nYES\nYES\nNO\nNO\nYES\nNO\n', 'NO\nYES\nYES\nNO\nNO\n', 'NO\nNO\nNO\nNO\nYES\n', 'YES\nYES\nYES\nYES\nYES\n', 'YES\nNO\nNO\nYES\n']}",157007,"var1 = int(input())
var2 = list(map(int, input().split()))
var3 = []
var3.append(0)
var4 = 0
for var5 in range(1, var1):
    if var2[var5] > var2[var5 - 1]:
        var3.append(var3[var5 - 1] + 1)
    else:
        var3.append(0)
    var4 = max(var4, var3[var5])
var6 = [0] * var1
for var5 in range(var1 - 2, -1, -1):
    if var2[var5 + 1] < var2[var5]:
        var6[var5] = var6[var5 + 1] + 1
    var4 = max(var4, var6[var5])
var7 = 0
for var5 in range(var1):
    if var3[var5] == var4:
        var7 += 1
    if var6[var5] == var4:
        var7 += 1
if var7 == 2:
    var8 = 0
    for var5 in range(var1):
        if var3[var5] == var4 and var6[var5] == var4:
            var8 += 1
    if var8 == 1:
        if var4 % 2 == 0:
            print('1')
        else:
            print('0')
    else:
        print('0')
else:
    print('0')","'var1', 0, 'computedFrom', ['int', 'input'], [2, 4]
'int', 2, 'comesFrom', [], []
'input', 4, 'comesFrom', [], []
'var2', 8, 'computedFrom', ['list', 'map', 'int', 'input', 'split'], [10, 12, 14, 16, 20]
'list', 10, 'comesFrom', [], []
'map', 12, 'comesFrom', [], []
'int', 14, 'comesFrom', ['int'], [2]
'input', 16, 'comesFrom', ['input'], [4]
'split', 20, 'comesFrom', [], []
'var3', 25, 'computedFrom', [], []
'var3', 29, 'comesFrom', ['var3'], [25]
'append', 31, 'comesFrom', [], []
'var4', 35, 'computedFrom', ['0'], [37]
'0', 37, 'comesFrom', [], []
'var5', 39, 'computedFrom', ['1', 'var1', 'range'], [41, 43, 45]
'range', 41, 'comesFrom', ['range'], [41]
'1', 43, 'comesFrom', [], []
'var1', 45, 'comesFrom', ['var1'], [0]
'var2', 49, 'comesFrom', ['var2'], [8]
'var5', 51, 'comesFrom', ['var5'], [39]
'var2', 54, 'comesFrom', ['var2'], [8]
'var5', 56, 'comesFrom', ['var5'], [39]
'var3', 61, 'comesFrom', ['var3'], [25]
'append', 63, 'comesFrom', ['append'], [31]
'var3', 65, 'comesFrom', ['var3'], [25]
'var5', 67, 'comesFrom', ['var5'], [39]
'var3', 76, 'comesFrom', ['var3'], [25]
'append', 78, 'comesFrom', ['append'], [31]
'var4', 82, 'computedFrom', ['max', 'var5', 'var4', 'var3'], [84, 86, 88, 90]
'max', 84, 'comesFrom', ['max'], [84]
'var4', 86, 'comesFrom', ['var4'], [35, 82]
'var3', 88, 'comesFrom', ['var3'], [25]
'var5', 90, 'comesFrom', ['var5'], [39]
'var6', 93, 'computedFrom', ['0', 'var1'], [96, 99]
'0', 96, 'comesFrom', [], []
'var1', 99, 'comesFrom', ['var1'], [0]
'var5', 101, 'computedFrom', ['1', 'var1', 'range', '2'], [103, 105, 107, 110, 113]
'range', 103, 'comesFrom', ['range'], [41]
'var1', 105, 'comesFrom', ['var1'], [0]
'2', 107, 'comesFrom', [], []
'1', 110, 'comesFrom', [], []
'1', 113, 'comesFrom', [], []
'var2', 117, 'comesFrom', ['var2'], [8]
'var5', 119, 'comesFrom', ['var5'], [101]
'var2', 124, 'comesFrom', ['var2'], [8]
'var5', 126, 'comesFrom', ['var5'], [101]
'var6', 129, 'computedFrom', ['1', 'var5', 'var6'], [134, 136, 138, 141]
'var5', 131, 'computedFrom', ['1', 'var5', 'var6'], [134, 136, 138, 141]
'var6', 134, 'comesFrom', ['var6'], [93, 129]
'var5', 136, 'comesFrom', ['var5'], [101]
'1', 138, 'comesFrom', [], []
'1', 141, 'comesFrom', [], []
'var4', 142, 'computedFrom', ['max', 'var5', 'var6', 'var4'], [144, 146, 148, 150]
'max', 144, 'comesFrom', ['max'], [84]
'var4', 146, 'comesFrom', ['var4'], [82, 142]
'var6', 148, 'comesFrom', ['var6'], [93, 129]
'var5', 150, 'comesFrom', ['var5'], [101, 131]
'var7', 153, 'computedFrom', ['0'], [155]
'0', 155, 'comesFrom', [], []
'var5', 157, 'computedFrom', ['var1', 'range'], [159, 161]
'range', 159, 'comesFrom', ['range'], [41]
'var1', 161, 'comesFrom', ['var1'], [0]
'var3', 165, 'comesFrom', ['var3'], [25]
'var5', 167, 'comesFrom', ['var5'], [157]
'var4', 170, 'comesFrom', ['var4'], [142]
'var7', 172, 'computedFrom', ['1'], [174]
'1', 174, 'comesFrom', [], []
'var6', 176, 'comesFrom', ['var6'], [93, 129]
'var5', 178, 'comesFrom', ['var5'], [157]
'var4', 181, 'comesFrom', ['var4'], [142]
'var7', 183, 'computedFrom', ['1'], [185]
'1', 185, 'comesFrom', [], []
'var7', 187, 'comesFrom', ['var7'], [153, 172, 183]
'var8', 191, 'computedFrom', ['0'], [193]
'0', 193, 'comesFrom', [], []
'var5', 195, 'computedFrom', ['var1', 'range'], [197, 199]
'range', 197, 'comesFrom', ['range'], [41]
'var1', 199, 'comesFrom', ['var1'], [0]
'var3', 203, 'comesFrom', ['var3'], [25]
'var5', 205, 'comesFrom', ['var5'], [195]
'var4', 208, 'comesFrom', ['var4'], [142]
'var6', 210, 'comesFrom', ['var6'], [93, 129]
'var5', 212, 'comesFrom', ['var5'], [195]
'var4', 215, 'comesFrom', ['var4'], [142]
'var8', 217, 'computedFrom', ['1'], [219]
'1', 219, 'comesFrom', [], []
'var8', 221, 'comesFrom', ['var8'], [191, 217]
'var4', 226, 'comesFrom', ['var4'], [142]","{'inputs': ['9\n3 4 5 6 7 8 9 2 1\n', '7\n7 3 5 6 4 2 1\n', '40\n5 29 12 16 25 36 18 37 27 32 34 40 20 3 1 24 26 19 33 9 6 22 8 13 15 21 28 7 11 2 31 39 14 38 4 17 30 35 10 23\n', '7\n2 5 7 3 1 4 6\n', '4\n1 4 3 2\n'], 'outputs': ['0\n', '0\n', '0\n', '0\n', '0\n']}","#### Reference Example 1:
### Python Program:
```python
var1, var2 = list(map(int, input().split()))
var3 = [[(False) for var4 in range(var2)] for var4 in range(var1)]
var5 = list(map(int, input().split()))
var6 = list(map(int, input().split()))
for var7 in range(var1):
    if var5[var7] == 0:
        var3[var7] = [True] + var3[var7][1:]
    else:
        for var8 in range(var5[var7]):
            var3[var7][var8] = True
        if var8 + 1 < var2:
            var3[var7][var8 + 1] = True
for var7 in range(var2):
    if var6[var7] == 0:
        var3[0][var7] = True
    else:
        for var8 in range(var6[var7]):
            var3[var8][var7] = True
        if var8 + 1 < var1:
            var3[var8 + 1][var7] = True
var9 = 0
for var7 in var3:
    var9 += var7.count(False)
var10 = 10 ** 9 + 7
var11 = var6[0]
var12 = var5[:var11]
var13 = var5[0]
var14 = var6[:var13]
for var7 in range(var1):
    for var8 in range(var2):
        if var5[var7] - var8 == 0 and -var6[var8] + var7 < 0:
            print(0)
            return
        if var6[var8] - var7 == 0 and -var5[var7] + var8 < 0:
            print(0)
            return
if 0 in var12:
    print(0)
elif 0 in var14:
    print(0)
else:
    print(pow(2, var9, var10))
```

### Input/Output Unit Test Cases:
```Input/Output Unit Test Cases
## Test Case 1:
Input: '4 5
2 5 2 2
4 4 0 2 2'
Output: '4'

## Test Case 2:
Input: '3 5
4 3 2
3 2 2 1 0'
Output: '0'

## Test Case 3:
Input: '9 9
9 9 9 9 9 9 9 9 9
9 9 9 9 9 9 9 9 9'
Output: '1'

## Test Case 4:
Input: '2 4
2 2
0 0 0 2'
Output: '0'

## Test Case 5:
Input: '3 6
0 0 0
0 0 0 0 0 0'
Output: '1024'

```

#### Reference Example 2:
### Python Program:
```python
var1, var2 = map(int, input().split())
var3 = []
var4 = []
for var5 in range(var1):
    var3.append(list(map(int, input().split())))
for var5 in range(var1):
    var4.append(list(map(int, input().split())))
var6 = []
for var5 in range(var1):
    var7 = []
    for var8 in range(var2):
        var9 = var3[var5][var8]
        var10 = var4[var5][var8]
        var7.append(var9 ^ var10)
    var6.append(var7)
for var5 in range(var1 - 1):
    for var8 in range(var2 - 1):
        if var6[var5][var8] == 0:
            continue
        else:
            var6[var5][var8] = 0
            var6[var5 + 1][var8] = 1 if var6[var5 + 1][var8] == 0 else 0
            var6[var5][var8 + 1] = 1 if var6[var5][var8 + 1] == 0 else 0
            var6[var5 + 1][var8 + 1] = 1 if var6[var5 + 1][var8 + 1] == 0 else 0
for var5 in range(var1):
    for var8 in range(var2):
        var11 = var6[var5][var8]
        if var11 == 1:
            print('No')
            return
print('Yes')
```

### Input/Output Unit Test Cases:
```Input/Output Unit Test Cases
## Test Case 1:
Input: '2 6
0 0 0 0 0 0
0 0 0 0 0 0
0 0 1 0 1 0
0 0 0 1 0 1'
Output: 'No'

## Test Case 2:
Input: '3 3
0 0 0
0 0 0
0 0 0
0 0 0
0 1 0
0 0 0'
Output: 'No'

## Test Case 3:
Input: '3 1
0
1
0
0
1
0'
Output: 'Yes'

## Test Case 4:
Input: '3 2
0 0
0 0
0 0
1 1
1 1
1 1'
Output: 'No'

## Test Case 5:
Input: '6 7
0 0 1 1 0 0 1
0 1 0 0 1 0 1
0 0 0 1 0 0 1
1 0 1 0 1 0 0
0 1 0 0 1 0 1
0 1 0 1 0 0 1
1 1 0 1 0 1 1
0 1 1 0 1 0 0
1 1 0 1 0 0 1
1 0 1 0 0 1 0
0 1 1 0 1 0 0
0 1 1 1 1 0 1'
Output: 'Yes'

```

#### Reference Example 3:
### Python Program:
```python
var1 = int(input())
var2 = [() for var3 in range(var1)]
for var3 in range(var1):
    var4, var5 = list(map(int, input().split()))
    var6 = [() for var3 in range(var4)]
    for var7 in range(var4):
        var8, var9 = list(map(int, input().split()))
        var6[var7] = [var8, var9]
    var2[var3] = var6, var4, var5
for var3 in range(var1):
    var4, var5 = var2[var3][1], var2[var3][2]
    var6 = var2[var3][0]
    if var4 == 1 and var6[0][1] - var6[0][0] > 1:
        print('NO')
        continue
    var10 = [(0) for var3 in range(52)]
    for var11 in var6:
        var12 = var11[0]
        var13 = var11[1]
        for var7 in range(var12, var13 + 1):
            var10[var7] += 1
        if not var11[0] <= var5 <= var11[1]:
            for var7 in range(var12, var13 + 1):
                var10[var7] -= 1
    if max(var10) == var10[var5]:
        if var10.count(var10[var5]) == 1:
            print('YES')
        else:
            print('NO')
    else:
        print('No')
```

### Input/Output Unit Test Cases:
```Input/Output Unit Test Cases
## Test Case 1:
Input: '9
4 3
1 3
7 9
2 5
3 6
2 9
1 4
3 7
1 3
2 4
3 5
1 4
6 7
5 5
4 3
1 3
7 9
2 5
3 6
2 9
1 4
3 7
1 3
2 4
3 5
1 4
6 7
5 5
1 4
3 7'
Output: 'YES
NO
NO
YES
YES
NO
NO
YES
NO'

## Test Case 2:
Input: '5
1 4
5 6
1 4
4 4
1 2
2 2
1 1
1 7
1 4
3 4'
Output: 'NO
YES
YES
NO
NO'

## Test Case 3:
Input: '5
1 2
1 1
1 3
2 4
1 5
2 6
2 7
3 5
3 6
1 1
1 1'
Output: 'NO
NO
NO
NO
YES'

## Test Case 4:
Input: '5
1 1
1 1
1 1
1 1
1 1
1 1
1 1
1 1
1 1
1 1'
Output: 'YES
YES
YES
YES
YES'

## Test Case 5:
Input: '4
4 3
1 3
7 9
2 5
3 6
2 9
1 4
3 7
1 3
2 4
3 5
1 4
6 7
5 5'
Output: 'YES
NO
NO
YES'

```

#### Reference Example 4:
### Python Program:
```python
var1 = int(input())
var2 = list(map(int, input().split()))
var3 = []
var3.append(0)
var4 = 0
for var5 in range(1, var1):
    if var2[var5] > var2[var5 - 1]:
        var3.append(var3[var5 - 1] + 1)
    else:
        var3.append(0)
    var4 = max(var4, var3[var5])
var6 = [0] * var1
for var5 in range(var1 - 2, -1, -1):
    if var2[var5 + 1] < var2[var5]:
        var6[var5] = var6[var5 + 1] + 1
    var4 = max(var4, var6[var5])
var7 = 0
for var5 in range(var1):
    if var3[var5] == var4:
        var7 += 1
    if var6[var5] == var4:
        var7 += 1
if var7 == 2:
    var8 = 0
    for var5 in range(var1):
        if var3[var5] == var4 and var6[var5] == var4:
            var8 += 1
    if var8 == 1:
        if var4 % 2 == 0:
            print('1')
        else:
            print('0')
    else:
        print('0')
else:
    print('0')
```

### Input/Output Unit Test Cases:
```Input/Output Unit Test Cases
## Test Case 1:
Input: '9
3 4 5 6 7 8 9 2 1'
Output: '0'

## Test Case 2:
Input: '7
7 3 5 6 4 2 1'
Output: '0'

## Test Case 3:
Input: '40
5 29 12 16 25 36 18 37 27 32 34 40 20 3 1 24 26 19 33 9 6 22 8 13 15 21 28 7 11 2 31 39 14 38 4 17 30 35 10 23'
Output: '0'

## Test Case 4:
Input: '7
2 5 7 3 1 4 6'
Output: '0'

## Test Case 5:
Input: '4
1 4 3 2'
Output: '0'

```

"
u134019875,p03796,python,s983655328,s754374761,231,36,3984,2940,Accepted,Accepted,84.42,"import math



n = int(eval(input()))

print((math.factorial(n) % (10 ** 9 + 7)))","n = int(eval(input()))

p = 1

for i in range(1, n + 1):

  p = p * i % (10 ** 9 + 7)

print(p)",4,5,73,89,"import math

n = int(eval(input()))
print((math.factorial(n) % (10**9 + 7)))
","n = int(eval(input()))
p = 1
for i in range(1, n + 1):
    p = p * i % (10**9 + 7)
print(p)
",False,20.0,"['-import math', '-', '-print((math.factorial(n) % (10**9 + 7)))', '+p = 1', '+for i in range(1, n + 1):', '+    p = p * i % (10**9 + 7)', '+print(p)']",False,0.134929011,0.099718697,1.353096409,"['s983655328', 's754374761']","{'inputs': ['10\n', '3\n', '100000\n'], 'outputs': ['3628800\n', '6\n', '457992974\n']}","{'inputs': ['22\n', '65\n', '21\n', '100001\n', '76\n', '27\n', '77\n', '32\n', '56\n', '68\n', '101110\n', '100110\n', '35\n', '193\n', '101100\n', '20\n', '4\n', '111000\n', '31\n', '42\n', '17\n', '24\n', '37\n', '175\n', '78\n', '214\n', '89\n', '34\n', '1\n', '111001\n', '2\n', '111010\n', '80\n', '110100\n', '110010\n', '54\n', '46\n', '101000\n', '72\n', '36\n', '30\n', '47\n', '9\n', '110110\n', '90\n', '39\n', '75\n', '83\n', '177\n', '15\n', '109\n', '59\n', '45\n', '53\n', '126\n', '16\n', '12\n', '6\n', '25\n', '61\n', '44\n', '23\n', '100100\n', '40\n', '19\n', '110001\n', '55\n', '101111\n', '101001\n', '41\n', '14\n', '110111\n', '169\n', '5\n', '111110\n', '13\n', '162\n', '52\n', '50\n', '8\n', '38\n', '43\n', '33\n', '63\n', '101101\n', '28\n', '57\n', '111100\n', '26\n', '51\n', '99\n', '111011\n', '48\n', '110011\n', '11\n', '7\n', '18\n', '110000\n', '101011\n', '29\n'], 'outputs': ['602640637\n', '536698543\n', '72847302\n', '755072381\n', '878715114\n', '394134213\n', '661063309\n', '486580460\n', '75195247\n', '103956247\n', '175005504\n', '97369367\n', '14530444\n', '98399701\n', '650720680\n', '146326063\n', '24\n', '477645764\n', '390205642\n', '626855450\n', '425606191\n', '657629300\n', '354551275\n', '318708924\n', '562937745\n', '497191232\n', '674989781\n', '943272305\n', '1\n', '157078631\n', '2\n', '521433597\n', '766523501\n', '645894938\n', '893005454\n', '713985458\n', '741412713\n', '810232079\n', '518459667\n', '523095984\n', '109361473\n', '846397273\n', '362880\n', '887588411\n', '749079870\n', '444985875\n', '932614679\n', '671814275\n', '420330952\n', '674358851\n', '260451868\n', '133605669\n', '472639410\n', '272481214\n', '750244778\n', '789741546\n', '479001600\n', '720\n', '440732388\n', '996745124\n', '10503098\n', '860734560\n', '573468634\n', '799434881\n', '557316307\n', '817497558\n', '269199917\n', '981391086\n', '249638241\n', '776829897\n', '178290591\n', '246839490\n', '903643190\n', '120\n', '910389867\n', '227020758\n', '674190056\n', '948537388\n', '318608048\n', '40320\n', '472948359\n', '954784168\n', '57155068\n', '286427093\n', '511008164\n', '35757887\n', '286129051\n', '759241785\n', '459042011\n', '249010336\n', '104379182\n', '864631379\n', '627068824\n', '422312314\n', '39916800\n', '5040\n', '660911389\n', '559938709\n', '557593479\n', '36978716\n']}",1,39063.9,1,2624.33,1.0,30427.15,1.0,1934.68,"import math
n = int(eval(input()))
print(math.factorial(n) % (10 ** 9 + 7))","import math
var1 = int(eval(input()))
print(math.factorial(var1) % (10 ** 9 + 7))","n = int(eval(input()))
p = 1
for i in range(1, n + 1):
    p = p * i % (10 ** 9 + 7)
print(p)","'math', 1, 'comesFrom', [], []
'n', 2, 'computedFrom', ['int', 'eval', 'input'], [4, 6, 8]
'int', 4, 'comesFrom', [], []
'eval', 6, 'comesFrom', [], []
'input', 8, 'comesFrom', [], []
'math', 15, 'comesFrom', ['math'], [1]
'n', 19, 'comesFrom', ['n'], [2]","'math', 1, 'comesFrom', [], []
'var1', 2, 'computedFrom', ['int', 'eval', 'input'], [4, 6, 8]
'int', 4, 'comesFrom', [], []
'eval', 6, 'comesFrom', [], []
'input', 8, 'comesFrom', [], []
'math', 15, 'comesFrom', ['math'], [1]
'var1', 19, 'comesFrom', ['var1'], [2]",128424,"import math
var1, var2 = map(int, input().strip().split())
var3 = [0] * var2
var4 = [0] * var1
for var5 in range(var1):
    var6 = list(map(int, input().strip().split()))
    for var7 in range(var2):
        var3[var7] += var6[var7]
        var4[var5] += var6[var7]
var8 = var1 * var2
for var5 in range(var1):
    var9 = var4[var5]
    var10 = var2 - var9
    for var7 in range(2, var9 + 1):
        var8 += int(math.factorial(var9) / (math.factorial(var7) * math.factorial(var9 - var7)))
    for var7 in range(2, var10 + 1):
        var8 += int(math.factorial(var10) / (math.factorial(var7) * math.factorial(var10 - var7)))
for var5 in range(var2):
    var9 = var3[var5]
    var10 = var1 - var9
    for var7 in range(2, var9 + 1):
        var8 += int(math.factorial(var9) / (math.factorial(var7) * math.factorial(var9 - var7)))
    for var7 in range(2, var10 + 1):
        var8 += int(math.factorial(var10) / (math.factorial(var7) * math.factorial(var10 - var7)))
print(int(var8))","'math', 1, 'comesFrom', [], []
'var1', 2, 'computedFrom', ['map'], [6]
'var2', 4, 'computedFrom', ['int', 'input', 'strip', 'split'], [8, 10, 14, 18]
'map', 6, 'comesFrom', [], []
'int', 8, 'comesFrom', [], []
'input', 10, 'comesFrom', [], []
'strip', 14, 'comesFrom', [], []
'split', 18, 'comesFrom', [], []
'var3', 22, 'computedFrom', ['0', 'var2'], [25, 28]
'0', 25, 'comesFrom', [], []
'var2', 28, 'comesFrom', ['var2'], [4]
'var4', 29, 'computedFrom', ['0', 'var1'], [32, 35]
'0', 32, 'comesFrom', [], []
'var1', 35, 'comesFrom', ['var1'], [2]
'var5', 37, 'computedFrom', ['var1', 'range'], [39, 41]
'range', 39, 'comesFrom', ['range'], [39]
'var1', 41, 'comesFrom', ['var1'], [2]
'var6', 44, 'computedFrom', ['input', 'list', 'split', 'int', 'map', 'strip'], [46, 48, 50, 52, 56, 60]
'list', 46, 'comesFrom', ['list'], [46]
'map', 48, 'comesFrom', ['map'], [6]
'int', 50, 'comesFrom', ['int'], [8]
'input', 52, 'comesFrom', ['input'], [10]
'strip', 56, 'comesFrom', ['strip'], [14]
'split', 60, 'comesFrom', ['split'], [18]
'var7', 66, 'computedFrom', ['var2', 'range'], [68, 70]
'range', 68, 'comesFrom', ['range'], [39]
'var2', 70, 'comesFrom', ['var2'], [4]
'var3', 73, 'computedFrom', ['var6'], [78]
'var7', 75, 'computedFrom', ['var7'], [80]
'var6', 78, 'comesFrom', ['var6'], [44]
'var7', 80, 'comesFrom', ['var7'], [66]
'var4', 82, 'computedFrom', ['var6'], [87]
'var5', 84, 'computedFrom', ['var7'], [89]
'var6', 87, 'comesFrom', ['var6'], [44]
'var7', 89, 'comesFrom', ['var7'], [75]
'var8', 91, 'computedFrom', ['var1', 'var2'], [93, 95]
'var1', 93, 'comesFrom', ['var1'], [2]
'var2', 95, 'comesFrom', ['var2'], [4]
'var5', 97, 'computedFrom', ['var1', 'range'], [99, 101]
'range', 99, 'comesFrom', ['range'], [39]
'var1', 101, 'comesFrom', ['var1'], [2]
'var9', 104, 'computedFrom', ['var5', 'var4'], [106, 108]
'var4', 106, 'comesFrom', ['var4'], [82]
'var5', 108, 'comesFrom', ['var5'], [97]
'var10', 110, 'computedFrom', ['var9', 'var2'], [112, 114]
'var2', 112, 'comesFrom', ['var2'], [4]
'var9', 114, 'comesFrom', ['var9'], [104]
'var7', 116, 'computedFrom', ['var9', '1', 'range', '2'], [118, 120, 122, 124]
'range', 118, 'comesFrom', ['range'], [39]
'2', 120, 'comesFrom', [], []
'var9', 122, 'comesFrom', ['var9'], [104]
'1', 124, 'comesFrom', [], []
'var8', 127, 'computedFrom', ['var7', 'var9', 'math', 'int', 'factorial'], [129, 131, 133, 135, 139, 141, 143, 146, 148, 150, 152]
'int', 129, 'comesFrom', ['int'], [8]
'math', 131, 'comesFrom', ['math'], [1]
'factorial', 133, 'comesFrom', ['factorial'], [133]
'var9', 135, 'comesFrom', ['var9'], [104]
'math', 139, 'comesFrom', ['math'], [1]
'factorial', 141, 'comesFrom', ['factorial'], [133]
'var7', 143, 'comesFrom', ['var7'], [116]
'math', 146, 'comesFrom', ['math'], [1]
'factorial', 148, 'comesFrom', ['factorial'], [133]
'var9', 150, 'comesFrom', ['var9'], [104]
'var7', 152, 'comesFrom', ['var7'], [116]
'var7', 157, 'computedFrom', ['1', 'range', '2', 'var10'], [159, 161, 163, 165]
'range', 159, 'comesFrom', ['range'], [39]
'2', 161, 'comesFrom', [], []
'var10', 163, 'comesFrom', ['var10'], [110]
'1', 165, 'comesFrom', [], []
'var8', 168, 'computedFrom', ['var7', 'math', 'int', 'var10', 'factorial'], [170, 172, 174, 176, 180, 182, 184, 187, 189, 191, 193]
'int', 170, 'comesFrom', ['int'], [8]
'math', 172, 'comesFrom', ['math'], [1]
'factorial', 174, 'comesFrom', ['factorial'], [133]
'var10', 176, 'comesFrom', ['var10'], [110]
'math', 180, 'comesFrom', ['math'], [1]
'factorial', 182, 'comesFrom', ['factorial'], [133]
'var7', 184, 'comesFrom', ['var7'], [157]
'math', 187, 'comesFrom', ['math'], [1]
'factorial', 189, 'comesFrom', ['factorial'], [133]
'var10', 191, 'comesFrom', ['var10'], [110]
'var7', 193, 'comesFrom', ['var7'], [157]
'var5', 198, 'computedFrom', ['var2', 'range'], [200, 202]
'range', 200, 'comesFrom', ['range'], [39]
'var2', 202, 'comesFrom', ['var2'], [4]
'var9', 205, 'computedFrom', ['var5', 'var3'], [207, 209]
'var3', 207, 'comesFrom', ['var3'], [73]
'var5', 209, 'comesFrom', ['var5'], [198]
'var10', 211, 'computedFrom', ['var9', 'var1'], [213, 215]
'var1', 213, 'comesFrom', ['var1'], [2]
'var9', 215, 'comesFrom', ['var9'], [205]
'var7', 217, 'computedFrom', ['var9', '1', 'range', '2'], [219, 221, 223, 225]
'range', 219, 'comesFrom', ['range'], [39]
'2', 221, 'comesFrom', [], []
'var9', 223, 'comesFrom', ['var9'], [205]
'1', 225, 'comesFrom', [], []
'var8', 228, 'computedFrom', ['var7', 'var9', 'math', 'int', 'factorial'], [230, 232, 234, 236, 240, 242, 244, 247, 249, 251, 253]
'int', 230, 'comesFrom', ['int'], [8]
'math', 232, 'comesFrom', ['math'], [1]
'factorial', 234, 'comesFrom', ['factorial'], [133]
'var9', 236, 'comesFrom', ['var9'], [205]
'math', 240, 'comesFrom', ['math'], [1]
'factorial', 242, 'comesFrom', ['factorial'], [133]
'var7', 244, 'comesFrom', ['var7'], [217]
'math', 247, 'comesFrom', ['math'], [1]
'factorial', 249, 'comesFrom', ['factorial'], [133]
'var9', 251, 'comesFrom', ['var9'], [205]
'var7', 253, 'comesFrom', ['var7'], [217]
'var7', 258, 'computedFrom', ['1', 'range', '2', 'var10'], [260, 262, 264, 266]
'range', 260, 'comesFrom', ['range'], [39]
'2', 262, 'comesFrom', [], []
'var10', 264, 'comesFrom', ['var10'], [211]
'1', 266, 'comesFrom', [], []
'var8', 269, 'computedFrom', ['var7', 'math', 'int', 'var10', 'factorial'], [271, 273, 275, 277, 281, 283, 285, 288, 290, 292, 294]
'int', 271, 'comesFrom', ['int'], [8]
'math', 273, 'comesFrom', ['math'], [1]
'factorial', 275, 'comesFrom', ['factorial'], [133]
'var10', 277, 'comesFrom', ['var10'], [211]
'math', 281, 'comesFrom', ['math'], [1]
'factorial', 283, 'comesFrom', ['factorial'], [133]
'var7', 285, 'comesFrom', ['var7'], [258]
'math', 288, 'comesFrom', ['math'], [1]
'factorial', 290, 'comesFrom', ['factorial'], [133]
'var10', 292, 'comesFrom', ['var10'], [211]
'var7', 294, 'comesFrom', ['var7'], [258]
'int', 300, 'comesFrom', ['int'], [8]
'var8', 302, 'comesFrom', ['var8'], [269]","{'inputs': ['3 15\n1 0 0 0 0 0 0 0 0 0 0 0 0 0 0\n0 0 0 0 0 1 0 1 0 0 0 0 0 1 0\n1 0 0 1 0 0 0 0 0 0 0 0 1 0 1\n', '21 2\n0 1\n1 1\n0 1\n0 0\n1 1\n1 1\n1 1\n1 1\n1 1\n1 1\n1 1\n1 1\n1 1\n1 1\n1 1\n1 1\n1 1\n1 1\n1 1\n1 1\n1 1\n', '1 50\n1 1 1 1 1 1 1 1 1 1 1 1 1 1 1 1 1 1 1 1 1 1 1 1 1 1 1 1 1 1 1 1 1 1 1 1 1 1 1 1 1 1 1 1 1 1 1 1 1 1\n', '32 2\n1 1\n1 1\n1 1\n1 1\n1 1\n1 1\n1 1\n1 1\n1 1\n1 1\n1 1\n1 1\n1 1\n1 1\n1 1\n1 1\n1 1\n1 1\n1 1\n1 1\n1 1\n1 1\n1 1\n1 1\n1 1\n1 1\n1 1\n1 1\n1 1\n1 1\n1 1\n1 1\n', '2 40\n0 0 0 0 0 0 0 0 0 0 0 0 0 0 0 0 0 0 0 0 0 0 0 0 0 0 0 0 0 0 0 0 0 0 0 0 0 0 0 0\n0 0 0 0 0 0 0 0 0 0 0 0 0 0 0 0 0 0 0 0 0 0 0 0 0 0 0 0 0 0 0 0 0 0 0 0 0 0 0 0\n'], 'outputs': ['22587\n', '1310745\n', '1125899906842623\n', '8589934622\n', '2199023255590\n']}",142810,"import math
var1, var2, var3 = map(int, input().split())
var4, var5, var6, var7 = 0, var1, 0, 0
while var4 < var5:
    var8 = (var4 + var5) // 2
    if var8 > var3:
        var7 += 1
        var5 = var8
    else:
        var6 += int(var3 != var8)
        var4 = var8 + 1
var9, var10, var11 = var1 - var6 - var7 - 1, var2 - 1, var1 - var2
var12, var13 = math.comb(var10, var6) * math.factorial(var6) % (10 ** 9 + 7), math.comb(var11, var7) * math.factorial(var7) % (10 ** 9 + 7)
print(var12 * var13 * math.factorial(var9) % (10 ** 9 + 7))","'math', 1, 'comesFrom', [], []
'var1', 2, 'computedFrom', ['map', 'int', 'input', 'split'], [8, 10, 12, 16]
'var2', 4, 'computedFrom', ['map', 'int', 'input', 'split'], [8, 10, 12, 16]
'var3', 6, 'computedFrom', ['map', 'int', 'input', 'split'], [8, 10, 12, 16]
'map', 8, 'comesFrom', [], []
'int', 10, 'comesFrom', [], []
'input', 12, 'comesFrom', [], []
'split', 16, 'comesFrom', [], []
'var4', 20, 'computedFrom', ['0'], [28]
'var5', 22, 'computedFrom', ['var1'], [30]
'var6', 24, 'computedFrom', ['0'], [32]
'var7', 26, 'computedFrom', ['0'], [34]
'0', 28, 'comesFrom', [], []
'var1', 30, 'comesFrom', ['var1'], [2]
'0', 32, 'comesFrom', [], []
'0', 34, 'comesFrom', [], []
'var4', 36, 'comesFrom', ['var4'], [20, 70]
'var5', 38, 'comesFrom', ['var5'], [22, 57]
'var8', 40, 'computedFrom', ['var5', '2', 'var4'], [43, 45, 48]
'var4', 43, 'comesFrom', ['var4'], [20, 70]
'var5', 45, 'comesFrom', ['var5'], [22, 57]
'2', 48, 'comesFrom', [], []
'var8', 50, 'comesFrom', ['var8'], [40]
'var3', 52, 'comesFrom', ['var3'], [6]
'var7', 54, 'computedFrom', ['1'], [56]
'1', 56, 'comesFrom', [], []
'var5', 57, 'computedFrom', ['var8'], [59]
'var8', 59, 'comesFrom', ['var8'], [40]
'var6', 62, 'computedFrom', ['var8', 'int', 'var3'], [64, 66, 68]
'int', 64, 'comesFrom', ['int'], [10]
'var3', 66, 'comesFrom', ['var3'], [6]
'var8', 68, 'comesFrom', ['var8'], [40]
'var4', 70, 'computedFrom', ['var8', '1'], [72, 74]
'var8', 72, 'comesFrom', ['var8'], [40]
'1', 74, 'comesFrom', [], []
'var9', 75, 'computedFrom', ['var1', 'var6', 'var7', '1'], [81, 83, 85, 87]
'var10', 77, 'computedFrom', ['var2', '1'], [89, 91]
'var11', 79, 'computedFrom', ['var1', 'var2'], [93, 95]
'var1', 81, 'comesFrom', ['var1'], [2]
'var6', 83, 'comesFrom', ['var6'], [24, 62]
'var7', 85, 'comesFrom', ['var7'], [26, 54]
'1', 87, 'comesFrom', [], []
'var2', 89, 'comesFrom', ['var2'], [4]
'1', 91, 'comesFrom', [], []
'var1', 93, 'comesFrom', ['var1'], [2]
'var2', 95, 'comesFrom', ['var2'], [4]
'var12', 96, 'computedFrom', ['math', 'comb', 'var10', 'var6', 'math', 'factorial', 'var6', '10', '9', '7'], [100, 102, 104, 106, 109, 111, 113, 117, 119, 121]
'var13', 98, 'computedFrom', ['math', 'comb', 'var11', 'var7', 'math', 'factorial', 'var7', '10', '9', '7'], [124, 126, 128, 130, 133, 135, 137, 141, 143, 145]
'math', 100, 'comesFrom', ['math'], [1]
'comb', 102, 'comesFrom', [], []
'var10', 104, 'comesFrom', ['var10'], [77]
'var6', 106, 'comesFrom', ['var6'], [24, 62]
'math', 109, 'comesFrom', ['math'], [1]
'factorial', 111, 'comesFrom', [], []
'var6', 113, 'comesFrom', ['var6'], [24, 62]
'10', 117, 'comesFrom', [], []
'9', 119, 'comesFrom', [], []
'7', 121, 'comesFrom', [], []
'math', 124, 'comesFrom', ['math'], [1]
'comb', 126, 'comesFrom', ['comb'], [102]
'var11', 128, 'comesFrom', ['var11'], [79]
'var7', 130, 'comesFrom', ['var7'], [26, 54]
'math', 133, 'comesFrom', ['math'], [1]
'factorial', 135, 'comesFrom', ['factorial'], [111]
'var7', 137, 'comesFrom', ['var7'], [26, 54]
'10', 141, 'comesFrom', [], []
'9', 143, 'comesFrom', [], []
'7', 145, 'comesFrom', [], []
'var12', 149, 'comesFrom', ['var12'], [96]
'var13', 151, 'comesFrom', ['var13'], [98]
'math', 153, 'comesFrom', ['math'], [1]
'factorial', 155, 'comesFrom', ['factorial'], [111]
'var9', 157, 'comesFrom', ['var9'], [75]","{'inputs': ['665 5 305\n', '8 1 5\n', '2 2 0\n', '2 1 1\n', '999 490 499\n'], 'outputs': ['400272219\n', '0\n', '0\n', '1\n', '998308393\n']}",142812,"import math
var1, var2, var3 = map(int, input().split())
var4, var5, var6, var7 = 0, var1, 0, 0
while var4 < var5:
    var8 = (var4 + var5) // 2
    if var8 > var3:
        var7 += 1
        var5 = var8
    else:
        var6 += int(var3 != var8)
        var4 = var8 + 1
var9, var10, var11 = var1 - var6 - var7 - 1, var2 - 1, var1 - var2
var12, var13 = math.comb(var10, var6), math.comb(var11, var7)
var12, var13 = var12 * math.factorial(var6) % (10 ** 9 + 7), var13 * math.factorial(var7) % (10 ** 9 + 7)
print(var12 * var13 * math.factorial(var9) % (10 ** 9 + 7))","'math', 1, 'comesFrom', [], []
'var1', 2, 'computedFrom', ['map', 'int', 'input', 'split'], [8, 10, 12, 16]
'var2', 4, 'computedFrom', ['map', 'int', 'input', 'split'], [8, 10, 12, 16]
'var3', 6, 'computedFrom', ['map', 'int', 'input', 'split'], [8, 10, 12, 16]
'map', 8, 'comesFrom', [], []
'int', 10, 'comesFrom', [], []
'input', 12, 'comesFrom', [], []
'split', 16, 'comesFrom', [], []
'var4', 20, 'computedFrom', ['0'], [28]
'var5', 22, 'computedFrom', ['var1'], [30]
'var6', 24, 'computedFrom', ['0'], [32]
'var7', 26, 'computedFrom', ['0'], [34]
'0', 28, 'comesFrom', [], []
'var1', 30, 'comesFrom', ['var1'], [2]
'0', 32, 'comesFrom', [], []
'0', 34, 'comesFrom', [], []
'var4', 36, 'comesFrom', ['var4'], [20, 70]
'var5', 38, 'comesFrom', ['var5'], [22, 57]
'var8', 40, 'computedFrom', ['var5', '2', 'var4'], [43, 45, 48]
'var4', 43, 'comesFrom', ['var4'], [20, 70]
'var5', 45, 'comesFrom', ['var5'], [22, 57]
'2', 48, 'comesFrom', [], []
'var8', 50, 'comesFrom', ['var8'], [40]
'var3', 52, 'comesFrom', ['var3'], [6]
'var7', 54, 'computedFrom', ['1'], [56]
'1', 56, 'comesFrom', [], []
'var5', 57, 'computedFrom', ['var8'], [59]
'var8', 59, 'comesFrom', ['var8'], [40]
'var6', 62, 'computedFrom', ['var8', 'int', 'var3'], [64, 66, 68]
'int', 64, 'comesFrom', ['int'], [10]
'var3', 66, 'comesFrom', ['var3'], [6]
'var8', 68, 'comesFrom', ['var8'], [40]
'var4', 70, 'computedFrom', ['var8', '1'], [72, 74]
'var8', 72, 'comesFrom', ['var8'], [40]
'1', 74, 'comesFrom', [], []
'var9', 75, 'computedFrom', ['var1', 'var6', 'var7', '1'], [81, 83, 85, 87]
'var10', 77, 'computedFrom', ['var2', '1'], [89, 91]
'var11', 79, 'computedFrom', ['var1', 'var2'], [93, 95]
'var1', 81, 'comesFrom', ['var1'], [2]
'var6', 83, 'comesFrom', ['var6'], [24, 62]
'var7', 85, 'comesFrom', ['var7'], [26, 54]
'1', 87, 'comesFrom', [], []
'var2', 89, 'comesFrom', ['var2'], [4]
'1', 91, 'comesFrom', [], []
'var1', 93, 'comesFrom', ['var1'], [2]
'var2', 95, 'comesFrom', ['var2'], [4]
'var12', 96, 'computedFrom', ['math', 'comb', 'var10', 'var6'], [100, 102, 104, 106]
'var13', 98, 'computedFrom', ['math', 'comb', 'var11', 'var7'], [109, 111, 113, 115]
'math', 100, 'comesFrom', ['math'], [1]
'comb', 102, 'comesFrom', [], []
'var10', 104, 'comesFrom', ['var10'], [77]
'var6', 106, 'comesFrom', ['var6'], [24, 62]
'math', 109, 'comesFrom', ['math'], [1]
'comb', 111, 'comesFrom', ['comb'], [102]
'var11', 113, 'comesFrom', ['var11'], [79]
'var7', 115, 'comesFrom', ['var7'], [26, 54]
'var12', 117, 'computedFrom', ['var12', 'math', 'factorial', 'var6', '10', '9', '7'], [121, 123, 125, 127, 131, 133, 135]
'var13', 119, 'computedFrom', ['var13', 'math', 'factorial', 'var7', '10', '9', '7'], [138, 140, 142, 144, 148, 150, 152]
'var12', 121, 'comesFrom', ['var12'], [96]
'math', 123, 'comesFrom', ['math'], [1]
'factorial', 125, 'comesFrom', [], []
'var6', 127, 'comesFrom', ['var6'], [24, 62]
'10', 131, 'comesFrom', [], []
'9', 133, 'comesFrom', [], []
'7', 135, 'comesFrom', [], []
'var13', 138, 'comesFrom', ['var13'], [98]
'math', 140, 'comesFrom', ['math'], [1]
'factorial', 142, 'comesFrom', ['factorial'], [125]
'var7', 144, 'comesFrom', ['var7'], [26, 54]
'10', 148, 'comesFrom', [], []
'9', 150, 'comesFrom', [], []
'7', 152, 'comesFrom', [], []
'var12', 156, 'comesFrom', ['var12'], [117]
'var13', 158, 'comesFrom', ['var13'], [119]
'math', 160, 'comesFrom', ['math'], [1]
'factorial', 162, 'comesFrom', ['factorial'], [125]
'var9', 164, 'comesFrom', ['var9'], [75]","{'inputs': ['665 5 305\n', '8 1 5\n', '2 2 0\n', '2 1 1\n', '999 490 499\n'], 'outputs': ['400272219\n', '0\n', '0\n', '1\n', '998308393\n']}",150745,"import math
var1, var2 = map(int, input().split())
var3 = 0
if var2 == 4:
    var3 = var3 + math.factorial(var1) / (math.factorial(var2) * math.factorial(var1 - var2)) * 9
    var2 = var2 - 1
if var2 == 3:
    var3 = var3 + math.factorial(var1) / (math.factorial(var2) * math.factorial(var1 - var2)) * 2
    var2 = var2 - 1
if var2 == 2:
    var3 = var3 + math.factorial(var1) / (math.factorial(var2) * math.factorial(var1 - var2))
    var2 = var2 - 1
if var2 == 1:
    var2 = var2 - 1
if var2 == 0:
    var3 = var3 + 1
print(int(var3))","'math', 1, 'comesFrom', [], []
'var1', 2, 'computedFrom', ['map'], [6]
'var2', 4, 'computedFrom', ['int', 'input', 'split'], [8, 10, 14]
'map', 6, 'comesFrom', [], []
'int', 8, 'comesFrom', [], []
'input', 10, 'comesFrom', [], []
'split', 14, 'comesFrom', [], []
'var3', 18, 'computedFrom', ['0'], [20]
'0', 20, 'comesFrom', [], []
'var2', 22, 'comesFrom', ['var2'], [4]
'var3', 26, 'computedFrom', ['var3', 'math', 'factorial', 'var1', 'math', 'factorial', 'var2', 'math', 'factorial', 'var1', 'var2', '9'], [28, 30, 32, 34, 38, 40, 42, 45, 47, 49, 51, 55]
'var3', 28, 'comesFrom', ['var3'], [18]
'math', 30, 'comesFrom', ['math'], [1]
'factorial', 32, 'comesFrom', [], []
'var1', 34, 'comesFrom', ['var1'], [2]
'math', 38, 'comesFrom', ['math'], [1]
'factorial', 40, 'comesFrom', ['factorial'], [32]
'var2', 42, 'comesFrom', ['var2'], [4]
'math', 45, 'comesFrom', ['math'], [1]
'factorial', 47, 'comesFrom', ['factorial'], [32]
'var1', 49, 'comesFrom', ['var1'], [2]
'var2', 51, 'comesFrom', ['var2'], [4]
'9', 55, 'comesFrom', [], []
'var2', 56, 'computedFrom', ['var2', '1'], [58, 60]
'var2', 58, 'comesFrom', ['var2'], [4]
'1', 60, 'comesFrom', [], []
'var2', 62, 'comesFrom', ['var2'], [4, 56]
'var3', 66, 'computedFrom', ['var3', 'math', 'factorial', 'var1', 'math', 'factorial', 'var2', 'math', 'factorial', 'var1', 'var2', '2'], [68, 70, 72, 74, 78, 80, 82, 85, 87, 89, 91, 95]
'var3', 68, 'comesFrom', ['var3'], [18, 26]
'math', 70, 'comesFrom', ['math'], [1]
'factorial', 72, 'comesFrom', ['factorial'], [32]
'var1', 74, 'comesFrom', ['var1'], [2]
'math', 78, 'comesFrom', ['math'], [1]
'factorial', 80, 'comesFrom', ['factorial'], [32]
'var2', 82, 'comesFrom', ['var2'], [4, 56]
'math', 85, 'comesFrom', ['math'], [1]
'factorial', 87, 'comesFrom', ['factorial'], [32]
'var1', 89, 'comesFrom', ['var1'], [2]
'var2', 91, 'comesFrom', ['var2'], [4, 56]
'2', 95, 'comesFrom', [], []
'var2', 96, 'computedFrom', ['var2', '1'], [98, 100]
'var2', 98, 'comesFrom', ['var2'], [4, 56]
'1', 100, 'comesFrom', [], []
'var2', 102, 'comesFrom', ['var2'], [4, 56, 96]
'var3', 106, 'computedFrom', ['var3', 'math', 'factorial', 'var1', 'math', 'factorial', 'var2', 'math', 'factorial', 'var1', 'var2'], [108, 110, 112, 114, 118, 120, 122, 125, 127, 129, 131]
'var3', 108, 'comesFrom', ['var3'], [18, 26, 66]
'math', 110, 'comesFrom', ['math'], [1]
'factorial', 112, 'comesFrom', ['factorial'], [32]
'var1', 114, 'comesFrom', ['var1'], [2]
'math', 118, 'comesFrom', ['math'], [1]
'factorial', 120, 'comesFrom', ['factorial'], [32]
'var2', 122, 'comesFrom', ['var2'], [4, 56, 96]
'math', 125, 'comesFrom', ['math'], [1]
'factorial', 127, 'comesFrom', ['factorial'], [32]
'var1', 129, 'comesFrom', ['var1'], [2]
'var2', 131, 'comesFrom', ['var2'], [4, 56, 96]
'var2', 134, 'computedFrom', ['var2', '1'], [136, 138]
'var2', 136, 'comesFrom', ['var2'], [4, 56, 96]
'1', 138, 'comesFrom', [], []
'var2', 140, 'comesFrom', ['var2'], [4, 56, 96, 134]
'var2', 144, 'computedFrom', ['var2', '1'], [146, 148]
'var2', 146, 'comesFrom', ['var2'], [4, 56, 96, 134]
'1', 148, 'comesFrom', [], []
'var2', 150, 'comesFrom', ['var2'], [4, 56, 96, 134, 144]
'var3', 154, 'computedFrom', ['var3', '1'], [156, 158]
'var3', 156, 'comesFrom', ['var3'], [18, 26, 66, 106]
'1', 158, 'comesFrom', [], []
'int', 161, 'comesFrom', ['int'], [8]
'var3', 163, 'comesFrom', ['var3'], [18, 26, 66, 106, 154]","{'inputs': ['400 3\n', '600 3\n', '800 2\n', '200 4\n', '200 3\n'], 'outputs': ['21253401\n', '71820101\n', '319601\n', '584811251\n', '2646701\n']}","#### Reference Example 1:
### Python Program:
```python
import math
var1, var2 = map(int, input().strip().split())
var3 = [0] * var2
var4 = [0] * var1
for var5 in range(var1):
    var6 = list(map(int, input().strip().split()))
    for var7 in range(var2):
        var3[var7] += var6[var7]
        var4[var5] += var6[var7]
var8 = var1 * var2
for var5 in range(var1):
    var9 = var4[var5]
    var10 = var2 - var9
    for var7 in range(2, var9 + 1):
        var8 += int(math.factorial(var9) / (math.factorial(var7) * math.factorial(var9 - var7)))
    for var7 in range(2, var10 + 1):
        var8 += int(math.factorial(var10) / (math.factorial(var7) * math.factorial(var10 - var7)))
for var5 in range(var2):
    var9 = var3[var5]
    var10 = var1 - var9
    for var7 in range(2, var9 + 1):
        var8 += int(math.factorial(var9) / (math.factorial(var7) * math.factorial(var9 - var7)))
    for var7 in range(2, var10 + 1):
        var8 += int(math.factorial(var10) / (math.factorial(var7) * math.factorial(var10 - var7)))
print(int(var8))
```

### Input/Output Unit Test Cases:
```Input/Output Unit Test Cases
## Test Case 1:
Input: '3 15
1 0 0 0 0 0 0 0 0 0 0 0 0 0 0
0 0 0 0 0 1 0 1 0 0 0 0 0 1 0
1 0 0 1 0 0 0 0 0 0 0 0 1 0 1'
Output: '22587'

## Test Case 2:
Input: '21 2
0 1
1 1
0 1
0 0
1 1
1 1
1 1
1 1
1 1
1 1
1 1
1 1
1 1
1 1
1 1
1 1
1 1
1 1
1 1
1 1
1 1'
Output: '1310745'

## Test Case 3:
Input: '1 50
1 1 1 1 1 1 1 1 1 1 1 1 1 1 1 1 1 1 1 1 1 1 1 1 1 1 1 1 1 1 1 1 1 1 1 1 1 1 1 1 1 1 1 1 1 1 1 1 1 1'
Output: '1125899906842623'

## Test Case 4:
Input: '32 2
1 1
1 1
1 1
1 1
1 1
1 1
1 1
1 1
1 1
1 1
1 1
1 1
1 1
1 1
1 1
1 1
1 1
1 1
1 1
1 1
1 1
1 1
1 1
1 1
1 1
1 1
1 1
1 1
1 1
1 1
1 1
1 1'
Output: '8589934622'

## Test Case 5:
Input: '2 40
0 0 0 0 0 0 0 0 0 0 0 0 0 0 0 0 0 0 0 0 0 0 0 0 0 0 0 0 0 0 0 0 0 0 0 0 0 0 0 0
0 0 0 0 0 0 0 0 0 0 0 0 0 0 0 0 0 0 0 0 0 0 0 0 0 0 0 0 0 0 0 0 0 0 0 0 0 0 0 0'
Output: '2199023255590'

```

#### Reference Example 2:
### Python Program:
```python
import math
var1, var2, var3 = map(int, input().split())
var4, var5, var6, var7 = 0, var1, 0, 0
while var4 < var5:
    var8 = (var4 + var5) // 2
    if var8 > var3:
        var7 += 1
        var5 = var8
    else:
        var6 += int(var3 != var8)
        var4 = var8 + 1
var9, var10, var11 = var1 - var6 - var7 - 1, var2 - 1, var1 - var2
var12, var13 = math.comb(var10, var6) * math.factorial(var6) % (10 ** 9 + 7), math.comb(var11, var7) * math.factorial(var7) % (10 ** 9 + 7)
print(var12 * var13 * math.factorial(var9) % (10 ** 9 + 7))
```

### Input/Output Unit Test Cases:
```Input/Output Unit Test Cases
## Test Case 1:
Input: '665 5 305'
Output: '400272219'

## Test Case 2:
Input: '8 1 5'
Output: '0'

## Test Case 3:
Input: '2 2 0'
Output: '0'

## Test Case 4:
Input: '2 1 1'
Output: '1'

## Test Case 5:
Input: '999 490 499'
Output: '998308393'

```

#### Reference Example 3:
### Python Program:
```python
import math
var1, var2, var3 = map(int, input().split())
var4, var5, var6, var7 = 0, var1, 0, 0
while var4 < var5:
    var8 = (var4 + var5) // 2
    if var8 > var3:
        var7 += 1
        var5 = var8
    else:
        var6 += int(var3 != var8)
        var4 = var8 + 1
var9, var10, var11 = var1 - var6 - var7 - 1, var2 - 1, var1 - var2
var12, var13 = math.comb(var10, var6), math.comb(var11, var7)
var12, var13 = var12 * math.factorial(var6) % (10 ** 9 + 7), var13 * math.factorial(var7) % (10 ** 9 + 7)
print(var12 * var13 * math.factorial(var9) % (10 ** 9 + 7))
```

### Input/Output Unit Test Cases:
```Input/Output Unit Test Cases
## Test Case 1:
Input: '665 5 305'
Output: '400272219'

## Test Case 2:
Input: '8 1 5'
Output: '0'

## Test Case 3:
Input: '2 2 0'
Output: '0'

## Test Case 4:
Input: '2 1 1'
Output: '1'

## Test Case 5:
Input: '999 490 499'
Output: '998308393'

```

#### Reference Example 4:
### Python Program:
```python
import math
var1, var2 = map(int, input().split())
var3 = 0
if var2 == 4:
    var3 = var3 + math.factorial(var1) / (math.factorial(var2) * math.factorial(var1 - var2)) * 9
    var2 = var2 - 1
if var2 == 3:
    var3 = var3 + math.factorial(var1) / (math.factorial(var2) * math.factorial(var1 - var2)) * 2
    var2 = var2 - 1
if var2 == 2:
    var3 = var3 + math.factorial(var1) / (math.factorial(var2) * math.factorial(var1 - var2))
    var2 = var2 - 1
if var2 == 1:
    var2 = var2 - 1
if var2 == 0:
    var3 = var3 + 1
print(int(var3))
```

### Input/Output Unit Test Cases:
```Input/Output Unit Test Cases
## Test Case 1:
Input: '400 3'
Output: '21253401'

## Test Case 2:
Input: '600 3'
Output: '71820101'

## Test Case 3:
Input: '800 2'
Output: '319601'

## Test Case 4:
Input: '200 4'
Output: '584811251'

## Test Case 5:
Input: '200 3'
Output: '2646701'

```

"
u852690916,p02883,python,s516001124,s468582154,510,354,119500,120848,Accepted,Accepted,30.59,"N, K = list(map(int, input().split()))

A = list(map(int, input().split()))

F = list(map(int, input().split()))



A.sort()

F.sort(reverse=True)



#·e¤òxÒÔÏÂ¤Ë¤¹¤ë¤¿¤á¤Ë±ØÒª¤ÊÐÞÐÐ»ØÊý

def f(x):

    r = 0

    for i in range(N):

        a, f = A[i], F[i]

        m = a * f

        if m > x:

            r += (m - x + f - 1) // f

    return r



under = -1

r = 10**18

while r - under > 1:

    m = (under + r) // 2

    if f(m) > K: under = m

    else: r = m

print(r)","# ¤Ç¤ÄoO(YOU PLAY WITH THE CARDS YOU'RE DEALT..)

import sys

def main(N, K, A, F):

    A.sort()

    F.sort(reverse=True)



    def f(x):

        sy = 0

        for a, f in zip(A, F):

            m = a * f

            if m > x:

                sy += (m - x + f - 1) // f

        return sy



    under = -1

    hi = 10**12 + 1

    while hi - under > 1:

        m = (hi + under) // 2

        if f(m) <= K: hi = m

        else: under = m

    print(hi)



if __name__ == '__main__':

    input = sys.stdin.readline

    N, K = list(map(int, input().split()))

    *A, = list(map(int, input().split()))

    *F, = list(map(int, input().split()))

    main(N, K, A, F)
",24,28,456,659,"N, K = list(map(int, input().split()))
A = list(map(int, input().split()))
F = list(map(int, input().split()))
A.sort()
F.sort(reverse=True)
# ·e¤òxÒÔÏÂ¤Ë¤¹¤ë¤¿¤á¤Ë±ØÒª¤ÊÐÞÐÐ»ØÊý
def f(x):
    r = 0
    for i in range(N):
        a, f = A[i], F[i]
        m = a * f
        if m > x:
            r += (m - x + f - 1) // f
    return r


under = -1
r = 10**18
while r - under > 1:
    m = (under + r) // 2
    if f(m) > K:
        under = m
    else:
        r = m
print(r)
","# ¤Ç¤ÄoO(YOU PLAY WITH THE CARDS YOU'RE DEALT..)
import sys


def main(N, K, A, F):
    A.sort()
    F.sort(reverse=True)

    def f(x):
        sy = 0
        for a, f in zip(A, F):
            m = a * f
            if m > x:
                sy += (m - x + f - 1) // f
        return sy

    under = -1
    hi = 10**12 + 1
    while hi - under > 1:
        m = (hi + under) // 2
        if f(m) <= K:
            hi = m
        else:
            under = m
    print(hi)


if __name__ == ""__main__"":
    input = sys.stdin.readline
    N, K = list(map(int, input().split()))
    (*A,) = list(map(int, input().split()))
    (*F,) = list(map(int, input().split()))
    main(N, K, A, F)
",False,14.28571429,"['-N, K = list(map(int, input().split()))', '-A = list(map(int, input().split()))', '-F = list(map(int, input().split()))', '-A.sort()', '-F.sort(reverse=True)', '-# ·e¤òxÒÔÏÂ¤Ë¤¹¤ë¤¿¤á¤Ë±ØÒª¤ÊÐÞÐÐ»ØÊý', '-def f(x):', '-    r = 0', '-    for i in range(N):', '-        a, f = A[i], F[i]', '-        m = a * f', '-        if m > x:', '-            r += (m - x + f - 1) // f', '-    return r', ""+# ¤Ç¤ÄoO(YOU PLAY WITH THE CARDS YOU'RE DEALT..)"", '+import sys', '-under = -1', '-r = 10**18', '-while r - under > 1:', '-    m = (under + r) // 2', '-    if f(m) > K:', '-        under = m', '-    else:', '-        r = m', '-print(r)', '+def main(N, K, A, F):', '+    A.sort()', '+    F.sort(reverse=True)', '+', '+    def f(x):', '+        sy = 0', '+        for a, f in zip(A, F):', '+            m = a * f', '+            if m > x:', '+                sy += (m - x + f - 1) // f', '+        return sy', '+', '+    under = -1', '+    hi = 10**12 + 1', '+    while hi - under > 1:', '+        m = (hi + under) // 2', '+        if f(m) <= K:', '+            hi = m', '+        else:', '+            under = m', '+    print(hi)', '+', '+', '+if __name__ == ""__main__"":', '+    input = sys.stdin.readline', '+    N, K = list(map(int, input().split()))', '+    (*A,) = list(map(int, input().split()))', '+    (*F,) = list(map(int, input().split()))', '+    main(N, K, A, F)']",False,0.364066268,0.28719749,1.267651289,"['s516001124', 's468582154']","{'inputs': ['3 8\n4 2 1\n2 3 1\n', '11 14\n3 1 4 1 5 9 2 6 5 3 5\n8 9 7 9 3 2 3 8 4 6 2\n', '3 5\n4 2 1\n2 3 1\n'], 'outputs': ['0\n', '12\n', '2\n']}","{'inputs': ['11 14\n3 1 4 1 2 9 2 20 3 3 10\n8 9 7 46 3 2 3 8 7 6 2\n', '3 1\n2 2 1\n2 3 2\n', '11 14\n3 1 4 1 5 9 2 8 5 3 5\n8 9 7 9 1 3 3 8 4 6 2\n', '11 14\n3 1 4 1 0 9 0 11 1 2 10\n15 6 7 26 3 2 3 8 4 8 2\n', '11 14\n3 0 4 1 3 9 2 8 5 3 5\n8 9 9 3 1 3 3 8 2 8 2\n', '3 1\n2 2 1\n2 3 1\n', '3 1\n8 2 1\n1 3 1\n', '11 2\n3 1 4 1 2 18 2 28 9 4 9\n8 17 7 26 1 3 5 8 7 6 2\n', '3 6\n4 2 1\n2 3 1\n', '11 14\n3 1 0 0 9 9 2 3 5 1 1\n12 9 7 16 3 2 3 8 6 11 4\n', '11 14\n4 1 4 1 2 9 2 11 5 3 10\n8 9 7 26 10 1 3 8 4 3 2\n', '11 14\n3 1 4 1 0 9 0 20 1 2 10\n15 6 7 26 3 2 3 8 4 8 2\n', '11 14\n3 1 4 1 2 9 2 11 5 3 10\n8 9 7 26 10 1 3 8 4 3 2\n', '11 14\n3 1 4 1 5 9 2 6 5 3 5\n8 9 7 9 3 1 3 8 4 6 2\n', '11 14\n0 0 1 1 3 9 2 8 3 3 9\n8 9 9 3 1 3 3 8 2 10 3\n', '11 14\n4 1 4 1 2 9 0 11 5 3 10\n8 9 7 26 10 1 3 8 4 3 2\n', '11 14\n3 1 4 1 2 9 2 6 5 3 5\n8 9 7 26 3 1 3 8 4 6 2\n', '11 14\n3 1 4 1 0 9 2 11 5 3 5\n8 9 7 26 3 1 3 8 4 6 2\n', '3 0\n15 2 1\n4 1 1\n', '11 14\n3 1 0 0 9 9 2 3 4 1 1\n12 9 7 16 3 2 3 8 6 11 4\n', '11 14\n0 0 1 1 3 9 2 8 3 3 9\n8 9 9 3 2 3 3 8 2 10 3\n', '11 14\n3 1 4 1 2 9 2 11 5 3 10\n8 9 7 26 5 1 3 8 4 3 2\n', '11 14\n2 0 4 1 3 9 2 8 3 3 5\n8 9 9 3 1 3 3 8 2 8 3\n', '3 2\n8 2 1\n2 3 1\n', '11 2\n3 1 4 1 2 18 2 28 8 4 9\n8 17 7 26 1 3 5 8 7 6 2\n', '11 14\n3 1 4 1 9 9 2 6 5 1 1\n8 9 7 9 3 2 3 8 6 6 4\n', '11 14\n3 1 0 0 9 9 2 3 4 1 1\n13 9 7 9 3 2 3 8 6 11 5\n', '11 14\n3 1 0 0 9 9 2 3 4 1 1\n13 9 7 16 3 2 3 8 6 11 5\n', '11 14\n1 1 4 1 5 9 2 6 5 3 5\n7 9 7 4 3 1 3 8 4 6 2\n', '3 0\n24 2 1\n4 1 1\n', '11 14\n3 1 4 1 5 9 2 8 5 3 5\n8 9 7 4 1 3 3 8 2 6 2\n', '11 14\n3 0 4 1 5 9 2 8 5 3 5\n8 9 7 4 1 3 3 8 2 8 2\n', '11 14\n3 0 4 1 3 9 2 8 3 3 5\n8 9 9 3 1 3 3 8 2 8 3\n', '11 14\n3 1 4 1 5 9 2 6 5 3 5\n8 9 7 9 3 3 3 8 4 6 2\n', '11 14\n3 1 4 1 2 9 2 11 5 3 10\n8 9 7 26 3 1 3 8 4 6 2\n', '3 8\n4 1 1\n2 3 1\n', '3 1\n4 2 1\n2 3 1\n', '11 14\n3 1 4 1 5 9 2 6 5 3 5\n8 9 7 9 1 3 3 8 4 6 2\n', '11 14\n3 1 0 1 9 9 2 1 5 1 1\n8 9 7 16 3 2 3 8 6 11 4\n', '11 14\n3 1 4 1 2 9 2 11 1 3 10\n15 9 7 26 3 2 3 8 4 8 2\n', '11 14\n3 1 4 1 2 9 2 11 5 3 10\n8 9 7 26 3 2 3 8 4 6 2\n', '11 14\n3 1 0 1 9 9 2 3 5 1 1\n12 9 7 16 3 2 3 8 6 11 4\n', '11 14\n3 1 0 0 4 9 2 3 4 1 1\n13 9 7 9 3 2 3 8 6 11 5\n', '11 2\n3 1 4 1 2 9 2 17 3 4 9\n8 9 7 26 3 2 5 8 7 6 2\n', '11 14\n3 1 4 1 2 9 2 11 5 3 10\n8 9 7 26 3 3 3 8 7 6 2\n', '11 2\n3 1 4 1 2 18 2 28 5 4 9\n8 17 7 26 1 3 5 8 7 6 2\n', '11 14\n3 1 4 1 2 9 2 11 5 3 10\n8 9 7 26 3 1 3 8 4 3 2\n', '2 1\n2 2 1\n2 3 4\n', '11 14\n3 0 4 1 3 9 2 8 5 3 5\n8 9 7 3 1 3 3 8 2 8 2\n', '11 14\n3 1 4 1 0 9 0 20 1 2 10\n15 6 7 26 3 4 3 8 4 8 2\n', '3 1\n5 1 1\n1 3 1\n', '11 14\n3 1 4 1 2 9 2 11 1 3 10\n8 9 7 26 3 2 3 8 4 8 2\n', '11 14\n3 1 4 1 2 9 2 11 3 3 9\n8 9 7 26 3 2 3 8 7 6 2\n', '3 0\n15 2 1\n1 1 2\n', '11 14\n3 1 4 1 9 9 2 6 5 2 5\n8 9 7 9 3 1 3 8 4 6 2\n', '11 14\n3 1 4 1 2 9 2 11 5 3 10\n8 9 7 26 3 2 3 8 7 6 2\n', '11 14\n3 1 4 1 2 9 2 11 1 3 10\n8 9 7 12 3 2 3 8 4 6 2\n', '11 14\n3 1 4 1 9 9 2 3 5 1 1\n8 9 7 16 3 2 3 8 6 11 4\n', '3 0\n15 2 1\n4 1 2\n', '11 14\n3 1 4 1 5 9 2 6 5 3 5\n8 9 7 17 3 1 3 8 4 6 2\n', '11 14\n3 0 4 1 5 9 2 8 5 3 5\n8 9 7 4 1 3 3 8 2 6 2\n', '3 2\n15 2 1\n4 1 1\n', '3 0\n15 2 0\n1 1 2\n', '11 14\n3 1 4 1 9 9 2 3 5 1 1\n8 9 7 9 3 2 3 8 6 6 4\n', '11 14\n3 1 4 1 5 9 2 6 5 3 5\n4 9 7 4 3 1 3 8 4 6 2\n', '11 14\n3 1 4 1 2 9 0 11 1 2 10\n15 6 7 26 3 2 3 8 4 8 2\n', '11 14\n3 1 4 1 2 9 2 11 3 3 10\n8 9 7 26 3 2 3 8 7 6 2\n', '11 14\n3 1 0 0 9 9 2 3 4 1 1\n12 9 7 16 3 2 3 8 6 11 5\n', '11 14\n3 1 4 1 9 9 2 6 5 2 5\n8 9 7 9 3 1 3 8 6 6 4\n', '11 14\n3 1 4 1 5 9 2 6 5 3 5\n8 9 7 26 3 1 3 8 4 6 2\n', '11 14\n3 1 4 1 5 9 2 6 5 2 5\n8 9 7 9 3 1 3 8 4 6 2\n', '11 14\n3 0 4 1 3 9 2 8 3 3 5\n8 9 9 3 1 3 3 8 2 8 2\n', '11 14\n3 1 4 1 2 9 2 11 1 3 10\n8 9 7 26 3 2 3 8 4 6 2\n', '3 2\n8 2 1\n2 1 1\n', '11 14\n3 0 4 1 5 9 2 8 5 3 5\n8 9 7 3 1 3 3 8 2 8 2\n', '11 14\n2 0 1 1 3 9 2 8 3 3 5\n8 9 9 3 1 3 3 8 2 8 3\n', '3 6\n4 4 1\n2 3 1\n', '3 1\n8 1 1\n1 3 1\n', '11 14\n3 1 8 1 2 13 2 11 1 2 15\n8 9 7 7 3 4 8 8 4 6 2\n', '11 14\n3 1 4 1 5 9 2 6 5 3 5\n4 9 7 26 3 1 3 8 4 6 2\n', '3 1\n2 2 1\n2 3 4\n', '11 14\n3 1 4 1 2 9 2 10 5 3 5\n8 9 7 26 3 1 3 8 4 6 2\n', '11 14\n4 1 4 1 2 9 0 1 5 3 10\n8 9 7 26 10 1 3 8 4 3 2\n', '11 14\n3 1 4 1 9 9 2 6 5 1 5\n8 9 7 9 3 2 3 8 6 6 4\n', '11 14\n2 0 1 1 2 9 3 0 3 3 5\n8 9 9 5 1 2 3 1 2 8 3\n', '11 14\n3 1 4 1 9 9 2 6 5 2 5\n8 9 7 9 3 2 3 8 6 6 4\n', '11 14\n3 1 4 1 9 9 2 6 5 2 5\n8 9 7 9 3 1 3 8 6 6 2\n', '11 14\n3 1 4 1 2 9 0 11 1 2 10\n15 9 7 26 3 2 3 8 4 8 2\n', '11 14\n0 0 1 1 3 9 2 8 3 3 9\n8 9 9 3 1 3 3 8 2 8 3\n', '3 1\n8 2 1\n2 3 1\n', '11 14\n3 1 4 1 5 9 2 8 5 3 5\n8 9 7 9 1 3 3 8 2 6 2\n', '11 14\n3 1 4 1 9 9 2 3 5 1 1\n8 9 7 16 3 2 3 8 6 6 4\n', '11 2\n3 1 4 1 2 9 2 17 5 4 9\n8 9 7 26 1 2 5 8 7 6 2\n', '11 14\n3 1 4 1 2 9 2 11 5 3 5\n8 9 7 26 3 1 3 8 4 6 2\n', '11 14\n2 0 1 1 3 9 2 8 3 3 9\n8 9 9 3 1 3 3 8 2 8 3\n', '3 2\n8 2 1\n4 1 1\n', '11 14\n3 1 4 1 2 9 0 11 1 3 10\n15 9 7 26 3 2 3 8 4 8 2\n', '11 14\n3 1 4 1 5 9 2 6 5 3 5\n7 9 7 4 3 1 3 8 4 6 2\n', '11 14\n3 1 0 1 9 9 2 3 5 1 1\n8 9 7 16 3 2 3 8 6 11 4\n', '3 8\n4 1 1\n2 3 2\n'], 'outputs': ['21\n', '4\n', '12\n', '12\n', '9\n', '3\n', '7\n', '36\n', '1\n', '12\n', '16\n', '20\n', '15\n', '12\n', '9\n', '15\n', '10\n', '12\n', '15\n', '12\n', '10\n', '15\n', '9\n', '6\n', '35\n', '14\n', '12\n', '12\n', '9\n', '24\n', '10\n', '10\n', '9\n', '14\n', '15\n', '0\n', '4\n', '12\n', '11\n', '16\n', '16\n', '12\n', '9\n', '30\n', '18\n', '32\n', '14\n', '4\n', '9\n', '22\n', '4\n', '16\n', '16\n', '15\n', '12\n', '16\n', '14\n', '14\n', '15\n', '12\n', '10\n', '13\n', '15\n', '12\n', '10\n', '14\n', '16\n', '12\n', '16\n', '12\n', '12\n', '9\n', '15\n', '6\n', '10\n', '8\n', '2\n', '7\n', '26\n', '12\n', '4\n', '12\n', '10\n', '16\n', '5\n', '16\n', '14\n', '14\n', '9\n', '7\n', '12\n', '12\n', '25\n', '12\n', '9\n', '6\n', '15\n', '12\n', '12\n', '0\n']}",1,41.88,1,33.35,1.0,53.05,1.0,40.41,"N, K = list(map(int, input().split()))
A = list(map(int, input().split()))
F = list(map(int, input().split()))
A.sort()
F.sort(reverse=True)
def f(x):
    r = 0
    for i in range(N):
        a, f = A[i], F[i]
        m = a * f
        if m > x:
            r += (m - x + f - 1) // f
    return r
under = -1
r = 10 ** 18
while r - under > 1:
    m = (under + r) // 2
    if f(m) > K:
        under = m
    else:
        r = m
print(r)","var1, var2 = list(map(int, input().split()))
var3 = list(map(int, input().split()))
var4 = list(map(int, input().split()))
var3.sort()
var4.sort(reverse=True)
def function1(var5):
    var6 = 0
    for var7 in range(var1):
        var8, var9 = var3[var7], var4[var7]
        var10 = var8 * var9
        if var10 > var5:
            var6 += (var10 - var5 + var9 - 1) // var9
    return var6
var11 = -1
var6 = 10 ** 18
while var6 - var11 > 1:
    var10 = (var11 + var6) // 2
    if var9(var10) > var2:
        var11 = var10
    else:
        var6 = var10
print(var6)","import sys
def main(N, K, A, F):
    A.sort()
    F.sort(reverse=True)
    def f(x):
        sy = 0
        for a, f in zip(A, F):
            m = a * f
            if m > x:
                sy += (m - x + f - 1) // f
        return sy
    under = -1
    hi = 10 ** 12 + 1
    while hi - under > 1:
        m = (hi + under) // 2
        if f(m) <= K:
            hi = m
        else:
            under = m
    print(hi)
input = sys.stdin.readline
N, K = list(map(int, input().split()))
*A, = list(map(int, input().split()))
*F, = list(map(int, input().split()))
main(N, K, A, F)","'N', 0, 'computedFrom', ['list'], [4]
'K', 2, 'computedFrom', ['map', 'int', 'input', 'split'], [6, 8, 10, 14]
'list', 4, 'comesFrom', [], []
'map', 6, 'comesFrom', [], []
'int', 8, 'comesFrom', [], []
'input', 10, 'comesFrom', [], []
'split', 14, 'comesFrom', [], []
'A', 19, 'computedFrom', ['list', 'map', 'int', 'input', 'split'], [21, 23, 25, 27, 31]
'list', 21, 'comesFrom', ['list'], [4]
'map', 23, 'comesFrom', ['map'], [6]
'int', 25, 'comesFrom', ['int'], [8]
'input', 27, 'comesFrom', ['input'], [10]
'split', 31, 'comesFrom', ['split'], [14]
'F', 36, 'computedFrom', ['list', 'map', 'int', 'input', 'split'], [38, 40, 42, 44, 48]
'list', 38, 'comesFrom', ['list'], [4]
'map', 40, 'comesFrom', ['map'], [6]
'int', 42, 'comesFrom', ['int'], [8]
'input', 44, 'comesFrom', ['input'], [10]
'split', 48, 'comesFrom', ['split'], [14]
'A', 53, 'comesFrom', ['A'], [19]
'sort', 55, 'comesFrom', [], []
'F', 58, 'comesFrom', ['F'], [36]
'sort', 60, 'comesFrom', ['sort'], [55]
'x', 69, 'comesFrom', [], []
'r', 72, 'computedFrom', ['0'], [74]
'0', 74, 'comesFrom', [], []
'i', 76, 'computedFrom', ['range', 'N'], [78, 80]
'range', 78, 'comesFrom', ['range'], [78]
'N', 80, 'comesFrom', ['N'], [0]
'a', 83, 'computedFrom', ['i', 'A'], [87, 89]
'f', 85, 'computedFrom', ['i', 'F'], [92, 94]
'A', 87, 'comesFrom', ['A'], [19]
'i', 89, 'comesFrom', ['i'], [76]
'F', 92, 'comesFrom', ['F'], [36]
'i', 94, 'comesFrom', ['i'], [76]
'm', 96, 'computedFrom', ['f', 'a'], [98, 100]
'a', 98, 'comesFrom', ['a'], [83]
'f', 100, 'comesFrom', ['f'], [85]
'm', 102, 'comesFrom', ['m'], [96]
'x', 104, 'comesFrom', ['x'], [69]
'r', 106, 'computedFrom', ['x', 'f', '1', 'm'], [109, 111, 113, 115, 118]
'm', 109, 'comesFrom', ['m'], [96]
'x', 111, 'comesFrom', ['x'], [69]
'f', 113, 'comesFrom', ['f'], [85]
'1', 115, 'comesFrom', [], []
'f', 118, 'comesFrom', ['f'], [85]
'r', 120, 'comesFrom', ['r'], [72, 106]
'under', 121, 'computedFrom', ['1'], [124]
'1', 124, 'comesFrom', [], []
'r', 125, 'computedFrom', ['10', '18'], [127, 129]
'10', 127, 'comesFrom', [], []
'18', 129, 'comesFrom', [], []
'r', 131, 'comesFrom', ['r'], [125, 159]
'under', 133, 'comesFrom', ['under'], [121, 154]
'm', 137, 'computedFrom', ['under', '2', 'r'], [140, 142, 145]
'under', 140, 'comesFrom', ['under'], [121, 154]
'r', 142, 'comesFrom', ['r'], [125, 159]
'2', 145, 'comesFrom', [], []
'f', 147, 'comesFrom', ['f'], [85]
'm', 149, 'comesFrom', ['m'], [137]
'K', 152, 'comesFrom', ['K'], [2]
'under', 154, 'computedFrom', ['m'], [156]
'm', 156, 'comesFrom', ['m'], [137]
'r', 159, 'computedFrom', ['m'], [161]
'm', 161, 'comesFrom', ['m'], [137]
'r', 164, 'comesFrom', ['r'], [125, 159]","'var1', 0, 'computedFrom', ['list'], [4]
'var2', 2, 'computedFrom', ['map', 'int', 'input', 'split'], [6, 8, 10, 14]
'list', 4, 'comesFrom', [], []
'map', 6, 'comesFrom', [], []
'int', 8, 'comesFrom', [], []
'input', 10, 'comesFrom', [], []
'split', 14, 'comesFrom', [], []
'var3', 19, 'computedFrom', ['list', 'map', 'int', 'input', 'split'], [21, 23, 25, 27, 31]
'list', 21, 'comesFrom', ['list'], [4]
'map', 23, 'comesFrom', ['map'], [6]
'int', 25, 'comesFrom', ['int'], [8]
'input', 27, 'comesFrom', ['input'], [10]
'split', 31, 'comesFrom', ['split'], [14]
'var4', 36, 'computedFrom', ['list', 'map', 'int', 'input', 'split'], [38, 40, 42, 44, 48]
'list', 38, 'comesFrom', ['list'], [4]
'map', 40, 'comesFrom', ['map'], [6]
'int', 42, 'comesFrom', ['int'], [8]
'input', 44, 'comesFrom', ['input'], [10]
'split', 48, 'comesFrom', ['split'], [14]
'var3', 53, 'comesFrom', ['var3'], [19]
'sort', 55, 'comesFrom', [], []
'var4', 58, 'comesFrom', ['var4'], [36]
'sort', 60, 'comesFrom', ['sort'], [55]
'var5', 69, 'comesFrom', [], []
'var6', 72, 'computedFrom', ['0'], [74]
'0', 74, 'comesFrom', [], []
'var7', 76, 'computedFrom', ['range', 'var1'], [78, 80]
'range', 78, 'comesFrom', ['range'], [78]
'var1', 80, 'comesFrom', ['var1'], [0]
'var8', 83, 'computedFrom', ['var3', 'var7'], [87, 89]
'var9', 85, 'computedFrom', ['var4', 'var7'], [92, 94]
'var3', 87, 'comesFrom', ['var3'], [19]
'var7', 89, 'comesFrom', ['var7'], [76]
'var4', 92, 'comesFrom', ['var4'], [36]
'var7', 94, 'comesFrom', ['var7'], [76]
'var10', 96, 'computedFrom', ['var9', 'var8'], [98, 100]
'var8', 98, 'comesFrom', ['var8'], [83]
'var9', 100, 'comesFrom', ['var9'], [85]
'var10', 102, 'comesFrom', ['var10'], [96]
'var5', 104, 'comesFrom', ['var5'], [69]
'var6', 106, 'computedFrom', ['var5', 'var10', 'var9', '1'], [109, 111, 113, 115, 118]
'var10', 109, 'comesFrom', ['var10'], [96]
'var5', 111, 'comesFrom', ['var5'], [69]
'var9', 113, 'comesFrom', ['var9'], [85]
'1', 115, 'comesFrom', [], []
'var9', 118, 'comesFrom', ['var9'], [85]
'var6', 120, 'comesFrom', ['var6'], [72, 106]
'var11', 121, 'computedFrom', ['1'], [124]
'1', 124, 'comesFrom', [], []
'var6', 125, 'computedFrom', ['10', '18'], [127, 129]
'10', 127, 'comesFrom', [], []
'18', 129, 'comesFrom', [], []
'var6', 131, 'comesFrom', ['var6'], [125, 159]
'var11', 133, 'comesFrom', ['var11'], [121, 154]
'var10', 137, 'computedFrom', ['var11', 'var6', '2'], [140, 142, 145]
'var11', 140, 'comesFrom', ['var11'], [121, 154]
'var6', 142, 'comesFrom', ['var6'], [125, 159]
'2', 145, 'comesFrom', [], []
'var9', 147, 'comesFrom', ['var9'], [85]
'var10', 149, 'comesFrom', ['var10'], [137]
'var2', 152, 'comesFrom', ['var2'], [2]
'var11', 154, 'computedFrom', ['var10'], [156]
'var10', 156, 'comesFrom', ['var10'], [137]
'var6', 159, 'computedFrom', ['var10'], [161]
'var10', 161, 'comesFrom', ['var10'], [137]
'var6', 164, 'comesFrom', ['var6'], [125, 159]",141021,"from operator import itemgetter
var1, var2 = map(int, input().split())
var3 = list(map(int, input().split()))
var3.sort(reverse=True)
var4 = [0] * var1
var5 = []
for var6 in range(var2):
    var7, var8 = map(int, input().split())
    var9 = []
    var9.append(var7)
    var9.append(var8)
    var5.append(var9)
    var4[var7 - 1] += 1
    if var8 < var1:
        var4[var8] -= 1
var10 = [0] * var1
var10[0] = var4[0]
for var6 in range(1, var1):
    var10[var6] = var10[var6 - 1] + var4[var6]
var10 = list(enumerate(var10, 0))
var10.sort(key=itemgetter(1), reverse=True)
var11 = [0] * var1
for var6 in range(var1):
    var11[var10[var6][0]] = var3[var6]
var12 = 0
var13 = [0] * var1
var13[0] = var11[0]
for var6 in range(1, var1):
    var13[var6] = var13[var6 - 1] + var11[var6]
for var6 in var5:
    if var6[0] == 1:
        var12 += var13[var6[1] - 1]
    else:
        var12 += var13[var6[1] - 1] - var13[var6[0] - 2]
print(str(var12) + '\n')","'itemgetter', 3, 'comesFrom', [], []
'var1', 4, 'computedFrom', ['map'], [8]
'var2', 6, 'computedFrom', ['int', 'input', 'split'], [10, 12, 16]
'map', 8, 'comesFrom', [], []
'int', 10, 'comesFrom', [], []
'input', 12, 'comesFrom', [], []
'split', 16, 'comesFrom', [], []
'var3', 20, 'computedFrom', ['list', 'map', 'int', 'input', 'split'], [22, 24, 26, 28, 32]
'list', 22, 'comesFrom', [], []
'map', 24, 'comesFrom', ['map'], [8]
'int', 26, 'comesFrom', ['int'], [10]
'input', 28, 'comesFrom', ['input'], [12]
'split', 32, 'comesFrom', ['split'], [16]
'var3', 37, 'comesFrom', ['var3'], [20]
'sort', 39, 'comesFrom', [], []
'reverse', 41, 'comesFrom', [], []
'var4', 45, 'computedFrom', ['0', 'var1'], [48, 51]
'0', 48, 'comesFrom', [], []
'var1', 51, 'comesFrom', ['var1'], [4]
'var5', 52, 'computedFrom', [], []
'var6', 57, 'computedFrom', ['var2', 'range'], [59, 61]
'range', 59, 'comesFrom', ['range'], [59]
'var2', 61, 'comesFrom', ['var2'], [6]
'var7', 64, 'computedFrom', ['map'], [68]
'var8', 66, 'computedFrom', ['split', 'int', 'input'], [70, 72, 76]
'map', 68, 'comesFrom', ['map'], [8]
'int', 70, 'comesFrom', ['int'], [10]
'input', 72, 'comesFrom', ['input'], [12]
'split', 76, 'comesFrom', ['split'], [16]
'var9', 80, 'computedFrom', [], []
'var9', 84, 'comesFrom', ['var9'], [80]
'append', 86, 'comesFrom', ['append'], [86]
'var7', 88, 'comesFrom', ['var7'], [64]
'var9', 90, 'comesFrom', ['var9'], [80]
'append', 92, 'comesFrom', ['append'], [86]
'var8', 94, 'comesFrom', ['var8'], [66]
'var5', 96, 'comesFrom', ['var5'], [52]
'append', 98, 'comesFrom', ['append'], [86]
'var9', 100, 'comesFrom', ['var9'], [80]
'var4', 102, 'computedFrom', ['1'], [109]
'var7', 104, 'computedFrom', ['1'], [109]
'1', 106, 'computedFrom', ['1'], [109]
'1', 109, 'comesFrom', ['1'], [106]
'var8', 111, 'comesFrom', ['var8'], [66]
'var1', 113, 'comesFrom', ['var1'], [4]
'var4', 115, 'computedFrom', ['1'], [120]
'var8', 117, 'computedFrom', ['1'], [120]
'1', 120, 'comesFrom', ['1'], [106]
'var10', 121, 'computedFrom', ['0', 'var1'], [124, 127]
'0', 124, 'comesFrom', [], []
'var1', 127, 'comesFrom', ['var1'], [4]
'var10', 128, 'computedFrom', ['var4'], [133]
'0', 130, 'computedFrom', ['0'], [135]
'var4', 133, 'comesFrom', ['var4'], [102, 115]
'0', 135, 'comesFrom', [], []
'var6', 138, 'computedFrom', ['1', 'var1', 'range'], [140, 142, 144]
'range', 140, 'comesFrom', ['range'], [59]
'1', 142, 'comesFrom', ['1'], [106]
'var1', 144, 'comesFrom', ['var1'], [4]
'var10', 147, 'computedFrom', ['var4', '1', 'var6', 'var10'], [152, 154, 156, 159, 161]
'var6', 149, 'computedFrom', ['var4', '1', 'var6', 'var10'], [152, 154, 156, 159, 161]
'var10', 152, 'comesFrom', ['var10'], [128, 147]
'var6', 154, 'comesFrom', ['var6'], [138]
'1', 156, 'comesFrom', ['1'], [106]
'var4', 159, 'comesFrom', ['var4'], [102, 115]
'var6', 161, 'comesFrom', ['var6'], [138]
'var10', 163, 'computedFrom', ['list', 'enumerate', 'var10', '0'], [165, 167, 169, 171]
'list', 165, 'comesFrom', ['list'], [22]
'enumerate', 167, 'comesFrom', [], []
'var10', 169, 'comesFrom', ['var10'], [147]
'0', 171, 'comesFrom', ['0'], [130]
'var10', 174, 'comesFrom', ['var10'], [163]
'sort', 176, 'comesFrom', ['sort'], [39]
'itemgetter', 180, 'comesFrom', ['itemgetter'], [3]
'1', 182, 'comesFrom', ['1'], [106]
'reverse', 185, 'comesFrom', ['reverse'], [41]
'var11', 189, 'computedFrom', ['0', 'var1'], [192, 195]
'0', 192, 'comesFrom', ['0'], [130]
'var1', 195, 'comesFrom', ['var1'], [4]
'var6', 197, 'computedFrom', ['var1', 'range'], [199, 201]
'range', 199, 'comesFrom', ['range'], [59]
'var1', 201, 'comesFrom', ['var1'], [4]
'var11', 204, 'computedFrom', ['var3'], [215]
'var10', 206, 'computedFrom', ['var6'], [217]
'var6', 208, 'computedFrom', ['var6'], [217]
'0', 211, 'computedFrom', ['var6'], [217]
'var3', 215, 'comesFrom', ['var3'], [20]
'var6', 217, 'comesFrom', ['var6'], [197]
'var12', 219, 'computedFrom', ['0'], [221]
'0', 221, 'comesFrom', ['0'], [211]
'var13', 222, 'computedFrom', ['0', 'var1'], [225, 228]
'0', 225, 'comesFrom', ['0'], [211]
'var1', 228, 'comesFrom', ['var1'], [4]
'var13', 229, 'computedFrom', ['var11'], [234]
'0', 231, 'computedFrom', ['0'], [236]
'var11', 234, 'comesFrom', ['var11'], [204]
'0', 236, 'comesFrom', ['0'], [211]
'var6', 239, 'computedFrom', ['1', 'var1', 'range'], [241, 243, 245]
'range', 241, 'comesFrom', ['range'], [59]
'1', 243, 'comesFrom', ['1'], [106]
'var1', 245, 'comesFrom', ['var1'], [4]
'var13', 248, 'computedFrom', ['1', 'var6', 'var13', 'var11'], [253, 255, 257, 260, 262]
'var6', 250, 'computedFrom', ['1', 'var6', 'var13', 'var11'], [253, 255, 257, 260, 262]
'var13', 253, 'comesFrom', ['var13'], [229, 248]
'var6', 255, 'comesFrom', ['var6'], [239]
'1', 257, 'comesFrom', ['1'], [106]
'var11', 260, 'comesFrom', ['var11'], [204]
'var6', 262, 'comesFrom', ['var6'], [239]
'var6', 265, 'computedFrom', ['var5'], [267]
'var5', 267, 'comesFrom', ['var5'], [52]
'var6', 270, 'comesFrom', ['var6'], [265]
'0', 272, 'comesFrom', ['0'], [231]
'1', 275, 'comesFrom', ['1'], [106]
'var12', 277, 'computedFrom', ['1', 'var6', 'var13'], [279, 281, 283, 286]
'var13', 279, 'comesFrom', ['var13'], [248]
'var6', 281, 'comesFrom', ['var6'], [265]
'1', 283, 'comesFrom', ['1'], [106]
'1', 286, 'comesFrom', ['1'], [106]
'var12', 290, 'computedFrom', ['var6', 'var13', '0', '1', '2'], [292, 294, 296, 299, 302, 304, 306, 309]
'var13', 292, 'comesFrom', ['var13'], [248]
'var6', 294, 'comesFrom', ['var6'], [265]
'1', 296, 'comesFrom', ['1'], [106]
'1', 299, 'comesFrom', ['1'], [106]
'var13', 302, 'comesFrom', ['var13'], [248]
'var6', 304, 'comesFrom', ['var6'], [265]
'0', 306, 'comesFrom', ['0'], [231]
'2', 309, 'comesFrom', [], []
'var12', 315, 'comesFrom', ['var12'], [277, 290]","{'inputs': ['16 13\n40 32 15 16 35 36 45 23 30 42 25 8 29 21 39 23\n2 9\n3 11\n8 9\n4 14\n1 6\n5 10\n5 14\n5 11\n13 13\n2 8\n9 16\n6 10\n7 8\n', '34 21\n23 38 16 49 44 50 48 34 33 19 18 31 11 15 20 47 44 30 39 33 45 46 1 13 27 16 31 36 17 23 38 5 30 16\n8 16\n14 27\n8 26\n1 8\n5 6\n23 28\n4 33\n13 30\n12 30\n11 30\n9 21\n1 14\n15 22\n4 11\n5 24\n8 20\n17 33\n6 9\n3 14\n25 34\n10 17\n', '3 3\n5 3 2\n1 2\n2 3\n1 3\n', '3 2\n1 2 3\n2 3\n1 2\n', '22 7\n44 41 40 41 37 42 46 16 50 47 30 7 32 6 20 14 47 25 11 1 35 12\n1 10\n10 20\n4 5\n1 8\n2 12\n8 8\n2 16\n'], 'outputs': ['2838\n', '9382\n', '25\n', '9\n', '2202\n']}",148371,"var1, var2 = list(map(int, input().split()))
var3, var4, var5 = [0], [0], [0]
for var6 in range(var1):
    var7, var8, var9 = list(map(int, input().split()))
    if var8 == 1 and var9 == 1:
        var3.append(var7)
    elif var8 == 1:
        var4.append(var7)
    elif var9 == 1:
        var5.append(var7)
var3, var4, var5 = sorted(var3), sorted(var4), sorted(var5)
for var6 in range(1, len(var3)):
    var3[var6] = var3[var6] + var3[var6 - 1]
for var6 in range(1, len(var4)):
    var4[var6] = var4[var6] + var4[var6 - 1]
for var6 in range(1, len(var5)):
    var5[var6] = var5[var6] + var5[var6 - 1]
var10 = None
for var6 in range(min(var2 + 1, len(var3))):
    var11 = var2 - var6
    if len(var4) - 1 < var11 or len(var5) - 1 < var11:
        pass
    else:
        var12 = var3[var6] + var4[var11] + var5[var11]
        var10 = min(var10, var12) if var10 != None else var12
if var10 == None:
    print('-1')
else:
    print(var10)","'var1', 0, 'computedFrom', ['list'], [4]
'var2', 2, 'computedFrom', ['map', 'int', 'input', 'split'], [6, 8, 10, 14]
'list', 4, 'comesFrom', [], []
'map', 6, 'comesFrom', [], []
'int', 8, 'comesFrom', [], []
'input', 10, 'comesFrom', [], []
'split', 14, 'comesFrom', [], []
'var3', 19, 'computedFrom', ['0'], [26]
'var4', 21, 'computedFrom', ['0'], [30]
'var5', 23, 'computedFrom', ['0'], [34]
'0', 26, 'comesFrom', [], []
'0', 30, 'comesFrom', [], []
'0', 34, 'comesFrom', [], []
'var6', 37, 'computedFrom', ['var1', 'range'], [39, 41]
'range', 39, 'comesFrom', ['range'], [39]
'var1', 41, 'comesFrom', ['var1'], [0]
'var7', 44, 'computedFrom', ['input', 'list', 'split', 'int', 'map'], [50, 52, 54, 56, 60]
'var8', 46, 'computedFrom', ['input', 'list', 'split', 'int', 'map'], [50, 52, 54, 56, 60]
'var9', 48, 'computedFrom', ['input', 'list', 'split', 'int', 'map'], [50, 52, 54, 56, 60]
'list', 50, 'comesFrom', ['list'], [4]
'map', 52, 'comesFrom', ['map'], [6]
'int', 54, 'comesFrom', ['int'], [8]
'input', 56, 'comesFrom', ['input'], [10]
'split', 60, 'comesFrom', ['split'], [14]
'var8', 66, 'comesFrom', ['var8'], [46]
'var9', 70, 'comesFrom', ['var9'], [48]
'var3', 74, 'comesFrom', ['var3'], [19]
'append', 76, 'comesFrom', ['append'], [76, 87, 98]
'var7', 78, 'comesFrom', ['var7'], [44]
'var8', 81, 'comesFrom', ['var8'], [46]
'var4', 85, 'comesFrom', ['var4'], [21]
'append', 87, 'comesFrom', ['append'], [76, 87, 98]
'var7', 89, 'comesFrom', ['var7'], [44]
'var9', 92, 'comesFrom', ['var9'], [48]
'var5', 96, 'comesFrom', ['var5'], [23]
'append', 98, 'comesFrom', ['append'], [76, 87, 98]
'var7', 100, 'comesFrom', ['var7'], [44]
'var3', 102, 'computedFrom', ['sorted', 'var3'], [108, 110]
'var4', 104, 'computedFrom', ['sorted', 'var4'], [113, 115]
'var5', 106, 'computedFrom', ['sorted', 'var5'], [118, 120]
'sorted', 108, 'comesFrom', [], []
'var3', 110, 'comesFrom', ['var3'], [19]
'sorted', 113, 'comesFrom', ['sorted'], [108]
'var4', 115, 'comesFrom', ['var4'], [21]
'sorted', 118, 'comesFrom', ['sorted'], [108]
'var5', 120, 'comesFrom', ['var5'], [23]
'var6', 123, 'computedFrom', ['len', '1', 'range', 'var3'], [125, 127, 129, 131]
'range', 125, 'comesFrom', ['range'], [39]
'1', 127, 'comesFrom', [], []
'len', 129, 'comesFrom', ['len'], [129]
'var3', 131, 'comesFrom', ['var3'], [102, 135]
'var3', 135, 'computedFrom', ['1', 'var6', 'var3'], [140, 142, 145, 147, 149]
'var6', 137, 'computedFrom', ['1', 'var6', 'var3'], [140, 142, 145, 147, 149]
'var3', 140, 'comesFrom', ['var3'], [102, 135]
'var6', 142, 'comesFrom', ['var6'], [123]
'var3', 145, 'comesFrom', ['var3'], [102, 135]
'var6', 147, 'comesFrom', ['var6'], [123]
'1', 149, 'comesFrom', [], []
'var6', 152, 'computedFrom', ['len', '1', 'range', 'var4'], [154, 156, 158, 160]
'range', 154, 'comesFrom', ['range'], [39]
'1', 156, 'comesFrom', [], []
'len', 158, 'comesFrom', ['len'], [129]
'var4', 160, 'comesFrom', ['var4'], [104, 164]
'var4', 164, 'computedFrom', ['1', 'var6', 'var4'], [169, 171, 174, 176, 178]
'var6', 166, 'computedFrom', ['1', 'var6', 'var4'], [169, 171, 174, 176, 178]
'var4', 169, 'comesFrom', ['var4'], [104, 164]
'var6', 171, 'comesFrom', ['var6'], [152]
'var4', 174, 'comesFrom', ['var4'], [104, 164]
'var6', 176, 'comesFrom', ['var6'], [152]
'1', 178, 'comesFrom', [], []
'var6', 181, 'computedFrom', ['len', '1', 'range', 'var5'], [183, 185, 187, 189]
'range', 183, 'comesFrom', ['range'], [39]
'1', 185, 'comesFrom', [], []
'len', 187, 'comesFrom', ['len'], [129]
'var5', 189, 'comesFrom', ['var5'], [106, 193]
'var5', 193, 'computedFrom', ['1', 'var5', 'var6'], [198, 200, 203, 205, 207]
'var6', 195, 'computedFrom', ['1', 'var5', 'var6'], [198, 200, 203, 205, 207]
'var5', 198, 'comesFrom', ['var5'], [106, 193]
'var6', 200, 'comesFrom', ['var6'], [181]
'var5', 203, 'comesFrom', ['var5'], [106, 193]
'var6', 205, 'comesFrom', ['var6'], [181]
'1', 207, 'comesFrom', [], []
'var10', 209, 'computedFrom', ['None'], [211]
'None', 211, 'comesFrom', [], []
'var6', 213, 'computedFrom', ['var2', 'min', 'range', 'var3', 'len', '1'], [215, 217, 219, 221, 223, 225]
'range', 215, 'comesFrom', ['range'], [39]
'min', 217, 'comesFrom', ['min'], [217]
'var2', 219, 'comesFrom', ['var2'], [2]
'1', 221, 'comesFrom', [], []
'len', 223, 'comesFrom', ['len'], [129]
'var3', 225, 'comesFrom', ['var3'], [135]
'var11', 230, 'computedFrom', ['var2', 'var6'], [232, 234]
'var2', 232, 'comesFrom', ['var2'], [2]
'var6', 234, 'comesFrom', ['var6'], [213]
'len', 236, 'comesFrom', ['len'], [129]
'var4', 238, 'comesFrom', ['var4'], [164]
'var11', 243, 'comesFrom', ['var11'], [230]
'len', 245, 'comesFrom', ['len'], [129]
'var5', 247, 'comesFrom', ['var5'], [193]
'var11', 252, 'comesFrom', ['var11'], [230]
'var12', 257, 'computedFrom', ['var5', 'var6', 'var4', 'var11', 'var3'], [259, 261, 264, 266, 269, 271]
'var3', 259, 'comesFrom', ['var3'], [135]
'var6', 261, 'comesFrom', ['var6'], [213]
'var4', 264, 'comesFrom', ['var4'], [164]
'var11', 266, 'comesFrom', ['var11'], [230]
'var5', 269, 'comesFrom', ['var5'], [193]
'var11', 271, 'comesFrom', ['var11'], [230]
'var10', 273, 'computedFrom', ['None', 'min', 'var10', 'var12'], [275, 277, 279, 282, 284, 286]
'min', 275, 'comesFrom', ['min'], [217]
'var10', 277, 'comesFrom', ['var10'], [209, 273]
'var12', 279, 'comesFrom', ['var12'], [257]
'var10', 282, 'comesFrom', ['var10'], [209, 273]
'None', 284, 'comesFrom', [], []
'var12', 286, 'comesFrom', ['var12'], [257]
'var10', 288, 'comesFrom', ['var10'], [209, 273]
'var10', 300, 'comesFrom', ['var10'], [209, 273]","{'inputs': ['5 2\n6 0 0\n9 0 0\n1 0 1\n2 1 1\n5 1 0\n', '6 3\n7 1 1\n8 0 0\n9 1 1\n6 1 0\n10 1 1\n5 0 0\n', '6 2\n6 0 0\n11 1 0\n9 0 1\n21 1 1\n10 1 0\n8 0 1\n', '2 1\n7 1 1\n2 1 1\n', '5 1\n2 1 0\n2 0 1\n1 0 1\n1 1 0\n1 0 1\n'], 'outputs': ['8\n', '26\n', '38\n', '2\n', '2\n']}",155624,"var1, var2, var3 = map(int, input().split())
var4 = list(map(int, input().split()))
var5 = []
var6 = []
for var7 in var4:
    if var7 <= var3:
        var5.append(var7)
    else:
        var6.append(var7)
var5.sort(reverse=True)
var6.sort(reverse=True)
var8 = 0
var9 = [0]
for var7 in range(len(var5)):
    var9.append(var9[-1] + var5[var7])
var10 = var9[-1]
for var7 in range(len(var6)):
    if var7 + 1 + var7 * var2 > var1:
        break
    var8 += var6[var7]
    var11 = var1 - var7 * var2 - var7 - 1
    if var11 > len(var5):
        var11 = len(var5)
    if var11 < 0:
        var11 = 0
    var12 = var8 + var9[var11]
    var10 = max(var10, var12)
print(var10)","'var1', 0, 'computedFrom', ['map', 'int', 'input', 'split'], [6, 8, 10, 14]
'var2', 2, 'computedFrom', ['map', 'int', 'input', 'split'], [6, 8, 10, 14]
'var3', 4, 'computedFrom', ['map', 'int', 'input', 'split'], [6, 8, 10, 14]
'map', 6, 'comesFrom', [], []
'int', 8, 'comesFrom', [], []
'input', 10, 'comesFrom', [], []
'split', 14, 'comesFrom', [], []
'var4', 18, 'computedFrom', ['list', 'map', 'int', 'input', 'split'], [20, 22, 24, 26, 30]
'list', 20, 'comesFrom', [], []
'map', 22, 'comesFrom', ['map'], [6]
'int', 24, 'comesFrom', ['int'], [8]
'input', 26, 'comesFrom', ['input'], [10]
'split', 30, 'comesFrom', ['split'], [14]
'var5', 35, 'computedFrom', [], []
'var6', 39, 'computedFrom', [], []
'var7', 44, 'computedFrom', ['var4'], [46]
'var4', 46, 'comesFrom', ['var4'], [18]
'var7', 49, 'comesFrom', ['var7'], [44]
'var3', 51, 'comesFrom', ['var3'], [4]
'var5', 53, 'comesFrom', ['var5'], [35]
'append', 55, 'comesFrom', ['append'], [55, 63]
'var7', 57, 'comesFrom', ['var7'], [44]
'var6', 61, 'comesFrom', ['var6'], [39]
'append', 63, 'comesFrom', ['append'], [55, 63]
'var7', 65, 'comesFrom', ['var7'], [44]
'var5', 67, 'comesFrom', ['var5'], [35]
'sort', 69, 'comesFrom', [], []
'reverse', 71, 'comesFrom', [], []
'var6', 75, 'comesFrom', ['var6'], [39]
'sort', 77, 'comesFrom', ['sort'], [69]
'reverse', 79, 'comesFrom', ['reverse'], [71]
'var8', 83, 'computedFrom', ['0'], [85]
'0', 85, 'comesFrom', [], []
'var9', 86, 'computedFrom', ['0'], [89]
'0', 89, 'comesFrom', [], []
'var7', 92, 'computedFrom', ['len', 'range', 'var5'], [94, 96, 98]
'range', 94, 'comesFrom', ['range'], [94]
'len', 96, 'comesFrom', ['len'], [96]
'var5', 98, 'comesFrom', ['var5'], [35]
'var9', 102, 'comesFrom', ['var9'], [86]
'append', 104, 'comesFrom', ['append'], [55, 63]
'var9', 106, 'comesFrom', ['var9'], [86]
'var5', 112, 'comesFrom', ['var5'], [35]
'var7', 114, 'comesFrom', ['var7'], [92]
'var10', 117, 'computedFrom', ['var9', '1'], [119, 122]
'var9', 119, 'comesFrom', ['var9'], [86]
'1', 122, 'comesFrom', [], []
'var7', 125, 'computedFrom', ['len', 'range', 'var6'], [127, 129, 131]
'range', 127, 'comesFrom', ['range'], [94]
'len', 129, 'comesFrom', ['len'], [96]
'var6', 131, 'comesFrom', ['var6'], [39]
'var7', 136, 'comesFrom', ['var7'], [125]
'var7', 140, 'comesFrom', ['var7'], [125]
'var2', 142, 'comesFrom', ['var2'], [2]
'var1', 144, 'comesFrom', ['var1'], [0]
'var8', 147, 'computedFrom', ['var7', 'var6'], [149, 151]
'var6', 149, 'comesFrom', ['var6'], [39]
'var7', 151, 'comesFrom', ['var7'], [125]
'var11', 153, 'computedFrom', ['var7', 'var1', 'var2', '1'], [155, 157, 159, 161, 163]
'var1', 155, 'comesFrom', ['var1'], [0]
'var7', 157, 'comesFrom', ['var7'], [125]
'var2', 159, 'comesFrom', ['var2'], [2]
'var7', 161, 'comesFrom', ['var7'], [125]
'1', 163, 'comesFrom', [], []
'var11', 165, 'comesFrom', ['var11'], [153]
'len', 167, 'comesFrom', ['len'], [96]
'var5', 169, 'comesFrom', ['var5'], [35]
'var11', 172, 'computedFrom', ['len', 'var5'], [174, 176]
'len', 174, 'comesFrom', ['len'], [96]
'var5', 176, 'comesFrom', ['var5'], [35]
'var11', 179, 'comesFrom', ['var11'], [153, 172]
'var11', 183, 'computedFrom', ['0'], [185]
'0', 185, 'comesFrom', [], []
'var12', 186, 'computedFrom', ['var8', 'var9', 'var11'], [188, 190, 192]
'var8', 188, 'comesFrom', ['var8'], [147]
'var9', 190, 'comesFrom', ['var9'], [86]
'var11', 192, 'comesFrom', ['var11'], [153, 172, 183]
'var10', 194, 'computedFrom', ['max', 'var10', 'var12'], [196, 198, 200]
'max', 196, 'comesFrom', ['max'], [196]
'var10', 198, 'comesFrom', ['var10'], [117, 194]
'var12', 200, 'comesFrom', ['var12'], [186]
'var10', 204, 'comesFrom', ['var10'], [194]","{'inputs': ['10 3 10\n17 17 17 8 7 6 5 4 1 1\n', '20 2 16\n20 5 8 2 18 16 2 16 16 1 5 16 2 13 6 16 4 17 21 7\n', '5 2 11\n8 10 15 23 5\n', '79 14 68\n55 91 81 39 60 85 43 53 41 12 23 70 26 61 51 92 52 23 78 41 20 49 38 57 86 77 59 74 86 12 8 79 32 70 69 43 78 37 88 71 22 0 21 21 30 3 76 87 98 52 83 66 79 60 56 31 19 89 73 81 79 16 76 79 94 23 65 7 53 81 21 63 11 31 35 17 31 65 89\n', '5 3 3\n8 5 5 1 14\n'], 'outputs': ['64\n', '195\n', '48\n', '2038\n', '22\n']}",154907,"var1, var2 = map(int, input().split())
var3 = list(map(int, input().split()))
var4 = list(map(int, input().split()))
var5 = [0] * var1
for var6 in range(var1):
    if var6 == 0:
        var5[0] = var3[0]
    else:
        var5[var6] = var5[var6 - 1] + var3[var6]
var5.sort()
var4.sort()
var7 = set()
for var6, var8 in enumerate(var5):
    if var6 > 0 and var5[var6 - 1] == var8:
        continue
    var9 = var4[0] - var8
    if var2 > 1:
        var10 = var6 + 1
        var11 = False
        for var12, var13 in enumerate(var4[1:]):
            while var10 < len(var5):
                if var13 - var5[var10] == var9:
                    if var12 == var2 - 2:
                        var11 = True
                    var10 += 1
                    break
                else:
                    var10 += 1
        if var11 == True:
            var7.add(var9)
    else:
        var7.add(var9)
print(len(var7))","'var1', 0, 'computedFrom', ['map'], [4]
'var2', 2, 'computedFrom', ['int', 'input', 'split'], [6, 8, 12]
'map', 4, 'comesFrom', [], []
'int', 6, 'comesFrom', [], []
'input', 8, 'comesFrom', [], []
'split', 12, 'comesFrom', [], []
'var3', 16, 'computedFrom', ['list', 'map', 'int', 'input', 'split'], [18, 20, 22, 24, 28]
'list', 18, 'comesFrom', [], []
'map', 20, 'comesFrom', ['map'], [4]
'int', 22, 'comesFrom', ['int'], [6]
'input', 24, 'comesFrom', ['input'], [8]
'split', 28, 'comesFrom', ['split'], [12]
'var4', 33, 'computedFrom', ['list', 'map', 'int', 'input', 'split'], [35, 37, 39, 41, 45]
'list', 35, 'comesFrom', ['list'], [18]
'map', 37, 'comesFrom', ['map'], [4]
'int', 39, 'comesFrom', ['int'], [6]
'input', 41, 'comesFrom', ['input'], [8]
'split', 45, 'comesFrom', ['split'], [12]
'var5', 50, 'computedFrom', ['0', 'var1'], [53, 56]
'0', 53, 'comesFrom', [], []
'var1', 56, 'comesFrom', ['var1'], [0]
'var6', 58, 'computedFrom', ['var1', 'range'], [60, 62]
'range', 60, 'comesFrom', ['range'], [60]
'var1', 62, 'comesFrom', ['var1'], [0]
'var6', 66, 'comesFrom', ['var6'], [58]
'0', 68, 'comesFrom', ['0'], [72]
'var5', 70, 'computedFrom', ['var3'], [75]
'0', 72, 'computedFrom', ['0'], [77]
'var3', 75, 'comesFrom', ['var3'], [16]
'0', 77, 'comesFrom', ['0'], [72]
'var5', 81, 'computedFrom', ['1', 'var5', 'var6', 'var3'], [86, 88, 90, 93, 95]
'var6', 83, 'computedFrom', ['1', 'var5', 'var6', 'var3'], [86, 88, 90, 93, 95]
'var5', 86, 'comesFrom', ['var5'], [50, 70, 81]
'var6', 88, 'comesFrom', ['var6'], [58]
'1', 90, 'comesFrom', [], []
'var3', 93, 'comesFrom', ['var3'], [16]
'var6', 95, 'comesFrom', ['var6'], [58]
'var5', 97, 'comesFrom', ['var5'], [70, 81]
'sort', 99, 'comesFrom', [], []
'var4', 102, 'comesFrom', ['var4'], [33]
'sort', 104, 'comesFrom', ['sort'], [99]
'var7', 107, 'computedFrom', ['set'], [109]
'set', 109, 'comesFrom', [], []
'var6', 113, 'computedFrom', ['enumerate'], [117]
'var8', 115, 'computedFrom', ['var5'], [119]
'enumerate', 117, 'comesFrom', ['enumerate'], [117]
'var5', 119, 'comesFrom', ['var5'], [70, 81]
'var6', 123, 'comesFrom', ['var6'], [113]
'0', 125, 'comesFrom', ['0'], [72]
'var5', 127, 'comesFrom', ['var5'], [70, 81]
'var6', 129, 'comesFrom', ['var6'], [113]
'var8', 134, 'comesFrom', ['var8'], [115]
'var9', 137, 'computedFrom', ['var8', '0', 'var4'], [139, 141, 144]
'var4', 139, 'comesFrom', ['var4'], [33]
'0', 141, 'comesFrom', ['0'], [72]
'var8', 144, 'comesFrom', ['var8'], [115]
'var2', 146, 'comesFrom', ['var2'], [2]
'var10', 150, 'computedFrom', ['1', 'var6'], [152, 154]
'var6', 152, 'comesFrom', ['var6'], [113]
'1', 154, 'comesFrom', [], []
'var11', 155, 'computedFrom', ['False'], [157]
'False', 157, 'comesFrom', [], []
'var12', 159, 'computedFrom', ['enumerate'], [163]
'var13', 161, 'computedFrom', ['1', 'var4'], [165, 167]
'enumerate', 163, 'comesFrom', ['enumerate'], [117]
'var4', 165, 'comesFrom', ['var4'], [33]
'1', 167, 'comesFrom', [], []
'var10', 173, 'comesFrom', ['var10'], [150, 200, 206]
'len', 175, 'comesFrom', ['len'], [175]
'var5', 177, 'comesFrom', ['var5'], [70, 81]
'var13', 181, 'comesFrom', ['var13'], [161]
'var5', 183, 'comesFrom', ['var5'], [70, 81]
'var10', 185, 'comesFrom', ['var10'], [150, 200, 206]
'var9', 188, 'comesFrom', ['var9'], [137]
'var12', 191, 'comesFrom', ['var12'], [159]
'var2', 193, 'comesFrom', ['var2'], [2]
'var11', 197, 'computedFrom', ['True'], [199]
'True', 199, 'comesFrom', [], []
'var10', 200, 'computedFrom', ['1'], [202]
'1', 202, 'comesFrom', [], []
'var10', 206, 'computedFrom', ['1'], [208]
'1', 208, 'comesFrom', [], []
'var11', 210, 'comesFrom', ['var11'], [155, 197]
'var7', 214, 'comesFrom', ['var7'], [107]
'add', 216, 'comesFrom', ['add'], [216, 224]
'var9', 218, 'comesFrom', ['var9'], [137]
'var7', 222, 'comesFrom', ['var7'], [107]
'add', 224, 'comesFrom', ['add'], [216, 224]
'var9', 226, 'comesFrom', ['var9'], [137]
'len', 230, 'comesFrom', ['len'], [175]
'var7', 232, 'comesFrom', ['var7'], [107]","{'inputs': ['10 10\n-25 746 298 1602 -1453 -541 -442 1174 976 -1857\n-548062 -548253 -546800 -548943 -548402 -548794 -549236 -548700 -549446 -547086\n', '4 1\n-5 5 0 20\n10\n', '1 1\n1\n-4000000\n', '20 20\n-1012 625 39 -1747 -1626 898 -1261 180 -876 -1417 -1853 -1510 -1499 -561 -1824 442 -895 13 1857 1860\n-1269013 -1270956 -1264151 -1266004 -1268121 -1258341 -1269574 -1271851 -1258302 -1271838 -1260049 -1258966 -1271398 -1267514 -1269981 -1262038 -1261675 -1262734 -1260777 -1261858\n', '5 1\n1035 1861 1388 -622 1252\n2640169\n'], 'outputs': ['1\n', '3\n', '1\n', '1\n', '5\n']}","#### Reference Example 1:
### Python Program:
```python
from operator import itemgetter
var1, var2 = map(int, input().split())
var3 = list(map(int, input().split()))
var3.sort(reverse=True)
var4 = [0] * var1
var5 = []
for var6 in range(var2):
    var7, var8 = map(int, input().split())
    var9 = []
    var9.append(var7)
    var9.append(var8)
    var5.append(var9)
    var4[var7 - 1] += 1
    if var8 < var1:
        var4[var8] -= 1
var10 = [0] * var1
var10[0] = var4[0]
for var6 in range(1, var1):
    var10[var6] = var10[var6 - 1] + var4[var6]
var10 = list(enumerate(var10, 0))
var10.sort(key=itemgetter(1), reverse=True)
var11 = [0] * var1
for var6 in range(var1):
    var11[var10[var6][0]] = var3[var6]
var12 = 0
var13 = [0] * var1
var13[0] = var11[0]
for var6 in range(1, var1):
    var13[var6] = var13[var6 - 1] + var11[var6]
for var6 in var5:
    if var6[0] == 1:
        var12 += var13[var6[1] - 1]
    else:
        var12 += var13[var6[1] - 1] - var13[var6[0] - 2]
print(str(var12) + '\n')
```

### Input/Output Unit Test Cases:
```Input/Output Unit Test Cases
## Test Case 1:
Input: '16 13
40 32 15 16 35 36 45 23 30 42 25 8 29 21 39 23
2 9
3 11
8 9
4 14
1 6
5 10
5 14
5 11
13 13
2 8
9 16
6 10
7 8'
Output: '2838'

## Test Case 2:
Input: '34 21
23 38 16 49 44 50 48 34 33 19 18 31 11 15 20 47 44 30 39 33 45 46 1 13 27 16 31 36 17 23 38 5 30 16
8 16
14 27
8 26
1 8
5 6
23 28
4 33
13 30
12 30
11 30
9 21
1 14
15 22
4 11
5 24
8 20
17 33
6 9
3 14
25 34
10 17'
Output: '9382'

## Test Case 3:
Input: '3 3
5 3 2
1 2
2 3
1 3'
Output: '25'

## Test Case 4:
Input: '3 2
1 2 3
2 3
1 2'
Output: '9'

## Test Case 5:
Input: '22 7
44 41 40 41 37 42 46 16 50 47 30 7 32 6 20 14 47 25 11 1 35 12
1 10
10 20
4 5
1 8
2 12
8 8
2 16'
Output: '2202'

```

#### Reference Example 2:
### Python Program:
```python
var1, var2 = list(map(int, input().split()))
var3, var4, var5 = [0], [0], [0]
for var6 in range(var1):
    var7, var8, var9 = list(map(int, input().split()))
    if var8 == 1 and var9 == 1:
        var3.append(var7)
    elif var8 == 1:
        var4.append(var7)
    elif var9 == 1:
        var5.append(var7)
var3, var4, var5 = sorted(var3), sorted(var4), sorted(var5)
for var6 in range(1, len(var3)):
    var3[var6] = var3[var6] + var3[var6 - 1]
for var6 in range(1, len(var4)):
    var4[var6] = var4[var6] + var4[var6 - 1]
for var6 in range(1, len(var5)):
    var5[var6] = var5[var6] + var5[var6 - 1]
var10 = None
for var6 in range(min(var2 + 1, len(var3))):
    var11 = var2 - var6
    if len(var4) - 1 < var11 or len(var5) - 1 < var11:
        pass
    else:
        var12 = var3[var6] + var4[var11] + var5[var11]
        var10 = min(var10, var12) if var10 != None else var12
if var10 == None:
    print('-1')
else:
    print(var10)
```

### Input/Output Unit Test Cases:
```Input/Output Unit Test Cases
## Test Case 1:
Input: '5 2
6 0 0
9 0 0
1 0 1
2 1 1
5 1 0'
Output: '8'

## Test Case 2:
Input: '6 3
7 1 1
8 0 0
9 1 1
6 1 0
10 1 1
5 0 0'
Output: '26'

## Test Case 3:
Input: '6 2
6 0 0
11 1 0
9 0 1
21 1 1
10 1 0
8 0 1'
Output: '38'

## Test Case 4:
Input: '2 1
7 1 1
2 1 1'
Output: '2'

## Test Case 5:
Input: '5 1
2 1 0
2 0 1
1 0 1
1 1 0
1 0 1'
Output: '2'

```

#### Reference Example 3:
### Python Program:
```python
var1, var2, var3 = map(int, input().split())
var4 = list(map(int, input().split()))
var5 = []
var6 = []
for var7 in var4:
    if var7 <= var3:
        var5.append(var7)
    else:
        var6.append(var7)
var5.sort(reverse=True)
var6.sort(reverse=True)
var8 = 0
var9 = [0]
for var7 in range(len(var5)):
    var9.append(var9[-1] + var5[var7])
var10 = var9[-1]
for var7 in range(len(var6)):
    if var7 + 1 + var7 * var2 > var1:
        break
    var8 += var6[var7]
    var11 = var1 - var7 * var2 - var7 - 1
    if var11 > len(var5):
        var11 = len(var5)
    if var11 < 0:
        var11 = 0
    var12 = var8 + var9[var11]
    var10 = max(var10, var12)
print(var10)
```

### Input/Output Unit Test Cases:
```Input/Output Unit Test Cases
## Test Case 1:
Input: '10 3 10
17 17 17 8 7 6 5 4 1 1'
Output: '64'

## Test Case 2:
Input: '20 2 16
20 5 8 2 18 16 2 16 16 1 5 16 2 13 6 16 4 17 21 7'
Output: '195'

## Test Case 3:
Input: '5 2 11
8 10 15 23 5'
Output: '48'

## Test Case 4:
Input: '79 14 68
55 91 81 39 60 85 43 53 41 12 23 70 26 61 51 92 52 23 78 41 20 49 38 57 86 77 59 74 86 12 8 79 32 70 69 43 78 37 88 71 22 0 21 21 30 3 76 87 98 52 83 66 79 60 56 31 19 89 73 81 79 16 76 79 94 23 65 7 53 81 21 63 11 31 35 17 31 65 89'
Output: '2038'

## Test Case 5:
Input: '5 3 3
8 5 5 1 14'
Output: '22'

```

#### Reference Example 4:
### Python Program:
```python
var1, var2 = map(int, input().split())
var3 = list(map(int, input().split()))
var4 = list(map(int, input().split()))
var5 = [0] * var1
for var6 in range(var1):
    if var6 == 0:
        var5[0] = var3[0]
    else:
        var5[var6] = var5[var6 - 1] + var3[var6]
var5.sort()
var4.sort()
var7 = set()
for var6, var8 in enumerate(var5):
    if var6 > 0 and var5[var6 - 1] == var8:
        continue
    var9 = var4[0] - var8
    if var2 > 1:
        var10 = var6 + 1
        var11 = False
        for var12, var13 in enumerate(var4[1:]):
            while var10 < len(var5):
                if var13 - var5[var10] == var9:
                    if var12 == var2 - 2:
                        var11 = True
                    var10 += 1
                    break
                else:
                    var10 += 1
        if var11 == True:
            var7.add(var9)
    else:
        var7.add(var9)
print(len(var7))
```

### Input/Output Unit Test Cases:
```Input/Output Unit Test Cases
## Test Case 1:
Input: '10 10
-25 746 298 1602 -1453 -541 -442 1174 976 -1857
-548062 -548253 -546800 -548943 -548402 -548794 -549236 -548700 -549446 -547086'
Output: '1'

## Test Case 2:
Input: '4 1
-5 5 0 20
10'
Output: '3'

## Test Case 3:
Input: '1 1
1
-4000000'
Output: '1'

## Test Case 4:
Input: '20 20
-1012 625 39 -1747 -1626 898 -1261 180 -876 -1417 -1853 -1510 -1499 -561 -1824 442 -895 13 1857 1860
-1269013 -1270956 -1264151 -1266004 -1268121 -1258341 -1269574 -1271851 -1258302 -1271838 -1260049 -1258966 -1271398 -1267514 -1269981 -1262038 -1261675 -1262734 -1260777 -1261858'
Output: '1'

## Test Case 5:
Input: '5 1
1035 1861 1388 -622 1252
2640169'
Output: '5'

```

"
u597374218,p03035,python,s085289040,s328762084,19,17,2940,2940,Accepted,Accepted,10.53,"a,b=list(map(int,input().split()))

print((b if 13<=a else b//2 if 6<=a else 0))","a,b=list(map(int,input().split()))

print((b if 12<a else b//2 if 5<a else 0))",2,2,72,70,"a, b = list(map(int, input().split()))
print((b if 13 <= a else b // 2 if 6 <= a else 0))
","a, b = list(map(int, input().split()))
print((b if 12 < a else b // 2 if 5 < a else 0))
",False,0.0,"['-print((b if 13 <= a else b // 2 if 6 <= a else 0))', '+print((b if 12 < a else b // 2 if 5 < a else 0))']",False,0.146710869,0.005995836,24.46879371,"['s085289040', 's328762084']","{'inputs': ['30 100\n', '12 100\n', '0 100\n'], 'outputs': ['100\n', '50\n', '0\n']}","{'inputs': ['17 100\n', '-1 110\n', '-3 001\n', '16 110\n', '5 000\n', '-1 100\n', '-2 100\n', '0 011\n', '3 111\n', '15 100\n', '-8 100\n', '3 101\n', '4 111\n', '2 101\n', '-16 000\n', '-2 000\n', '1 010\n', '3 001\n', '-4 000\n', '1 011\n', '2 100\n', '-1 001\n', '2 000\n', '-3 110\n', '17 101\n', '3 100\n', '25 101\n', '-6 100\n', '4 001\n', '9 111\n', '-3 100\n', '9 100\n', '-1 011\n', '0 101\n', '3 010\n', '59 011\n', '1 100\n', '2 111\n', '1 001\n', '9 010\n', '26 101\n', '0 010\n', '2 110\n', '3 110\n', '9 110\n', '6 111\n', '-1 101\n', '0 110\n', '3 000\n', '-1 000\n', '1 111\n', '-12 100\n', '4 101\n', '-10 100\n', '12 110\n', '0 000\n', '-1 010\n', '-2 011\n', '2 010\n', '5 111\n', '-4 010\n', '-3 011\n', '-2 010\n', '7 110\n', '-2 110\n', '89 001\n', '1 110\n', '0 111\n', '3 011\n', '38 111\n', '6 101\n', '-4 001\n', '4 011\n', '-2 001\n', '-4 011\n', '25 111\n', '10 110\n', '30 010\n', '17 110\n', '20 110\n', '11 111\n', '27 110\n', '0 001\n', '-3 010\n', '-4 100\n', '6 110\n', '-2 101\n', '-8 101\n', '4 110\n', '-16 100\n', '2 001\n', '-4 101\n', '-10 000\n', '1 101\n', '5 001\n', '1 000\n', '-6 000\n', '2 011\n', '10 001\n', '-1 111\n'], 'outputs': ['100\n', '0\n', '0\n', '110\n', '0\n', '0\n', '0\n', '0\n', '0\n', '100\n', '0\n', '0\n', '0\n', '0\n', '0\n', '0\n', '0\n', '0\n', '0\n', '0\n', '0\n', '0\n', '0\n', '0\n', '101\n', '0\n', '101\n', '0\n', '0\n', '55\n', '0\n', '50\n', '0\n', '0\n', '0\n', '11\n', '0\n', '0\n', '0\n', '5\n', '101\n', '0\n', '0\n', '0\n', '55\n', '55\n', '0\n', '0\n', '0\n', '0\n', '0\n', '0\n', '0\n', '0\n', '55\n', '0\n', '0\n', '0\n', '0\n', '0\n', '0\n', '0\n', '0\n', '55\n', '0\n', '1\n', '0\n', '0\n', '0\n', '111\n', '50\n', '0\n', '0\n', '0\n', '0\n', '111\n', '55\n', '10\n', '110\n', '110\n', '55\n', '110\n', '0\n', '0\n', '0\n', '55\n', '0\n', '0\n', '0\n', '0\n', '0\n', '0\n', '0\n', '0\n', '0\n', '0\n', '0\n', '0\n', '0\n', '0\n']}",1,6.28,1,6.52,1.0,6.24,1.0,6.05,"a, b = list(map(int, input().split()))
print(b if 13 <= a else b // 2 if 6 <= a else 0)","var1, var2 = list(map(int, input().split()))
print(var2 if 13 <= var1 else var2 // 2 if 6 <= var1 else 0)","a, b = list(map(int, input().split()))
print(b if 12 < a else b // 2 if 5 < a else 0)","'a', 0, 'computedFrom', ['list'], [4]
'b', 2, 'computedFrom', ['map', 'int', 'input', 'split'], [6, 8, 10, 14]
'list', 4, 'comesFrom', [], []
'map', 6, 'comesFrom', [], []
'int', 8, 'comesFrom', [], []
'input', 10, 'comesFrom', [], []
'split', 14, 'comesFrom', [], []
'b', 21, 'comesFrom', ['b'], [2]
'a', 25, 'comesFrom', ['a'], [0]
'b', 27, 'comesFrom', ['b'], [2]
'a', 33, 'comesFrom', ['a'], [0]","'var1', 0, 'computedFrom', ['list'], [4]
'var2', 2, 'computedFrom', ['map', 'int', 'input', 'split'], [6, 8, 10, 14]
'list', 4, 'comesFrom', [], []
'map', 6, 'comesFrom', [], []
'int', 8, 'comesFrom', [], []
'input', 10, 'comesFrom', [], []
'split', 14, 'comesFrom', [], []
'var2', 21, 'comesFrom', ['var2'], [2]
'var1', 25, 'comesFrom', ['var1'], [0]
'var2', 27, 'comesFrom', ['var2'], [2]
'var1', 33, 'comesFrom', ['var1'], [0]",154669,"var1, var2, var3, var4 = list(map(int, input().split()))
var5 = list(map(int, input().split()))
var6 = set(var5)
if var1 == 0:
    if 0 in var6:
        print(0)
    else:
        print('inf')
elif var2 == 0:
    if abs(var1) <= var3:
        if 0 in var6:
            if var1 in var6:
                print(0)
            else:
                print(1)
        else:
            print('inf')
    else:
        print(0)
elif var2 == 1:
    if abs(var1) <= var3 and not var1 in var6:
        print('inf')
    else:
        print(0)
elif var2 == -1:
    if abs(var1) <= var3:
        if not (var1 in var6 and -var1 in var6):
            print('inf')
        else:
            print(0)
    else:
        print(0)
else:
    var7 = 0
    while abs(var1) <= var3:
        if not var1 in var6:
            var7 += 1
        var1 *= var2
    print(var7)","'var1', 0, 'computedFrom', ['list', 'map', 'int', 'input', 'split'], [8, 10, 12, 14, 18]
'var2', 2, 'computedFrom', ['list', 'map', 'int', 'input', 'split'], [8, 10, 12, 14, 18]
'var3', 4, 'computedFrom', ['list', 'map', 'int', 'input', 'split'], [8, 10, 12, 14, 18]
'var4', 6, 'computedFrom', ['list', 'map', 'int', 'input', 'split'], [8, 10, 12, 14, 18]
'list', 8, 'comesFrom', [], []
'map', 10, 'comesFrom', [], []
'int', 12, 'comesFrom', [], []
'input', 14, 'comesFrom', [], []
'split', 18, 'comesFrom', [], []
'var5', 23, 'computedFrom', ['list', 'map', 'int', 'input', 'split'], [25, 27, 29, 31, 35]
'list', 25, 'comesFrom', ['list'], [8]
'map', 27, 'comesFrom', ['map'], [10]
'int', 29, 'comesFrom', ['int'], [12]
'input', 31, 'comesFrom', ['input'], [14]
'split', 35, 'comesFrom', ['split'], [18]
'var6', 40, 'computedFrom', ['set', 'var5'], [42, 44]
'set', 42, 'comesFrom', [], []
'var5', 44, 'comesFrom', ['var5'], [23]
'var1', 47, 'comesFrom', ['var1'], [0]
'var6', 54, 'comesFrom', ['var6'], [40]
'var2', 67, 'comesFrom', ['var2'], [2]
'var1', 74, 'comesFrom', ['var1'], [0]
'var3', 77, 'comesFrom', ['var3'], [4]
'var6', 82, 'comesFrom', ['var6'], [40]
'var1', 85, 'comesFrom', ['var1'], [0]
'var6', 87, 'comesFrom', ['var6'], [40]
'var2', 112, 'comesFrom', ['var2'], [2]
'var1', 119, 'comesFrom', ['var1'], [0]
'var3', 122, 'comesFrom', ['var3'], [4]
'var1', 125, 'comesFrom', ['var1'], [0]
'var6', 127, 'comesFrom', ['var6'], [40]
'var2', 140, 'comesFrom', ['var2'], [2]
'var1', 148, 'comesFrom', ['var1'], [0]
'var3', 151, 'comesFrom', ['var3'], [4]
'var1', 156, 'comesFrom', ['var1'], [0]
'var6', 158, 'comesFrom', ['var6'], [40]
'var1', 161, 'comesFrom', ['var1'], [0]
'var6', 163, 'comesFrom', ['var6'], [40]
'var7', 184, 'computedFrom', ['0'], [186]
'0', 186, 'comesFrom', [], []
'abs', 188, 'comesFrom', ['abs'], [188]
'var1', 190, 'comesFrom', ['var1'], [0, 204]
'var3', 193, 'comesFrom', ['var3'], [4]
'var1', 197, 'comesFrom', ['var1'], [0, 204]
'var6', 199, 'comesFrom', ['var6'], [40]
'var7', 201, 'computedFrom', ['1'], [203]
'1', 203, 'comesFrom', [], []
'var1', 204, 'computedFrom', ['var2'], [206]
'var2', 206, 'comesFrom', ['var2'], [2]
'var7', 209, 'comesFrom', ['var7'], [184, 201]","{'inputs': ['3 0 3 1\n4\n', '10 10 10 1\n123\n', '5 -1 100 1\n5\n', '3 0 1 1\n3\n', '123 -1 2143435 5\n-123 0 12 5 -11245\n'], 'outputs': ['inf\n', '1\n', 'inf\n', '0\n', 'inf\n']}",154657,"var1, var2, var3, var4 = map(int, input().split())
var5 = set(list(map(int, input().split())))
if var1 == 0:
    if 0 in var5:
        print(0)
    else:
        print('inf')
elif var2 == 0:
    if 0 in var5:
        if abs(var1) <= var3 and var1 not in var5:
            print(1)
        else:
            print(0)
    elif abs(var1) <= var3:
        print('inf')
    else:
        print(0)
elif var2 == 1:
    if abs(var1) > var3 or var1 in var5:
        print(0)
    else:
        print('inf')
elif var2 == -1:
    if abs(var1) <= var3 and (var1 not in var5 or -var1 not in var5):
        print('inf')
    else:
        print(0)
else:
    var6 = 0
    while abs(var1) <= var3:
        if var1 not in var5:
            var6 += 1
        var1 *= var2
    print(var6)","'var1', 0, 'computedFrom', ['map', 'int', 'input', 'split'], [8, 10, 12, 16]
'var2', 2, 'computedFrom', ['map', 'int', 'input', 'split'], [8, 10, 12, 16]
'var3', 4, 'computedFrom', ['map', 'int', 'input', 'split'], [8, 10, 12, 16]
'var4', 6, 'computedFrom', ['map', 'int', 'input', 'split'], [8, 10, 12, 16]
'map', 8, 'comesFrom', [], []
'int', 10, 'comesFrom', [], []
'input', 12, 'comesFrom', [], []
'split', 16, 'comesFrom', [], []
'var5', 20, 'computedFrom', ['set', 'list', 'map', 'int', 'input', 'split'], [22, 24, 26, 28, 30, 34]
'set', 22, 'comesFrom', [], []
'list', 24, 'comesFrom', [], []
'map', 26, 'comesFrom', ['map'], [8]
'int', 28, 'comesFrom', ['int'], [10]
'input', 30, 'comesFrom', ['input'], [12]
'split', 34, 'comesFrom', ['split'], [16]
'var1', 41, 'comesFrom', ['var1'], [0]
'var5', 48, 'comesFrom', ['var5'], [20]
'var2', 61, 'comesFrom', ['var2'], [2]
'var5', 68, 'comesFrom', ['var5'], [20]
'var1', 73, 'comesFrom', ['var1'], [0]
'var3', 76, 'comesFrom', ['var3'], [4]
'var1', 78, 'comesFrom', ['var1'], [0]
'var5', 81, 'comesFrom', ['var5'], [20]
'var1', 96, 'comesFrom', ['var1'], [0]
'var3', 99, 'comesFrom', ['var3'], [4]
'var2', 112, 'comesFrom', ['var2'], [2]
'var1', 119, 'comesFrom', ['var1'], [0]
'var3', 122, 'comesFrom', ['var3'], [4]
'var1', 124, 'comesFrom', ['var1'], [0]
'var5', 126, 'comesFrom', ['var5'], [20]
'var2', 139, 'comesFrom', ['var2'], [2]
'var1', 147, 'comesFrom', ['var1'], [0]
'var3', 150, 'comesFrom', ['var3'], [4]
'var1', 153, 'comesFrom', ['var1'], [0]
'var5', 156, 'comesFrom', ['var5'], [20]
'var1', 159, 'comesFrom', ['var1'], [0]
'var5', 162, 'comesFrom', ['var5'], [20]
'var6', 177, 'computedFrom', ['0'], [179]
'0', 179, 'comesFrom', [], []
'abs', 181, 'comesFrom', ['abs'], [181]
'var1', 183, 'comesFrom', ['var1'], [0, 197]
'var3', 186, 'comesFrom', ['var3'], [4]
'var1', 189, 'comesFrom', ['var1'], [0, 197]
'var5', 192, 'comesFrom', ['var5'], [20]
'var6', 194, 'computedFrom', ['1'], [196]
'1', 196, 'comesFrom', [], []
'var1', 197, 'computedFrom', ['var2'], [199]
'var2', 199, 'comesFrom', ['var2'], [2]
'var6', 202, 'comesFrom', ['var6'], [177, 194]","{'inputs': ['3 0 3 1\n4\n', '10 10 10 1\n123\n', '5 -1 100 1\n5\n', '3 0 1 1\n3\n', '123 -1 2143435 5\n-123 0 12 5 -11245\n'], 'outputs': ['inf\n', '1\n', 'inf\n', '0\n', 'inf\n']}",154655,"var1, var2, var3, var4 = list(map(int, input().split()))
var5 = set(map(int, input().split()))
if var1 == 0 and 0 not in var5:
    print('inf')
elif var2 == 0 and abs(var1) <= var3 and 0 not in var5:
    print('inf')
elif var2 == 1 and abs(var1) <= var3 and var1 not in var5:
    print('inf')
elif var2 == -1 and abs(var1) <= var3:
    if var1 in var5 and -var1 in var5:
        print(0)
    else:
        print('inf')
else:
    var6 = 0
    while abs(var1) <= var3:
        if var1 not in var5:
            var6 += 1
        if var1 * var2 == var1:
            break
        var1 *= var2
    print(var6)","'var1', 0, 'computedFrom', ['list', 'map', 'int', 'input', 'split'], [8, 10, 12, 14, 18]
'var2', 2, 'computedFrom', ['list', 'map', 'int', 'input', 'split'], [8, 10, 12, 14, 18]
'var3', 4, 'computedFrom', ['list', 'map', 'int', 'input', 'split'], [8, 10, 12, 14, 18]
'var4', 6, 'computedFrom', ['list', 'map', 'int', 'input', 'split'], [8, 10, 12, 14, 18]
'list', 8, 'comesFrom', [], []
'map', 10, 'comesFrom', [], []
'int', 12, 'comesFrom', [], []
'input', 14, 'comesFrom', [], []
'split', 18, 'comesFrom', [], []
'var5', 23, 'computedFrom', ['set', 'map', 'int', 'input', 'split'], [25, 27, 29, 31, 35]
'set', 25, 'comesFrom', [], []
'map', 27, 'comesFrom', ['map'], [10]
'int', 29, 'comesFrom', ['int'], [12]
'input', 31, 'comesFrom', ['input'], [14]
'split', 35, 'comesFrom', ['split'], [18]
'var1', 41, 'comesFrom', ['var1'], [0]
'var5', 48, 'comesFrom', ['var5'], [23]
'var2', 55, 'comesFrom', ['var2'], [2]
'var1', 61, 'comesFrom', ['var1'], [0]
'var3', 64, 'comesFrom', ['var3'], [4]
'var5', 69, 'comesFrom', ['var5'], [23]
'var2', 76, 'comesFrom', ['var2'], [2]
'var1', 82, 'comesFrom', ['var1'], [0]
'var3', 85, 'comesFrom', ['var3'], [4]
'var1', 87, 'comesFrom', ['var1'], [0]
'var5', 90, 'comesFrom', ['var5'], [23]
'var2', 97, 'comesFrom', ['var2'], [2]
'var1', 104, 'comesFrom', ['var1'], [0]
'var3', 107, 'comesFrom', ['var3'], [4]
'var1', 110, 'comesFrom', ['var1'], [0]
'var5', 112, 'comesFrom', ['var5'], [23]
'var1', 115, 'comesFrom', ['var1'], [0]
'var5', 117, 'comesFrom', ['var5'], [23]
'var6', 131, 'computedFrom', ['0'], [133]
'0', 133, 'comesFrom', [], []
'abs', 135, 'comesFrom', ['abs'], [135]
'var1', 137, 'comesFrom', ['var1'], [0, 159]
'var3', 140, 'comesFrom', ['var3'], [4]
'var1', 143, 'comesFrom', ['var1'], [0, 159]
'var5', 146, 'comesFrom', ['var5'], [23]
'var6', 148, 'computedFrom', ['1'], [150]
'1', 150, 'comesFrom', [], []
'var1', 152, 'comesFrom', ['var1'], [0, 159]
'var2', 154, 'comesFrom', ['var2'], [2]
'var1', 156, 'comesFrom', ['var1'], [0, 159]
'var1', 159, 'computedFrom', ['var2'], [161]
'var2', 161, 'comesFrom', ['var2'], [2]
'var6', 164, 'comesFrom', ['var6'], [131, 148]","{'inputs': ['3 0 3 1\n4\n', '10 10 10 1\n123\n', '5 -1 100 1\n5\n', '3 0 1 1\n3\n', '123 -1 2143435 5\n-123 0 12 5 -11245\n'], 'outputs': ['inf\n', '1\n', 'inf\n', '0\n', 'inf\n']}",154671,"var1, var2, var3, var4 = map(int, input().split())
var5 = list(map(int, input().split()))
var6 = set(var5)
if abs(var1) > var3:
    print('0')
elif var1 == 0:
    if var1 in var6:
        print('0')
    else:
        print('inf')
elif var2 == 0:
    var7 = None
    if 0 not in var6:
        var7 = 'inf'
    elif var1 in var6:
        var7 = 0
    else:
        var7 = 1
    print(var7)
elif var2 == 1:
    if var1 not in var6:
        print('inf')
    else:
        print(0)
elif var2 == -1:
    if var1 not in var6 or -var1 not in var6:
        print('inf')
    else:
        print(0)
else:
    var7 = 0
    while abs(var1) <= var3:
        if var1 not in var6 and abs(var1) <= var3:
            var7 += 1
        var1 = var1 * var2
    print(var7)","'var1', 0, 'computedFrom', ['map', 'int', 'input', 'split'], [8, 10, 12, 16]
'var2', 2, 'computedFrom', ['map', 'int', 'input', 'split'], [8, 10, 12, 16]
'var3', 4, 'computedFrom', ['map', 'int', 'input', 'split'], [8, 10, 12, 16]
'var4', 6, 'computedFrom', ['map', 'int', 'input', 'split'], [8, 10, 12, 16]
'map', 8, 'comesFrom', [], []
'int', 10, 'comesFrom', [], []
'input', 12, 'comesFrom', [], []
'split', 16, 'comesFrom', [], []
'var5', 20, 'computedFrom', ['list', 'map', 'int', 'input', 'split'], [22, 24, 26, 28, 32]
'list', 22, 'comesFrom', [], []
'map', 24, 'comesFrom', ['map'], [8]
'int', 26, 'comesFrom', ['int'], [10]
'input', 28, 'comesFrom', ['input'], [12]
'split', 32, 'comesFrom', ['split'], [16]
'var6', 37, 'computedFrom', ['set', 'var5'], [39, 41]
'set', 39, 'comesFrom', [], []
'var5', 41, 'comesFrom', ['var5'], [20]
'var1', 46, 'comesFrom', ['var1'], [0]
'var3', 49, 'comesFrom', ['var3'], [4]
'var1', 56, 'comesFrom', ['var1'], [0]
'var1', 61, 'comesFrom', ['var1'], [0]
'var6', 63, 'comesFrom', ['var6'], [37]
'var2', 76, 'comesFrom', ['var2'], [2]
'var7', 80, 'computedFrom', ['None'], [82]
'None', 82, 'comesFrom', [], []
'var6', 87, 'comesFrom', ['var6'], [37]
'var7', 89, 'computedFrom', [""'inf'""], [91]
""'inf'"", 91, 'comesFrom', [], []
'var1', 93, 'comesFrom', ['var1'], [0]
'var6', 95, 'comesFrom', ['var6'], [37]
'var7', 97, 'computedFrom', ['0'], [99]
'0', 99, 'comesFrom', [], []
'var7', 102, 'computedFrom', ['1'], [104]
'1', 104, 'comesFrom', [], []
'var7', 107, 'comesFrom', ['var7'], [89, 97, 102]
'var2', 110, 'comesFrom', ['var2'], [2]
'var1', 115, 'comesFrom', ['var1'], [0]
'var6', 118, 'comesFrom', ['var6'], [37]
'var2', 131, 'comesFrom', ['var2'], [2]
'var1', 137, 'comesFrom', ['var1'], [0]
'var6', 140, 'comesFrom', ['var6'], [37]
'var1', 143, 'comesFrom', ['var1'], [0]
'var6', 146, 'comesFrom', ['var6'], [37]
'var7', 160, 'computedFrom', ['0'], [162]
'0', 162, 'comesFrom', [], []
'abs', 164, 'comesFrom', ['abs'], [164]
'var1', 166, 'comesFrom', ['var1'], [0, 187]
'var3', 169, 'comesFrom', ['var3'], [4]
'var1', 172, 'comesFrom', ['var1'], [0, 187]
'var6', 175, 'comesFrom', ['var6'], [37]
'abs', 177, 'comesFrom', ['abs'], [164]
'var1', 179, 'comesFrom', ['var1'], [0, 187]
'var3', 182, 'comesFrom', ['var3'], [4]
'var7', 184, 'computedFrom', ['1'], [186]
'1', 186, 'comesFrom', [], []
'var1', 187, 'computedFrom', ['var1', 'var2'], [189, 191]
'var1', 189, 'comesFrom', ['var1'], [0, 187]
'var2', 191, 'comesFrom', ['var2'], [2]
'var7', 194, 'comesFrom', ['var7'], [160, 184]","{'inputs': ['3 0 3 1\n4\n', '10 10 10 1\n123\n', '5 -1 100 1\n5\n', '3 0 1 1\n3\n', '123 -1 2143435 5\n-123 0 12 5 -11245\n'], 'outputs': ['inf\n', '1\n', 'inf\n', '0\n', 'inf\n']}","#### Reference Example 1:
### Python Program:
```python
var1, var2, var3, var4 = list(map(int, input().split()))
var5 = list(map(int, input().split()))
var6 = set(var5)
if var1 == 0:
    if 0 in var6:
        print(0)
    else:
        print('inf')
elif var2 == 0:
    if abs(var1) <= var3:
        if 0 in var6:
            if var1 in var6:
                print(0)
            else:
                print(1)
        else:
            print('inf')
    else:
        print(0)
elif var2 == 1:
    if abs(var1) <= var3 and not var1 in var6:
        print('inf')
    else:
        print(0)
elif var2 == -1:
    if abs(var1) <= var3:
        if not (var1 in var6 and -var1 in var6):
            print('inf')
        else:
            print(0)
    else:
        print(0)
else:
    var7 = 0
    while abs(var1) <= var3:
        if not var1 in var6:
            var7 += 1
        var1 *= var2
    print(var7)
```

### Input/Output Unit Test Cases:
```Input/Output Unit Test Cases
## Test Case 1:
Input: '3 0 3 1
4'
Output: 'inf'

## Test Case 2:
Input: '10 10 10 1
123'
Output: '1'

## Test Case 3:
Input: '5 -1 100 1
5'
Output: 'inf'

## Test Case 4:
Input: '3 0 1 1
3'
Output: '0'

## Test Case 5:
Input: '123 -1 2143435 5
-123 0 12 5 -11245'
Output: 'inf'

```

#### Reference Example 2:
### Python Program:
```python
var1, var2, var3, var4 = map(int, input().split())
var5 = set(list(map(int, input().split())))
if var1 == 0:
    if 0 in var5:
        print(0)
    else:
        print('inf')
elif var2 == 0:
    if 0 in var5:
        if abs(var1) <= var3 and var1 not in var5:
            print(1)
        else:
            print(0)
    elif abs(var1) <= var3:
        print('inf')
    else:
        print(0)
elif var2 == 1:
    if abs(var1) > var3 or var1 in var5:
        print(0)
    else:
        print('inf')
elif var2 == -1:
    if abs(var1) <= var3 and (var1 not in var5 or -var1 not in var5):
        print('inf')
    else:
        print(0)
else:
    var6 = 0
    while abs(var1) <= var3:
        if var1 not in var5:
            var6 += 1
        var1 *= var2
    print(var6)
```

### Input/Output Unit Test Cases:
```Input/Output Unit Test Cases
## Test Case 1:
Input: '3 0 3 1
4'
Output: 'inf'

## Test Case 2:
Input: '10 10 10 1
123'
Output: '1'

## Test Case 3:
Input: '5 -1 100 1
5'
Output: 'inf'

## Test Case 4:
Input: '3 0 1 1
3'
Output: '0'

## Test Case 5:
Input: '123 -1 2143435 5
-123 0 12 5 -11245'
Output: 'inf'

```

#### Reference Example 3:
### Python Program:
```python
var1, var2, var3, var4 = list(map(int, input().split()))
var5 = set(map(int, input().split()))
if var1 == 0 and 0 not in var5:
    print('inf')
elif var2 == 0 and abs(var1) <= var3 and 0 not in var5:
    print('inf')
elif var2 == 1 and abs(var1) <= var3 and var1 not in var5:
    print('inf')
elif var2 == -1 and abs(var1) <= var3:
    if var1 in var5 and -var1 in var5:
        print(0)
    else:
        print('inf')
else:
    var6 = 0
    while abs(var1) <= var3:
        if var1 not in var5:
            var6 += 1
        if var1 * var2 == var1:
            break
        var1 *= var2
    print(var6)
```

### Input/Output Unit Test Cases:
```Input/Output Unit Test Cases
## Test Case 1:
Input: '3 0 3 1
4'
Output: 'inf'

## Test Case 2:
Input: '10 10 10 1
123'
Output: '1'

## Test Case 3:
Input: '5 -1 100 1
5'
Output: 'inf'

## Test Case 4:
Input: '3 0 1 1
3'
Output: '0'

## Test Case 5:
Input: '123 -1 2143435 5
-123 0 12 5 -11245'
Output: 'inf'

```

#### Reference Example 4:
### Python Program:
```python
var1, var2, var3, var4 = map(int, input().split())
var5 = list(map(int, input().split()))
var6 = set(var5)
if abs(var1) > var3:
    print('0')
elif var1 == 0:
    if var1 in var6:
        print('0')
    else:
        print('inf')
elif var2 == 0:
    var7 = None
    if 0 not in var6:
        var7 = 'inf'
    elif var1 in var6:
        var7 = 0
    else:
        var7 = 1
    print(var7)
elif var2 == 1:
    if var1 not in var6:
        print('inf')
    else:
        print(0)
elif var2 == -1:
    if var1 not in var6 or -var1 not in var6:
        print('inf')
    else:
        print(0)
else:
    var7 = 0
    while abs(var1) <= var3:
        if var1 not in var6 and abs(var1) <= var3:
            var7 += 1
        var1 = var1 * var2
    print(var7)
```

### Input/Output Unit Test Cases:
```Input/Output Unit Test Cases
## Test Case 1:
Input: '3 0 3 1
4'
Output: 'inf'

## Test Case 2:
Input: '10 10 10 1
123'
Output: '1'

## Test Case 3:
Input: '5 -1 100 1
5'
Output: 'inf'

## Test Case 4:
Input: '3 0 1 1
3'
Output: '0'

## Test Case 5:
Input: '123 -1 2143435 5
-123 0 12 5 -11245'
Output: 'inf'

```

"
